sample,kind,core_low,zlead_low,soft_0p5_high,n_0p01_high,core_low_sd,zlead_low_sd,soft_0p5_high_sd,n_0p01_high_sd,cut_core,cut_zlead,cut_soft_0p5,cut_n_0p01
CondFM hard OT,single output (20k),0.0494,0.049,0.05165,0.03075,,,,,0.027312247082591057,0.15680885314941406,4.328581809997559,39.0
CondFM soft OT,single output (20k),0.0478,0.0492,0.05535,0.03065,,,,,0.027312247082591057,0.15680885314941406,4.328581809997559,39.0
CycleGAN 2 h,single output (20k),0.07245,0.0165,0.01525,0.0132,,,,,0.027312247082591057,0.15680885314941406,4.328581809997559,39.0
JEWEL ref,single output (20k),0.05035,0.04915,0.0486,0.0346,,,,,0.027312247082591057,0.15680885314941406,4.328581809997559,39.0
JEWEL test,single output (20k),0.05,0.05,0.05,0.0336,,,,,0.027312247082591057,0.15680885314941406,4.328581809997559,39.0
OT-FM,single output (20k),0.0465,0.05175,0.04955,0.03275,,,,,0.027312247082591057,0.15680885314941406,4.328581809997559,39.0
alpha-DSBM,single output (20k),0.0333,0.0582,0.0715,0.04425,,,,,0.027312247082591057,0.15680885314941406,4.328581809997559,39.0
identity,single output (20k),0.0289,0.0815,0.08175,0.08805,,,,,0.027312247082591057,0.15680885314941406,4.328581809997559,39.0
random JEWEL,single output (20k),0.04905,0.04965,0.0458,0.03455,,,,,0.027312247082591057,0.15680885314941406,4.328581809997559,39.0
CondFM hard OT,8 samples x 1000 inputs,0.050875,0.046625,0.0535,0.031375,0.003861077357341471,0.0025979468305519656,0.002727899546812529,0.0022063983661161466,0.027312247082591057,0.15680885314941406,4.328581809997559,39.0
CondFM soft OT,8 samples x 1000 inputs,0.050625,0.04725,0.055375,0.03225,0.0038138599521187187,0.002505712146152267,0.002735858454740486,0.0022180280515584107,0.027312247082591057,0.15680885314941406,4.328581809997559,39.0
alpha-DSBM,8 samples x 1000 inputs,0.033,0.05525,0.067875,0.045625,0.005181660531082194,0.005098155150395092,0.004755223443751092,0.004504753348894365,0.027312247082591057,0.15680885314941406,4.328581809997559,39.0
