sample,input_lo,input_hi,n,acceptance,E_out_median,out_0_5,out_5_10,out_10_15,out_15_20,out_20_25,out_25_30,out_30_40,out_40_50,out_50_70,out_70_1000
random JEWEL,10,15,32,1.0,26.637773513793945,0.0,0.0,0.09375,0.21875,0.15625,0.09375,0.21875,0.21875,0.0,0.0
random JEWEL,15,20,247,1.0,24.709354400634766,0.0,0.0,0.11336032388663968,0.20242914979757085,0.19838056680161945,0.1700404858299595,0.23481781376518218,0.06477732793522267,0.016194331983805668,0.0
random JEWEL,20,25,1973,1.0,26.024612426757812,0.0,0.0,0.10035478966041561,0.1804358844399392,0.1789153573238723,0.17992904206791688,0.25696908261530665,0.08869741510390268,0.01469842878864673,0.0
random JEWEL,25,30,5544,1.0,26.717790603637695,0.0,0.0,0.09740259740259741,0.1590909090909091,0.18037518037518038,0.18091630591630592,0.2727272727272727,0.09794372294372294,0.011363636363636364,0.00018037518037518038
random JEWEL,30,40,9857,1.0,26.473773956298828,0.0,0.0,0.10327685908491427,0.15887186770822764,0.18403165263264684,0.17885766460383484,0.2686415745155727,0.0932332352642792,0.0130871461905245,0.0
random JEWEL,40,50,2149,1.0,26.675182342529297,0.0,0.0,0.09771986970684039,0.16333178222429037,0.17961842717543045,0.178687761749651,0.2694276407631456,0.09632387156817124,0.014890646812470917,0.0
random JEWEL,50,70,197,1.0,25.58020782470703,0.0,0.0,0.12690355329949238,0.1319796954314721,0.2233502538071066,0.14720812182741116,0.25888324873096447,0.09137055837563451,0.02030456852791878,0.0
OT-FM,10,15,32,0.15625,8.86075210571289,0.0,0.84375,0.15625,0.0,0.0,0.0,0.0,0.0,0.0,0.0
OT-FM,15,20,247,0.7004048582995951,10.426029205322266,0.0,0.29959514170040485,0.7004048582995951,0.0,0.0,0.0,0.0,0.0,0.0,0.0
OT-FM,20,25,1973,0.9964521033958439,13.965248107910156,0.0,0.0035478966041561076,0.6548403446528129,0.3228585909782058,0.01875316776482514,0.0,0.0,0.0,0.0,0.0
OT-FM,25,30,5544,1.0,20.07160186767578,0.0,0.0,0.07521645021645022,0.41738816738816736,0.41053391053391053,0.09613997113997114,0.0007215007215007215,0.0,0.0,0.0
OT-FM,30,40,9857,1.0,30.136838912963867,0.0,0.0,0.0024348178959115348,0.02769605356599371,0.14243684691082478,0.3189611443644111,0.48493456426904735,0.023536572993811504,0.0,0.0
OT-FM,40,50,2149,1.0,42.66437530517578,0.0,0.0,0.0,0.0,0.0013959981386691485,0.006979990693345742,0.250814332247557,0.6742671009771987,0.0665425779432294,0.0
OT-FM,50,70,197,1.0,55.46393585205078,0.0,0.0,0.0,0.0,0.0,0.0,0.0,0.10152284263959391,0.868020304568528,0.030456852791878174
CondFM hard OT,10,15,32,0.875,14.654315948486328,0.0,0.125,0.46875,0.1875,0.125,0.03125,0.0625,0.0,0.0,0.0
CondFM hard OT,15,20,247,0.9757085020242915,18.978967666625977,0.0,0.024291497975708502,0.23481781376518218,0.29959514170040485,0.21862348178137653,0.09716599190283401,0.10121457489878542,0.020242914979757085,0.004048582995951417,0.0
CondFM hard OT,20,25,1973,0.9868220983274202,22.659591674804688,0.0,0.013177901672579827,0.16421692853522554,0.19766852508869742,0.21135326913329955,0.17232640648758235,0.1926001013684744,0.04156107450582869,0.007095793208312215,0.0
CondFM hard OT,25,30,5544,0.9924242424242424,25.367183685302734,0.0,0.007575757575757576,0.11363636363636363,0.17406204906204906,0.1884920634920635,0.18722943722943722,0.24368686868686867,0.06872294372294373,0.016414141414141416,0.00018037518037518038
CondFM hard OT,30,40,9857,0.9951303642081769,27.78548812866211,0.0,0.0048696357918230695,0.07578370701024653,0.13685705589936087,0.17875621385817186,0.1863650197828954,0.28619255351526834,0.10581312772648879,0.02465253119610429,0.0007101552196408644
CondFM hard OT,40,50,2149,0.9958120055839925,29.862682342529297,0.0,0.004187994416007445,0.049790600279199626,0.1181945090739879,0.1470451372731503,0.18706375058166588,0.33690088413215447,0.12610516519311307,0.03024662633783155,0.00046533271288971617
CondFM hard OT,50,70,197,1.0,29.945629119873047,0.0,0.0,0.07106598984771574,0.08121827411167512,0.17258883248730963,0.17766497461928935,0.3147208121827411,0.14213197969543148,0.04060913705583756,0.0
CondFM soft OT,10,15,32,0.9375,15.11609935760498,0.0,0.0625,0.4375,0.28125,0.125,0.03125,0.0625,0.0,0.0,0.0
CondFM soft OT,15,20,247,0.97165991902834,19.204864501953125,0.0,0.02834008097165992,0.22672064777327935,0.2874493927125506,0.21862348178137653,0.10931174089068826,0.10526315789473684,0.020242914979757085,0.004048582995951417,0.0
CondFM soft OT,20,25,1973,0.984794728839331,22.815486907958984,0.0,0.015205271160669031,0.15914850481500253,0.193613786112519,0.21338063862138876,0.16827166751140396,0.20425747592498733,0.039026862645717184,0.007095793208312215,0.0
CondFM soft OT,25,30,5544,0.9924242424242424,25.41344451904297,0.0,0.007575757575757576,0.11291486291486291,0.17514430014430016,0.1884920634920635,0.18506493506493507,0.24368686868686867,0.07106782106782107,0.015692640692640692,0.00036075036075036075
CondFM soft OT,30,40,9857,0.9939129552602212,27.693614959716797,0.0,0.006087044739778838,0.07405904433397585,0.13848026782996856,0.1785533123668459,0.18859693618748097,0.28406208785634574,0.104697169524196,0.024551080450441312,0.0009130567109668256
CondFM soft OT,40,50,2149,0.9958120055839925,29.83559226989746,0.0,0.004187994416007445,0.049790600279199626,0.11912517449976734,0.14751046998604,0.18752908329455562,0.3415542112610517,0.11772917636109818,0.0316426244765007,0.0009306654257794323
CondFM soft OT,50,70,197,0.9949238578680203,29.648971557617188,0.0,0.005076142131979695,0.06091370558375635,0.08629441624365482,0.17766497461928935,0.17766497461928935,0.3096446700507614,0.14213197969543148,0.04060913705583756,0.0
alpha-DSBM,10,15,32,0.40625,9.684103012084961,0.0,0.59375,0.40625,0.0,0.0,0.0,0.0,0.0,0.0,0.0
alpha-DSBM,15,20,247,0.9838056680161943,14.662435531616211,0.0,0.016194331983805668,0.5384615384615384,0.4291497975708502,0.016194331983805668,0.0,0.0,0.0,0.0,0.0
alpha-DSBM,20,25,1973,1.0,19.327396392822266,0.0,0.0,0.06031424227065383,0.5098834262544348,0.3512417638114546,0.07095793208312215,0.007095793208312215,0.0005068423720223011,0.0,0.0
alpha-DSBM,25,30,5544,0.9998196248196248,24.35013198852539,0.0,0.00018037518037518038,0.002886002886002886,0.12373737373737374,0.43975468975468973,0.32702020202020204,0.10425685425685426,0.0021645021645021645,0.0,0.0
alpha-DSBM,30,40,9857,1.0,31.277565002441406,0.0,0.0,0.0004058029826519225,0.01136248351425383,0.11139291873795272,0.28568529978695345,0.4979202597139089,0.08653748605052247,0.0066957492137567215,0.0
alpha-DSBM,40,50,2149,1.0,40.47315216064453,0.0,0.0,0.0,0.0013959981386691485,0.011167985109353188,0.05397859469520707,0.41042345276872966,0.4150767798976268,0.10609585853885528,0.0018613308515588647
alpha-DSBM,50,70,197,1.0,49.5966682434082,0.0,0.0,0.0,0.0,0.005076142131979695,0.005076142131979695,0.1065989847715736,0.4010152284263959,0.4467005076142132,0.03553299492385787
CycleGAN 2 h,10,15,32,1.0,15.402660369873047,0.0,0.0,0.4375,0.4375,0.09375,0.03125,0.0,0.0,0.0,0.0
CycleGAN 2 h,15,20,247,1.0,21.167356491088867,0.0,0.0,0.020242914979757085,0.3684210526315789,0.3117408906882591,0.1659919028340081,0.1214574898785425,0.012145748987854251,0.0,0.0
CycleGAN 2 h,20,25,1973,1.0,34.20499801635742,0.0,0.0,0.0,0.00456158134820071,0.0937658388241257,0.2017232640648758,0.4201723264064876,0.22503801317790167,0.05473897617840851,0.0
CycleGAN 2 h,25,30,5544,1.0,48.01959228515625,0.0,0.0,0.0,0.0,0.00018037518037518038,0.0193001443001443,0.20238095238095238,0.35173160173160173,0.3935786435786436,0.03282828282828283
CycleGAN 2 h,30,40,9857,1.0,68.56709289550781,0.0,0.0,0.0,0.0,0.0,0.0,0.010449426803287004,0.08024753981941768,0.4414121943796287,0.46789083899766665
CycleGAN 2 h,40,50,2149,1.0,102.9371566772461,0.0,0.0,0.0,0.0,0.0,0.0,0.0,0.0,0.03536528617961843,0.9646347138203816
CycleGAN 2 h,50,70,197,1.0,144.79608154296875,0.0,0.0,0.0,0.0,0.0,0.0,0.0,0.0,0.0,1.0
