model,observable,stat,value
CycleGAN 2 h,girth,rms,0.015721509233117104
CycleGAN 2 h,girth,mean,-0.009076302871108055
CycleGAN 2 h,zlead,rms,0.1336151510477066
CycleGAN 2 h,zlead,mean,0.11998900026082993
CycleGAN 2 h,ptd,rms,0.11762417107820511
CycleGAN 2 h,ptd,mean,0.10653337091207504
CycleGAN 2 h,mass,rms,3.6855831146240234
CycleGAN 2 h,mass,mean,3.2980780601501465
CycleGAN 2 h,zg,rms,0.11639443786000576
CycleGAN 2 h,zg,mean,0.005747265867549706
CycleGAN 2 h,rg,rms,0.0866501304367983
CycleGAN 2 h,rg,mean,-0.0379320134050536
OT-FM,girth,rms,0.009280826896429062
OT-FM,girth,mean,-0.0016056930180639029
OT-FM,zlead,rms,0.051185380667448044
OT-FM,zlead,mean,0.03374297916889191
OT-FM,ptd,rms,0.04186973720788956
OT-FM,ptd,mean,0.02999010682106018
OT-FM,mass,rms,1.3032519817352295
OT-FM,mass,mean,-1.1750152111053467
OT-FM,zg,rms,0.09436970331185937
OT-FM,zg,mean,-0.0024927984265307483
OT-FM,rg,rms,0.06525982335630706
OT-FM,rg,mean,-0.011477861270083219
random JEWEL,girth,rms,0.06891422718763351
random JEWEL,girth,mean,-0.0018931549275293946
random JEWEL,zlead,rms,0.20313629508018494
random JEWEL,zlead,mean,0.0327717587351799
random JEWEL,ptd,rms,0.1594071388244629
random JEWEL,ptd,mean,0.029609953984618187
random JEWEL,mass,rms,2.2204134464263916
random JEWEL,mass,mean,-1.1609669923782349
random JEWEL,zg,rms,0.15740829686823793
random JEWEL,zg,mean,-0.003953340034729851
random JEWEL,rg,rms,0.15161141149453242
random JEWEL,rg,mean,-0.011156715881302237
