set,label,seed,stem,mae,rmse,mae_clip0,rmse_clip0,event_bias_gev,event_bias_gev_se,event_rms_gev,bkgerr_mean[S = 0],bkgerr_rms[S = 0],bkgerr_share[S = 0],towers[S = 0],bkgerr_mean[0-0.5],bkgerr_rms[0-0.5],bkgerr_share[0-0.5],towers[0-0.5],bkgerr_mean[0.5-2],bkgerr_rms[0.5-2],bkgerr_share[0.5-2],towers[0.5-2],bkgerr_mean[2-5],bkgerr_rms[2-5],bkgerr_share[2-5],towers[2-5],bkgerr_mean[5-10],bkgerr_rms[5-10],bkgerr_share[5-10],towers[5-10],bkgerr_mean[>10],bkgerr_rms[>10],bkgerr_share[>10],towers[>10]
val,UVCGAN-S,0,uvcgan__sig,0.033397733006419975,0.15564727591154465,0.03337753028654236,0.1556454171628263,-7.126049187878147,0.06887332607157536,12.068607123909935,-0.009465805301076838,0.09277188254696175,,26499264,0.03864756652348595,0.2308155155893712,0.4182925845964143,3615919,0.45925549771709767,0.7085471490179979,0.47791356170214233,451370,0.3696922267174123,0.8477284884119779,0.12121314345212475,107813,0.15178506474469547,0.6553935449104702,0.02216404818546126,33056,0.11466037235724033,0.6449209045646114,0.007728026911135055,12578
val,unpaired FM,0,bb_uvcgan_otcfm1_s0__euler4__sig,0.15036386792391132,0.25864684192734005,0.12806755723065846,0.25509533209868795,113.34876490879878,0.1039815090358915,114.2986683683487,-0.09088184208661682,0.23585041429854664,,26499264,-0.04759727701349382,0.2560539127187259,-0.5151576104960415,3615919,0.3624894865084162,0.5365830163523773,0.37721626074802755,451370,0.8302871064862991,1.0111890489533326,0.2722310691750154,107813,1.169188895449403,1.3366412209362017,0.17072799000504052,33056,1.7215133502991746,1.8862269798246027,0.11602876587161375,12578
val,unpaired FM,1,bb_uvcgan_otcfm1_s1__euler4__sig,0.14977823890197955,0.2579055201416299,0.1272814580009889,0.25428445205188305,111.82371967934073,0.1059623066810164,112.82333309943918,-0.08979898704684212,0.23491923079439211,,26499264,-0.047047590852168884,0.2558782193084657,-0.5092082153381922,3615919,0.3627300558717434,0.5372596604527721,0.3774666036657185,451370,0.8278257927990965,1.009391613995363,0.2714240639217629,107813,1.164257901782911,1.3318878038741244,0.17000795354157053,33056,1.7325005602961714,1.900106937170781,0.11676929595004865,12578
val,unpaired FM,2,bb_uvcgan_otcfm1_s2__euler4__sig,0.15050218022169065,0.25864551004566816,0.12746115928173507,0.25490381278815427,111.32248176358827,0.10258591311555636,112.26385142778369,-0.08940992958616303,0.23583653746880437,,26499264,-0.046878280576308676,0.2567295725258157,-0.5073757265359474,3615919,0.3615663952684916,0.5365507494218436,0.37625566729962817,451370,0.8257917242669012,1.0073693007796638,0.27075714202574774,107813,1.162485324264669,1.3303652024542152,0.16974911718245403,33056,1.7250227855752736,1.892532475967852,0.11626529929374566,12578
val,paired FM,0,bench_paired_bkg_s0__euler4__sig,0.0499256286210104,0.16261811009025975,0.049925599017876326,0.1626181100055371,7.817247134517879,0.06737459609244258,12.324612640343855,-0.026555654794521186,0.056771864481963696,,26499264,0.01959037720286004,0.15843889899941166,0.21203170731133184,3615919,0.5819602667718203,0.7110209142995279,0.6056034282541701,451370,1.207614305288883,1.405728931104558,0.3959475353905919,107813,1.6256917524083887,1.8293248125107853,0.23738771924426585,33056,2.3778306551930406,2.5895456388380684,0.16026408178931187,12578
val,paired FM,1,bench_paired_bkg_s1__euler4__sig,0.049733134816961684,0.16289119197558413,0.049733090367136176,0.16289119165512705,7.3039167640019205,0.06697469942703133,11.960744431777316,-0.02628445243835032,0.05600718694586838,,26499264,0.019851406302591076,0.15796512650336483,0.2148568926102566,3615919,0.5833475355281995,0.71162985366419,0.6070470572486949,451370,1.214688904046842,1.4112327518103827,0.39826712528765024,107813,1.640170581985016,1.843235678277639,0.23950195543044944,33056,2.3991827851430583,2.617133254104277,0.16170320004325997,12578
val,paired FM,2,bench_paired_bkg_s2__euler4__sig,0.0497753288582319,0.16234371291097618,0.04977528338254027,0.16234371282258625,7.648399626123533,0.06704890127558545,12.182328188246725,-0.026398407809112925,0.056114759023657146,,26499264,0.01948369482253864,0.15831679136704557,0.21087705638218684,3615919,0.5813983914574145,0.7103715015164962,0.6050187257648695,451370,1.205442584336153,1.4029358560658838,0.3952354805937717,107813,1.6273486651011382,1.8310196783578316,0.23762966592606205,33056,2.3801170393627915,2.5960404227603617,0.16041818244352898,12578
val,joint FM: M - B,0,bench_joint_s0__euler4__sig,0.031611698889860054,0.15062680399426254,0.0312851936262318,0.1505770288733231,-17.462774277499133,0.07201548155836182,20.215664153040837,-0.0060475975802643436,0.0459783978368439,,26499264,0.04367050576206557,0.1794187829107765,0.4726571520291247,3615919,0.5778733275925328,0.7694403093838069,0.6013504499679168,451370,0.7977890515238334,1.3277519424972908,0.26157574262661204,107813,0.21188157134024932,1.2046098550986584,0.03093949569211916,33056,-0.17867015734596878,1.2389376410201403,-0.012042240538731265,12578
val,joint FM: M - B,1,bench_joint_s1__euler4__sig,0.031362752244492975,0.15056748495908898,0.031055805929617056,0.15052768621554616,-18.914443276119233,0.07170171061441255,21.461101335816654,-0.005738572936059725,0.04359827234561175,,26499264,0.04677990826596853,0.1756905977191466,0.5063110176384312,3615919,0.5902424669369805,0.7751245785424148,0.6142221073975607,451370,0.8417397928845168,1.3621112796096977,0.2759861281645583,107813,0.1914156533972453,1.2022484679678422,0.027951009359742447,33056,-0.18215970815621266,1.1085015475336675,-0.01227743376211726,12578
val,joint FM: M - B,2,bench_joint_s2__euler4__sig,0.030900469879965628,0.15284091644938924,0.03061452517743698,0.1528081295949648,-20.322736015364526,0.07315558983732313,22.804569841133326,-0.004964033309168844,0.044432609455099914,,26499264,0.047534251972671256,0.17586365227360876,0.5144754742170615,3615919,0.5925179059893645,0.7763551131384507,0.6165899901716736,451370,0.8561006309306924,1.3777664158662823,0.28069469977191974,107813,0.25380648110000575,1.2629057171828693,0.03706147957537755,33056,-0.16023747616569384,1.3827820372554054,-0.010799891039274557,12578
val,joint FM: direct S,0,bench_joint_s0__euler4__sigdirect,0.032545749028360056,0.1970290495193543,0.03254437518098663,0.1970290397501628,-25.709248294537144,0.08493542359165111,28.376856264992163,-0.004225067754105022,0.03111579164735025,,26499264,0.056672574597269494,0.15858455868828739,0.6133818979163692,3615919,0.6703971967707715,0.8085681341389493,0.6976332643952656,451370,1.222214645343766,1.610825638574446,0.40073463391640185,107813,0.49675956189236625,1.9378045973930218,0.0725381175340956,33056,-2.3506107396493703,5.474728763307085,-0.15842947899223642,12578
val,joint FM: direct S,1,bench_joint_s1__euler4__sigdirect,0.03260574335132575,0.1875956847673392,0.03259873233489634,0.18759563881069077,-25.858696652301774,0.08230779222479523,28.357779281427597,-0.004461780722377026,0.030373820299478226,,26499264,0.057259341992895084,0.1571167060715075,0.6197326328410114,3615919,0.6730760595416603,0.8101848528173287,0.7004209606874403,451370,1.2385468520186431,1.6411018070492633,0.4060895696372573,107813,0.3836200017516302,1.9671371235957822,0.05601718599936895,33056,-1.7217395333995271,4.48347032041588,-0.116044010450455,12578
val,joint FM: direct S,2,bench_joint_s2__euler4__sigdirect,0.03262450668313589,0.20022688087499826,0.03261689803112774,0.200226836252032,-28.239388581921162,0.0871620402462409,30.812456777713873,-0.0037443186199778732,0.030132438778960765,,26499264,0.05867355651011041,0.15579480978692975,0.6350390414662552,3615919,0.6812989703057548,0.8134151120753975,0.7089779416933555,451370,1.3180328180617777,1.6857483550417176,0.43215109624809905,107813,0.7685035218785373,2.0975181385531902,0.11221887422364361,33056,-1.8422650177269289,5.418612577954099,-0.1241673417044105,12578
val,unpaired FM [mid32],0,bb_uvcgan_otcfm1_s0__midpoint32__sig,0.05096019203708444,0.18469626384127444,0.05093827869385301,0.1846920774594801,0.9067632440198213,0.07079209410803029,10.05249378734997,-0.02544095759661206,0.04734311917163084,,26499264,0.025946514550074826,0.1451643835970082,0.28082582187480826,3615919,0.6313128999213079,0.7419265631690484,0.6569610991042641,451370,1.4646645107089986,1.6223714640228541,0.4802280832956558,107813,2.2305092052894664,2.400347787587745,0.3257047298250623,33056,3.626458985454082,3.8831368100322843,0.2444207362627406,12578
val,unpaired FM [mid32],1,bb_uvcgan_otcfm1_s1__midpoint32__sig,0.0508022590262095,0.1848711062429185,0.05078616810150876,0.18486857055131573,0.5887036531355232,0.07134165093911381,10.106393776495267,-0.025253236785012182,0.04708783406885503,,26499264,0.026154172342344274,0.14509365946997632,0.28307335574184195,3615919,0.6321649133659929,0.7428141093960632,0.657847727096725,451370,1.4656022504221804,1.6240999920443173,0.4805355454767894,107813,2.2304990768490316,2.4000383205928357,0.32570325084396357,33056,3.6384255685152698,3.8989448955459673,0.24522727538371142,12578
val,unpaired FM [mid32],2,bb_uvcgan_otcfm1_s2__midpoint32__sig,0.05110621608645354,0.18448253369577414,0.051094444794146696,0.18448080648008447,1.4200122065804899,0.07139245642599527,10.195787922352558,-0.025673840086173128,0.04788987216704748,,26499264,0.025316891213015887,0.14528164226330317,0.27401124603804616,3615919,0.6289898835975811,0.7398553924231053,0.6545437061483101,451370,1.45899953984622,1.617178406492241,0.4783706763062279,107813,2.2242319825081025,2.393539124202696,0.3247881135003203,33056,3.63041029455628,3.8867291884076844,0.24468705166402732,12578
val,paired FM [mid32],0,bench_paired_bkg_s0__midpoint32__sig,0.050799841646066005,0.18039886470214872,0.05079983920690841,0.18039886469090785,2.039065013178065,0.06953672811436389,10.04315275523509,-0.025674012208746922,0.04744114273476411,,26499264,0.024769364910553534,0.1467115413353318,0.2680852275899683,3615919,0.6242095878291178,0.73521966699854,0.6495692024394765,451370,1.4298398398015568,1.59048527565333,0.46880991562722,107813,2.1482893383312547,2.318656892858501,0.3136987719521373,33056,3.4249048594697555,3.6529658592205316,0.23083613264045155,12578
val,paired FM [mid32],1,bench_paired_bkg_s1__midpoint32__sig,0.05061509761208387,0.18084983207047986,0.05061507676639909,0.18084982949561912,1.5156451402395963,0.06905992646931912,9.883453296803056,-0.025406280218676015,0.04664359102733341,,26499264,0.025099314517538288,0.1463179715695664,0.2716563573222466,3615919,0.6257524293716712,0.7362755017107039,0.6511747246387946,451370,1.436900865395535,1.5967510640868785,0.47112505521195425,107813,2.162959454741621,2.33321973134196,0.31584094033710053,33056,3.4438289819223966,3.6780864385931573,0.23211160492941268,12578
val,paired FM [mid32],2,bench_paired_bkg_s2__midpoint32__sig,0.05073192889762237,0.18056108674171717,0.05073192045594042,0.18056108653039932,1.8879675500273705,0.06929578825674458,9.980107558159279,-0.025588182271973285,0.04694902916004746,,26499264,0.02480309771857512,0.1464033543445262,0.2684503264751586,3615919,0.6245505460406062,0.7351971457773678,0.6499240126792101,451370,1.4310100754787238,1.5908879769877269,0.46919360761411616,107813,2.151606396540264,2.322238894629546,0.3141831373809897,33056,3.4436542953704117,3.6820542391352067,0.23209983118101993,12578
val,joint FM: M - B [mid32],0,bench_joint_s0__midpoint32__sig,0.029427464649937368,0.15909023593582017,0.02920743595447663,0.15900299775025745,-24.757603786235304,0.07271045425701281,26.808117211050753,-0.002459637385150726,0.04128918811325415,,26499264,0.05596176856511216,0.17570692475820907,0.6056886608232361,3615919,0.6204394452419268,0.8093474253687403,0.6456458911651948,451370,0.7986503705304533,1.475901786583003,0.2618581483056129,107813,-0.06587769717180025,1.4132262001679996,-0.009619631924385587,33056,-0.47682920410591767,1.3862233295149844,-0.032137946577259234,12578
val,joint FM: M - B [mid32],1,bench_joint_s1__midpoint32__sig,0.029649892096875193,0.1584015768127254,0.029241865092283964,0.15833938634366235,-25.750744972464627,0.07219089618651231,27.700746857822235,-0.0022525596458337657,0.03960744982617504,,26499264,0.057398840618060575,0.1733132598751206,0.6212424624555788,3615919,0.6276375561736685,0.8103285985009411,0.653136438039464,451370,0.8466848096018433,1.4964447873114959,0.2776074795953219,107813,-0.05310968282233134,1.381276870329215,-0.0077552134076475645,33056,-0.450650788771365,1.2524491283007246,-0.030373540147756495,12578
val,joint FM: M - B [mid32],2,bench_joint_s2__midpoint32__sig,0.029538514699466153,0.1624954388716727,0.0293219124999614,0.16229385544172378,-27.103203517619708,0.07308394903959625,29.007049368420073,-0.002152457473590117,0.03874485925795507,,26499264,0.05860698236766025,0.17052488844929323,0.6343184923445959,3615919,0.6381209155460992,0.8136597288980079,0.6640457023622356,451370,0.9312236026433514,1.5403703008458887,0.30532570602165854,107813,0.10603471795621708,1.5228110086115614,0.015483464081702559,33056,-0.37742275724655155,1.6665686469749514,-0.025438023311041197,12578
val,joint FM: direct S [mid32],0,bench_joint_s0__midpoint32__sigdirect,0.030290449588643728,0.17326211431203303,0.03027902980391785,0.1732614588960367,-24.257258776629342,0.07480163057790631,26.463565181181327,-0.0025802347356062806,0.039824732895555104,,26499264,0.05727563026734954,0.1724218806561086,0.6199089250382455,3615919,0.632683426508829,0.8095269638880703,0.6583873057498146,451370,0.8692365299235171,1.4993034232182838,0.2850016434778445,107813,-0.22204588205731202,1.7074237414126374,-0.03242371466243686,33056,-2.0300453405902514,3.3142520981905537,-0.1368236008690682,12578
val,joint FM: direct S [mid32],1,bench_joint_s1__midpoint32__sigdirect,0.030611482957903596,0.1753129477039978,0.030603469322459324,0.17531255348151067,-23.787125941495226,0.07487505123202412,26.037527273082596,-0.0025402086087138267,0.03887210336627048,,26499264,0.05797475670411223,0.1720672830250076,0.6274757508567722,3615919,0.6329568540108652,0.8118676964334064,0.6586718417260088,451370,0.8554591943498465,1.538178729396242,0.28048438822444716,107813,-0.4631254082835944,1.7965157845516444,-0.06762677133204395,33056,-2.3210471250273206,3.309762804431695,-0.15643691255718417,12578
val,joint FM: direct S [mid32],2,bench_joint_s2__midpoint32__sigdirect,0.030694862768845876,0.1777959121074223,0.030693152245189897,0.17779575837242767,-25.798679918271677,0.07606378418319343,27.9514913879525,-0.002400777071697302,0.03741580978465342,,26499264,0.0592862620749494,0.16789029734080915,0.6416705118890401,3615919,0.6462757470475236,0.813185137785143,0.672531838265452,451370,0.9735155947952234,1.574866156509087,0.3191922277959979,107813,-0.16714714758913146,1.8832265006064364,-0.024407259300901565,33056,-2.061043276999008,3.441487145547303,-0.13891283956445777,12578
jewel,UVCGAN-S,0,uvcgan__sig,0.02814843819068555,0.15091545494232345,0.02813028965555713,0.15091431439713257,4.680285040897054,0.06867295467794977,10.78074960974605,-0.012190638732616717,0.11164963930448216,,27752590,0.03458132495552417,0.23850577459972888,0.382080496836829,2582199,0.4482208695243792,0.7086587352442636,0.4712788972880851,290074,0.33973494841641283,0.860732159802742,0.11129485297376572,64873,0.11772322861369727,0.6787608474382428,0.01712480785288794,20764,0.09673516986244603,0.6085236838551364,0.00625604576884519,9500
jewel,unpaired FM,0,bb_uvcgan_otcfm1_s0__euler4__sig,0.14864789031344072,0.25635241005792403,0.12716753503549022,0.25308109502960385,130.62022019984826,0.10607525067786058,131.4788237747215,-0.09626964408922545,0.24232695857081815,,27752590,-0.05285887139222712,0.2593865641390353,-0.5840245817576729,2582199,0.3537903665015582,0.5290532169729633,0.37199056343121256,290074,0.8139933387099729,0.9935260442408184,0.266658668399081,64873,1.1500628279642984,1.3182354693363063,0.16729582750626354,20764,1.7377054224014281,1.893814826198133,0.11238068502667858,9500
jewel,unpaired FM,1,bb_uvcgan_otcfm1_s1__euler4__sig,0.14812095529982416,0.2557379740345419,0.12649545275613436,0.2524127981770577,129.37966522256093,0.10937609987283867,130.30103759206906,-0.09539588198092937,0.2416230055508335,,27752590,-0.052546769684686086,0.25935252612165977,-0.5805762472697877,2582199,0.3536957849912297,0.5294034929139839,0.3718911163217133,290074,0.811292324342828,0.9913439341186341,0.2657738345064461,64873,1.1448426226663855,1.312839474177296,0.1665364615448293,20764,1.7447664923416941,1.9022049771483907,0.11283733772895982,9500
jewel,unpaired FM,2,bb_uvcgan_otcfm1_s2__euler4__sig,0.14889738643811154,0.2566290179895553,0.1267361844524238,0.2531924792706394,128.95888255598388,0.10595682645467418,129.82653955002792,-0.09509149917076021,0.24264542204679493,,27752590,-0.05233884876301562,0.2602033662442696,-0.5782789804890384,2582199,0.3527342772275591,0.528860144503477,0.37088014528174934,290074,0.8086634993823286,0.9891789177081748,0.26491264937128023,64873,1.1429220892702814,1.3114896149473139,0.1662570879176307,20764,1.7364164841300562,1.8928024178798448,0.11229732695917961,9500
jewel,paired FM,0,bench_paired_bkg_s0__euler4__sig,0.04685222478751892,0.1416248397235896,0.04685214765555476,0.14162483956824323,27.379257890259773,0.07842311025741791,29.540268229491325,-0.031981829214923506,0.07240828771815577,,27752590,0.015098633036029043,0.16062188685892673,0.16682105787972093,2582199,0.5733033832594462,0.6996700210441389,0.602796087029019,290074,1.1962592491594861,1.387093844346771,0.39188637458200465,64873,1.6458104392440074,1.8570550996888004,0.23941058927984118,20764,2.413349567664297,2.6281223419749757,0.15607586540654705,9500
jewel,paired FM,1,bench_paired_bkg_s1__euler4__sig,0.046437360722440785,0.14153529858910205,0.046437273994147495,0.14153529825642433,26.518186921040265,0.07643802409631689,28.63685855910549,-0.03148455700989666,0.07099379329020103,,27752590,0.015679690335956138,0.15986766380569117,0.17324101611244755,2582199,0.5756425796577784,0.7011574178395625,0.6052556197596481,290074,1.2067673339719236,1.3976875203141896,0.3953287515281722,64873,1.662052419667436,1.8744850304573981,0.24177325633524693,20764,2.436817215819108,2.660088949748527,0.15759356244633535,9500
jewel,paired FM,2,bench_paired_bkg_s2__euler4__sig,0.04664575703044829,0.1413227632598587,0.04664566454261827,0.14132276304240254,27.046513965948968,0.07731172545600186,29.172863684766302,-0.03174840464449868,0.07150063419829819,,27752590,0.015079369286953373,0.1603655929887982,0.16660821748603336,2582199,0.5733205618867798,0.6995422395027134,0.602814149384204,290074,1.197499871285206,1.3886660728432865,0.392292793932506,64873,1.6508729834589648,1.8639924167248736,0.24014702080613223,20764,2.4171285466645895,2.637009195825255,0.15632025910140437,9500
jewel,joint FM: M - B,0,bench_joint_s0__euler4__sig,0.0262267554116115,0.13228697964526098,0.02597152583674079,0.13226225438111625,-1.656429204798567,0.06931642184268322,9.941784771959503,-0.009650676762455733,0.07135975352638674,,27752590,0.03714076002840929,0.18926527033316687,0.4103590612217177,2582199,0.5516969105850169,0.7543966557727088,0.5800781028639903,290074,0.6958098981319932,1.2545796579356272,0.22794257897592826,64873,0.11588352599416801,1.1267050718271754,0.01685719241083042,20764,-0.2656194309435393,1.0373385842403324,-0.017178109258921166,9500
jewel,joint FM: M - B,1,bench_joint_s1__euler4__sig,0.025708816248371087,0.13075419597656593,0.02546801228695771,0.1307333597916625,-3.1943958023956815,0.06655610401541107,9.93974165542382,-0.009099447806542768,0.0666696340190824,,27752590,0.040704873977000074,0.18377796026411308,0.44973807373821484,2582199,0.5652222647128005,0.7609617842479703,0.5942992478667578,290074,0.7417898405298905,1.3049473216245855,0.24300529463932796,64873,0.08346134849054876,1.1457468431247007,0.0121408457181684,20764,-0.2629822745574148,0.9701523367888446,-0.017007559384716604,9500
jewel,joint FM: M - B,2,bench_joint_s2__euler4__sig,0.025380255280997147,0.13292498759310892,0.025155879537580153,0.13290760777938718,-3.6774986746343625,0.06994001498762654,10.552540472858942,-0.008662283749176915,0.07053566627299729,,27752590,0.04037107732909142,0.18526060146074874,0.4460500372260385,2582199,0.5611683155564109,0.7589847251679671,0.5900367495807842,290074,0.726276867871823,1.2924990665813596,0.23792335055552566,64873,0.11974896351925052,1.1727069373173902,0.0174194847949579,20764,-0.28188814268614115,1.1268357306621943,-0.018230237511826404,9500
jewel,joint FM: direct S,0,bench_joint_s0__euler4__sigdirect,0.024799921318649908,0.16872468200981286,0.02479868803880201,0.16872467476399752,-9.8232318674282,0.06867824326412576,13.814119815543286,-0.00634699164597952,0.050353818962228805,,27752590,0.0518895910238263,0.16390753438463682,0.5733152429683387,2582199,0.6492396965056032,0.792959870507898,0.682638826187386,290074,1.1198857387187096,1.535277067692396,0.3668669332345158,64873,0.2929591429984063,1.8998076465140274,0.04261579546936337,20764,-2.9936908122693238,5.844929295972706,-0.19360762756668254,9500
jewel,joint FM: direct S,1,bench_joint_s1__euler4__sigdirect,0.024914754614458617,0.15888582621909933,0.02490891904241368,0.15888579559303997,-9.76141846088514,0.0664128254314787,13.546163959008856,-0.006616094198731471,0.048739390481029966,,27752590,0.052525558351037845,0.16187051971558042,0.5803418884963945,2582199,0.6520840770812507,0.7950543502844817,0.6856295315121542,290074,1.1335285726325457,1.5767069720921545,0.37133623261529314,64873,0.13202780315179202,1.9525844310817297,0.019205646896013572,20764,-2.3388196109807806,4.791803725566458,-0.151255872628066,9500
jewel,joint FM: direct S,2,bench_joint_s2__euler4__sigdirect,0.024680406394265348,0.17144650246252857,0.024674287888266696,0.17144647484956152,-11.183408317215818,0.07208581282633154,15.132610806011963,-0.0059754045853228814,0.04950620702402684,,27752590,0.053383671969295284,0.16038403051134595,0.5898229733891199,2582199,0.6563395683647482,0.7950455051397177,0.6901039399475175,290074,1.1864997426726762,1.5934484855061706,0.38868922679191426,64873,0.47682624699612836,2.0176242028386477,0.06936233362930642,20764,-2.6953480466745403,5.946622228411965,-0.17431323857642347,9500
jewel,unpaired FM [mid32],0,bb_uvcgan_otcfm1_s0__midpoint32__sig,0.04624811218349841,0.15624856740828635,0.046232502524150974,0.15624622524286394,20.794148034971876,0.07958317888425535,23.64458161454316,-0.029917071879361504,0.059364627165177986,,27752590,0.02199946689031777,0.14569904423502644,0.24306666243727137,2582199,0.6243130787795579,0.7320682715273177,0.6564298972557239,290074,1.4537797845194773,1.605163568723659,0.4762483463314822,64873,2.2461410026586117,2.4200492707973904,0.3267386864426037,20764,3.740984001059281,4.0151405847820625,0.2419364866410406,9500
jewel,unpaired FM [mid32],1,bb_uvcgan_otcfm1_s1__midpoint32__sig,0.04614126262627733,0.15634744485971913,0.046129669927729475,0.15634597448049553,20.58544641842276,0.08097261418285501,23.55614334304035,-0.029795478678662748,0.05909788351594863,,27752590,0.022093316205142845,0.1455281880775771,0.24410358027897575,2582199,0.6251527231230011,0.7327339126644089,0.6573127358007295,290074,1.4562892675355679,1.6082612967103271,0.47707043585926795,64873,2.2484584276420354,2.4214739549008475,0.3270757945734453,20764,3.7517937674773365,4.026700350254744,0.24263557461037008,9500
jewel,unpaired FM [mid32],2,bb_uvcgan_otcfm1_s2__midpoint32__sig,0.04668954165640568,0.15624435132447764,0.046681505399205195,0.15624359376074412,21.696873324790893,0.081857726250469,24.592032429426347,-0.030443640784292843,0.06022636122049768,,27752590,0.02112103043307711,0.1457671508399785,0.23336103552870843,2582199,0.6217586919892907,0.7296687023218199,0.6537441039970525,290074,1.4484745757682305,1.6002897568564092,0.47451039611259144,64873,2.241902702290115,2.4150025908218766,0.32612215493656166,20764,3.7410443105697633,4.009707605358305,0.24194038697075942,9500
jewel,paired FM [mid32],0,bench_paired_bkg_s0__midpoint32__sig,0.046601276350969195,0.15297976036051622,0.046601269310501583,0.1529797603365802,22.34009982693374,0.08159437522356072,25.144241918177396,-0.03057466786549942,0.06097895799518811,,27752590,0.020505977156911784,0.1478081988143771,0.22656546417218562,2582199,0.6155996704211782,0.7242646251623336,0.647268241112592,290074,1.4167931565573493,1.571787757221422,0.4641317791657313,64873,2.1651348437079805,2.339701498734771,0.3149549890086662,20764,3.509028449711047,3.7448478314722418,0.2269354839278007,9500
jewel,paired FM [mid32],1,bench_paired_bkg_s1__midpoint32__sig,0.046191593263601394,0.15316805582364776,0.0461915782515449,0.1531680549937717,21.472688144143223,0.07945313719163145,24.23494081543161,-0.030080247417613427,0.059573315838408275,,27752590,0.021157446290328997,0.14716275935009204,0.2337633853186437,2582199,0.6180701489419763,0.7261874311235335,0.6498658095709529,290074,1.4272958199004289,1.5829243121277639,0.4675723800754978,64873,2.181965227692923,2.357752098165019,0.31740324917980234,20764,3.5297795838807757,3.7744767713809013,0.22827749888788057,9500
jewel,paired FM [mid32],2,bench_paired_bkg_s2__midpoint32__sig,0.04649453345418034,0.15317957924783396,0.04649451812322832,0.1531795790874918,22.107331302574575,0.080930620253038,24.89436488871774,-0.030442466394926166,0.060293653250163226,,27752590,0.020602370668647244,0.14742705038989554,0.2276304922155905,2582199,0.6162481872307717,0.7244889880895957,0.6479501198640707,290074,1.4194170718051708,1.574203573795991,0.4649913559124956,64873,2.170043933187186,2.346026593567559,0.3156690979831991,20764,3.538213564922935,3.790577989080561,0.22882294033888903,9500
jewel,joint FM: M - B [mid32],0,bench_joint_s0__midpoint32__sig,0.022666168288168184,0.13921890180422258,0.02244543761471773,0.1391666111077408,-9.690071470692086,0.06436179591035288,13.294596667941418,-0.004997983913479166,0.0717054607142736,,27752590,0.049670922325735334,0.18963970180745507,0.5488017218822271,2582199,0.5888448379260319,0.7973267202873711,0.6191370477372818,290074,0.6498326807081779,1.394030937133759,0.21288075599546039,64873,-0.1765392365609031,1.3182272203422258,-0.02568057757336466,20764,-0.5317147864793477,1.1829126281366031,-0.03438699745828342,9500
jewel,joint FM: M - B [mid32],1,bench_joint_s1__midpoint32__sig,0.022781071423932514,0.13775267438345018,0.02239347772713229,0.13771244173687247,-10.581827628723051,0.06343882878606237,13.873167479669277,-0.004745705184286493,0.06846912125951957,,27752590,0.051397122246814,0.18551368397149096,0.5678740773901115,2582199,0.5969509273990212,0.7984603592042218,0.6276601424164803,290074,0.7038397692712304,1.4277820328647493,0.2305731100178636,64873,-0.16389998584049925,1.3039492549338947,-0.023841987666001145,20764,-0.5044585488469977,1.0992272282025306,-0.032624285195959696,9500
jewel,joint FM: M - B [mid32],2,bench_joint_s2__midpoint32__sig,0.022486919298793085,0.13867436659070856,0.022283180678806882,0.1385471991993613,-11.194574527886214,0.06407023195832641,14.402027333826092,-0.0047068138451397765,0.067397029807111,,27752590,0.05213626499471579,0.1817224427706752,0.5760406825943618,2582199,0.6051588704088322,0.7982720185302776,0.6362903303298004,290074,0.7685936528386498,1.4472704037515705,0.25178604081791467,64873,-0.0458244956474363,1.4102358195735454,-0.006665937488793449,20764,-0.47987119082400675,1.3535799138390545,-0.031034174408481465,9500
jewel,joint FM: direct S [mid32],0,bench_joint_s0__midpoint32__sigdirect,0.023189644161758238,0.15158213415795527,0.023177740370801576,0.15158162346199458,-9.076651862242523,0.06344829625547985,12.7632023796073,-0.005080122061852007,0.07021895787529468,,27752590,0.05105119213869066,0.18587062847177802,0.5640519812803594,2582199,0.6012572500734601,0.7962930425002194,0.6321879971848889,290074,0.7137930358675947,1.4207547857564422,0.23383373229889337,64873,-0.4015776721519861,1.6626260032803803,-0.058416172870853864,20764,-2.282251336951005,3.3643677941706738,-0.14759749572235448,9500
jewel,joint FM: direct S [mid32],1,bench_joint_s1__midpoint32__sigdirect,0.023376012195283503,0.15394582184480649,0.02336876808926517,0.15394555595290774,-8.91113788332686,0.06184976475894953,12.486642718938146,-0.00496112751843952,0.06829152318435877,,27752590,0.05201218180325828,0.18425645687543948,0.5746697181358814,2582199,0.6024113049446594,0.7996220363614198,0.633401420619826,290074,0.7026058545294006,1.4766087402099473,0.23016888796059742,64873,-0.6479828284977661,1.7950321673548466,-0.09425991421292008,20764,-2.6598104460168828,3.511210290089789,-0.1720149549579072,9500
jewel,joint FM: direct S [mid32],2,bench_joint_s2__midpoint32__sigdirect,0.023287938064330077,0.15214198013248648,0.02328615658210386,0.1521418685259097,-9.971321579760017,0.06314371563633253,13.385433520593509,-0.004924500424692327,0.06576073860970219,,27752590,0.05288647098825314,0.17855961691408984,0.5843295228602964,2582199,0.6136552246405912,0.7969426324108556,0.645223766333263,290074,0.8037812520961461,1.4850000321278476,0.2633132584448241,64873,-0.39000803890774943,1.8254162866041135,-0.056733176672320404,20764,-2.370559951855948,3.4375192089671054,-0.1533085802990832,9500
