truth,model,readout,name,reference,observable,bias,rmse,rel_bias,rel_rmse,rel_res,corr,w1_sigma
val,UVCGAN-S,image,UVCGAN-S,full,et,-2.0052828788757324,3.957047939300537,-0.31156015396118164,0.614805281162262,0.5300149321556091,0.871535291330199,0.3116811299965524
val,UVCGAN-S,image,UVCGAN-S,full,mass,-0.8955073952674866,1.4305318593978882,-0.6648362278938293,1.0620453357696533,0.8282107710838318,0.6610081504524792,0.6648361930909809
val,UVCGAN-S,image,UVCGAN-S,full,girth,-0.004242198541760445,0.012920316308736801,-0.09311752021312714,0.28360480070114136,0.2678820490837097,0.9669387335084384,0.09802623698715734
val,UVCGAN-S,image,UVCGAN-S,full,ptd,0.019630128517746925,0.04238877072930336,0.18914499878883362,0.4084346294403076,0.36199861764907837,0.9397046191047839,0.18914659925373484
val,UVCGAN-S,image,UVCGAN-S,full,core,0.01335707027465105,0.05638673156499863,0.05570155009627342,0.2351435124874115,0.22845089435577393,0.9762950280356048,0.06437468065478794
val,UVCGAN-S,image,UVCGAN-S,full,zlead,0.017308402806520462,0.042788051068782806,0.12952247262001038,0.3201920986175537,0.29282572865486145,0.9605511003915751,0.12952325340291868
val,UVCGAN-S,image,UVCGAN-S,full,n1,-0.5125184059143066,1.902042031288147,-0.2317523956298828,0.860072135925293,0.8282601237297058,0.6528629107065815,0.23185484664722564
val,UVCGAN-S,image,UVCGAN-S,full,zg,0.00977794614815413,0.12338557270113712,0.08702051477073286,1.0980911419482065,1.0946376505648585,0.40881513078713044,0.08705849056608994
val,UVCGAN-S,image,UVCGAN-S,full,rg,-0.02317820781887837,0.08879451179753847,-0.23308900250349968,0.8929518772290927,0.8619933711803615,0.597205792618944,0.23308900250349973
val,UVCGAN-S,thr0.5,"UVCGAN-S, thr0.5",thr,et,-1.4533445835113525,3.6373379230499268,-0.21948561072349548,0.549314558506012,0.5035598874092102,0.8824609620741749,0.21966352084634685
val,UVCGAN-S,thr0.5,"UVCGAN-S, thr0.5",thr,mass,-0.6387660503387451,1.2881072759628296,-0.46156755089759827,0.9307766556739807,0.8082701563835144,0.6607706949046699,0.4615725662333399
val,UVCGAN-S,thr0.5,"UVCGAN-S, thr0.5",thr,girth,-0.002912989119067788,0.014483651146292686,-0.05845426768064499,0.2906400263309479,0.2847011089324951,0.9612136469467142,0.06276832298290894
val,UVCGAN-S,thr0.5,"UVCGAN-S, thr0.5",thr,ptd,0.01607474312186241,0.04794876277446747,0.14832162857055664,0.44242316484451294,0.41682007908821106,0.9185645029644436,0.14938890507304606
val,UVCGAN-S,thr0.5,"UVCGAN-S, thr0.5",thr,core,0.008514109067618847,0.06270357221364975,0.032190997153520584,0.23707595467567444,0.234880268573761,0.973854604673198,0.04101418072522064
val,UVCGAN-S,thr0.5,"UVCGAN-S, thr0.5",thr,zlead,0.014786269515752792,0.0496235266327858,0.1037321463227272,0.3481307327747345,0.332317054271698,0.9479390014563754,0.1040492222118866
val,UVCGAN-S,thr0.5,"UVCGAN-S, thr0.5",thr,n1,-0.5125184059143066,1.902042031288147,-0.2317523956298828,0.860072135925293,0.8282601237297058,0.6528629107065815,0.23185484664722564
val,UVCGAN-S,thr0.5,"UVCGAN-S, thr0.5",thr,zg,0.006752837888221733,0.11968214741512077,0.05890716142246675,1.0440255924796882,1.0423624053493636,0.45718831312630703,0.05892895663285581
val,UVCGAN-S,thr0.5,"UVCGAN-S, thr0.5",thr,rg,-0.01654828726245759,0.08824816437504765,-0.15902918104931157,0.8480656086691998,0.8330216060716825,0.6230955739983884,0.15902918104931157
jewel,UVCGAN-S,image,UVCGAN-S,full,et,-1.2008036375045776,4.104475021362305,-0.12472309172153473,0.42631685733795166,0.4076642692089081,0.9248472934070232,0.12514298526628756
jewel,UVCGAN-S,image,UVCGAN-S,full,mass,-0.621236264705658,1.3235840797424316,-0.4706566333770752,1.0027644634246826,0.8854484558105469,0.6414755819639837,0.4707874621092914
jewel,UVCGAN-S,image,UVCGAN-S,full,girth,-0.0025685636792331934,0.0171562060713768,-0.050509534776210785,0.33736830949783325,0.3335658013820648,0.9480122720223401,0.06850508849920084
jewel,UVCGAN-S,image,UVCGAN-S,full,ptd,0.018253259360790253,0.06970971077680588,0.1564747840166092,0.5975816249847412,0.5767316222190857,0.8447390139429265,0.15661957926720235
jewel,UVCGAN-S,image,UVCGAN-S,full,core,0.007973781786859035,0.07265676558017731,0.030017202720046043,0.2735154926776886,0.2718633711338043,0.9649591715463965,0.042163899544996275
jewel,UVCGAN-S,image,UVCGAN-S,full,zlead,0.016880568116903305,0.07648779451847076,0.11346709728240967,0.5141324400901794,0.5014553070068359,0.8821394430226512,0.11354491858617193
jewel,UVCGAN-S,image,UVCGAN-S,full,n1,-0.2693219482898712,1.8467867374420166,-0.12753456830978394,0.87452632188797,0.8651769757270813,0.6651340868592148,0.12854496153802925
jewel,UVCGAN-S,image,UVCGAN-S,full,zg,0.007816256795390731,0.1283613266055622,0.07080682480887783,1.1628146570817526,1.160656848635564,0.33815761568439173,0.0710900507399067
jewel,UVCGAN-S,image,UVCGAN-S,full,rg,-0.020549468549424424,0.10180605311147364,-0.182250960946003,0.9029066111885204,0.884321737696296,0.5637863186824879,0.18273389318032005
jewel,UVCGAN-S,thr0.5,"UVCGAN-S, thr0.5",thr,et,-0.7363407611846924,3.722588539123535,-0.07623521983623505,0.38540899753570557,0.37779396772384644,0.9347815966674208,0.07700661487955646
jewel,UVCGAN-S,thr0.5,"UVCGAN-S, thr0.5",thr,mass,-0.38017579913139343,1.2036651372909546,-0.29184842109680176,0.9240139722824097,0.8767133355140686,0.6314292112556689,0.29195491912187105
jewel,UVCGAN-S,thr0.5,"UVCGAN-S, thr0.5",thr,girth,-0.004020708613097668,0.03230814263224602,-0.07182865589857101,0.5771744847297668,0.572687566280365,0.8512203023513284,0.08462624418347531
jewel,UVCGAN-S,thr0.5,"UVCGAN-S, thr0.5",thr,ptd,0.011231043376028538,0.09898880869150162,0.0939098447561264,0.8277079463005066,0.8223631978034973,0.742538691599624,0.16026102011713303
jewel,UVCGAN-S,thr0.5,"UVCGAN-S, thr0.5",thr,core,-4.333548713475466e-05,0.09538824111223221,-0.00014700223982799798,0.32357510924339294,0.32357507944107056,0.9498054181246751,0.028968377204377834
jewel,UVCGAN-S,thr0.5,"UVCGAN-S, thr0.5",thr,zlead,0.013247847557067871,0.10402045398950577,0.08415517210960388,0.6607759594917297,0.6553951501846313,0.8186871526404199,0.11343465318022276
jewel,UVCGAN-S,thr0.5,"UVCGAN-S, thr0.5",thr,n1,-0.2693219482898712,1.8467867374420166,-0.12753456830978394,0.87452632188797,0.8651769757270813,0.6651340868592148,0.12854496153802925
jewel,UVCGAN-S,thr0.5,"UVCGAN-S, thr0.5",thr,zg,0.005185657836834141,0.12351980872170247,0.045941674313878855,1.0943079937317062,1.0933431975854377,0.414263782036352,0.046142350203120394
jewel,UVCGAN-S,thr0.5,"UVCGAN-S, thr0.5",thr,rg,-0.014079892066793886,0.10266902446795584,-0.1220043356231415,0.8896421975300912,0.8812367342067202,0.5628561768347918,0.12205068785133348
val,unpaired-euler4-s0,image,unpaired-euler4-s0,full,et,-2.180332660675049,3.997431755065918,-0.33875760436058044,0.621079683303833,0.5205605030059814,0.8700218331647751,0.33879253581675556
val,unpaired-euler4-s0,image,unpaired-euler4-s0,full,mass,0.14897401630878448,1.104307770729065,0.11060023307800293,0.819852352142334,0.812358021736145,0.620629582936496,0.1754215361563334
val,unpaired-euler4-s0,image,unpaired-euler4-s0,full,girth,0.008138383738696575,0.014372213743627071,0.1786399483680725,0.31547436118125916,0.2600227892398834,0.9679841860843157,0.18329739084480753
val,unpaired-euler4-s0,image,unpaired-euler4-s0,full,ptd,-0.036323051899671555,0.047994956374168396,-0.349988728761673,0.4624527096748352,0.3022753596305847,0.9535050915900646,0.349988718371946
val,unpaired-euler4-s0,image,unpaired-euler4-s0,full,core,-0.02807687036693096,0.06062605604529381,-0.11708594858646393,0.25282230973243713,0.22407586872577667,0.9775836873383912,0.13014238281482796
val,unpaired-euler4-s0,image,unpaired-euler4-s0,full,zlead,-0.02535262145102024,0.04214712232351303,-0.1897190660238266,0.31539589166641235,0.2519548535346985,0.9686750212374665,0.18971906593539747
val,unpaired-euler4-s0,image,unpaired-euler4-s0,full,n1,-1.1004871129989624,2.175124406814575,-0.49762216210365295,0.9835554957389832,0.848382830619812,0.6120486580919,0.49762217859724917
val,unpaired-euler4-s0,image,unpaired-euler4-s0,full,zg,-0.02228169311804121,0.12206120405975616,-0.19830728408077986,1.0863458957309269,1.068092517646264,0.39093978924618217,0.1983077655649677
val,unpaired-euler4-s0,image,unpaired-euler4-s0,full,rg,0.021978295329048443,0.09182451754686687,0.2204585722756921,0.9210678869862541,0.8942952925893584,0.562793614357093,0.2505645731587434
val,unpaired-euler4-s0,thr0.5,"unpaired-euler4-s0, thr0.5",thr,et,-4.4146728515625,5.478940963745117,-0.6667084693908691,0.8274353742599487,0.4900500774383545,0.8833914959149834,0.6667084823835346
val,unpaired-euler4-s0,thr0.5,"unpaired-euler4-s0, thr0.5",thr,mass,-0.7246184349060059,1.306310772895813,-0.5236038565635681,0.9439303278923035,0.7853938937187195,0.646997756113911,0.5236055456169589
val,unpaired-euler4-s0,thr0.5,"unpaired-euler4-s0, thr0.5",thr,girth,0.00011673718836391345,0.013325790874660015,0.0023425377439707518,0.26740550994873047,0.2673952579498291,0.9641551165360412,0.010362538949480813
val,unpaired-euler4-s0,thr0.5,"unpaired-euler4-s0, thr0.5",thr,ptd,-0.0013477312168106437,0.04056981950998306,-0.01243551354855299,0.37433767318725586,0.37413105368614197,0.9306169174723159,0.01943503415044266
val,unpaired-euler4-s0,thr0.5,"unpaired-euler4-s0, thr0.5",thr,core,0.00012124226486776024,0.0601455494761467,0.0004584049165714532,0.22740432620048523,0.22740386426448822,0.9741390817506724,0.0178801660138865
val,unpaired-euler4-s0,thr0.5,"unpaired-euler4-s0, thr0.5",thr,zlead,0.0034493166022002697,0.04204964265227318,0.024198463186621666,0.29499661922454834,0.2940024435520172,0.9570675306096227,0.028921849443057406
val,unpaired-euler4-s0,thr0.5,"unpaired-euler4-s0, thr0.5",thr,n1,-1.1004871129989624,2.175124406814575,-0.49762216210365295,0.9835554957389832,0.848382830619812,0.6120486580919,0.49762217859724917
val,unpaired-euler4-s0,thr0.5,"unpaired-euler4-s0, thr0.5",thr,zg,-0.006852928475655142,0.12054356407388729,-0.05978037913745073,1.051541685939989,1.049841046796941,0.44739612448913413,0.06021391140966981
val,unpaired-euler4-s0,thr0.5,"unpaired-euler4-s0, thr0.5",thr,rg,-0.008145896456155615,0.08923728365885619,-0.07811307501937899,0.8557190323358899,0.8521463546908409,0.623119472298976,0.07814428583097331
jewel,unpaired-euler4-s0,image,unpaired-euler4-s0,full,et,-0.6328202486038208,3.3670222759246826,-0.06572873145341873,0.3497203290462494,0.34348803758621216,0.9398541634263958,0.06596248164508772
jewel,unpaired-euler4-s0,image,unpaired-euler4-s0,full,mass,0.613031804561615,1.2215396165847778,0.46444082260131836,0.9254542589187622,0.8004750609397888,0.6700558769973973,0.46561282412313654
jewel,unpaired-euler4-s0,image,unpaired-euler4-s0,full,girth,0.012276405468583107,0.019991829991340637,0.24140943586826324,0.39312943816185,0.31027767062187195,0.9537774864132453,0.2534036661791127
jewel,unpaired-euler4-s0,image,unpaired-euler4-s0,full,ptd,-0.06095737963914871,0.07631223648786545,-0.5225528478622437,0.6541813015937805,0.39356282353401184,0.919306784251743,0.5225528402065207
jewel,unpaired-euler4-s0,image,unpaired-euler4-s0,full,core,-0.04261226952075958,0.08373556286096573,-0.16041335463523865,0.31522148847579956,0.2713524401187897,0.967956680132421,0.18700448340442735
jewel,unpaired-euler4-s0,image,unpaired-euler4-s0,full,zlead,-0.0499768890440464,0.07043467462062836,-0.33593255281448364,0.4734448492527008,0.33361557126045227,0.9435459967095514,0.33593255881778694
jewel,unpaired-euler4-s0,image,unpaired-euler4-s0,full,n1,-0.8217164278030396,1.9084051847457886,-0.3891151249408722,0.9037051200866699,0.815642237663269,0.6646023191079332,0.38911514121468077
jewel,unpaired-euler4-s0,image,unpaired-euler4-s0,full,zg,-0.01984923871204561,0.12676202105909998,-0.17967412798595053,1.1474422735270366,1.1332876858103518,0.32136066299008514,0.17967434096295176
jewel,unpaired-euler4-s0,image,unpaired-euler4-s0,full,rg,0.037848356770243265,0.10619471403421837,0.3343312284223545,0.9380647463917015,0.8764634037565553,0.569994266366384,0.3857368585438604
jewel,unpaired-euler4-s0,thr0.5,"unpaired-euler4-s0, thr0.5",thr,et,-3.137573003768921,4.445044040679932,-0.32484087347984314,0.46020665764808655,0.3259885907173157,0.9459927196625589,0.32484765574007995
jewel,unpaired-euler4-s0,thr0.5,"unpaired-euler4-s0, thr0.5",thr,mass,-0.3228174149990082,1.1076087951660156,-0.247816264629364,0.8502746820449829,0.813359797000885,0.6485743545213142,0.2478162423636914
jewel,unpaired-euler4-s0,thr0.5,"unpaired-euler4-s0, thr0.5",thr,girth,0.0032944632694125175,0.018454065546393394,0.058854516595602036,0.3296758830547333,0.32437995076179504,0.9466373768213744,0.059679681966254054
jewel,unpaired-euler4-s0,thr0.5,"unpaired-euler4-s0, thr0.5",thr,ptd,-0.012324579991400242,0.06110111251473427,-0.10305359214544296,0.5109049677848816,0.500403642654419,0.872168844042099,0.10305359455323267
jewel,unpaired-euler4-s0,thr0.5,"unpaired-euler4-s0, thr0.5",thr,core,-0.01096695102751255,0.08046279847621918,-0.03720198944211006,0.2729451656341553,0.27039799094200134,0.9628205670924188,0.04076258847110305
jewel,unpaired-euler4-s0,thr0.5,"unpaired-euler4-s0, thr0.5",thr,zlead,-0.009220754727721214,0.06458064913749695,-0.058573607355356216,0.41023990511894226,0.4060368239879608,0.9160738002675697,0.05857360958139796
jewel,unpaired-euler4-s0,thr0.5,"unpaired-euler4-s0, thr0.5",thr,n1,-0.8217164278030396,1.9084051847457886,-0.3891151249408722,0.9037051200866699,0.815642237663269,0.6646023191079332,0.38911514121468077
jewel,unpaired-euler4-s0,thr0.5,"unpaired-euler4-s0, thr0.5",thr,zg,-0.006352141770443328,0.12413534197213545,-0.05619941816116396,1.0982648442344567,1.0968260087542063,0.39773824341892305,0.05622039596202232
jewel,unpaired-euler4-s0,thr0.5,"unpaired-euler4-s0, thr0.5",thr,rg,0.005331976052490684,0.10232445704025261,0.04552368258949863,0.873632225198631,0.8724453330891295,0.6172786437546047,0.055032995494462895
val,unpaired-midpoint32-s0,image,unpaired-midpoint32-s0,full,et,-9.769021987915039,10.385974884033203,-1.5178098678588867,1.6136655807495117,0.5478779673576355,0.8413337425089648,1.5178097048232198
val,unpaired-midpoint32-s0,image,unpaired-midpoint32-s0,full,mass,-1.863052487373352,2.172673463821411,-1.3831541538238525,1.6130207777023315,0.8298919796943665,0.55814909636662,1.3831542324333224
val,unpaired-midpoint32-s0,image,unpaired-midpoint32-s0,full,girth,-0.001964730676263571,0.011361171491444111,-0.0431264229118824,0.24938109517097473,0.24562376737594604,0.9694343806594378,0.04767445111227043
val,unpaired-midpoint32-s0,image,unpaired-midpoint32-s0,full,ptd,-0.007981698960065842,0.033938854932785034,-0.076907217502594,0.3270159363746643,0.31784385442733765,0.9521947663281036,0.07711220253849245
val,unpaired-midpoint32-s0,image,unpaired-midpoint32-s0,full,core,0.006222219206392765,0.05089474469423294,0.025947850197553635,0.21224087476730347,0.21064874529838562,0.977667431190506,0.039500859557656455
val,unpaired-midpoint32-s0,image,unpaired-midpoint32-s0,full,zlead,0.005165389273315668,0.0357048436999321,0.03865370899438858,0.2671869397163391,0.264376163482666,0.9655781712530664,0.051612653749674914
val,unpaired-midpoint32-s0,image,unpaired-midpoint32-s0,full,n1,-2.923530101776123,3.5915260314941406,-1.3219722509384155,1.6240289211273193,0.9433237314224243,0.4438104061363501,1.3219721989788566
val,unpaired-midpoint32-s0,image,unpaired-midpoint32-s0,full,zg,-0.0034665523472236837,0.1252627995113309,-0.03084548568205331,1.1145921081835477,1.1141652137982425,0.3846064767601812,0.0312159002660789
val,unpaired-midpoint32-s0,image,unpaired-midpoint32-s0,full,rg,-0.0342482418416182,0.09061770940006696,-0.3447635622688974,0.9122127915906674,0.8445532921452018,0.589265342452353,0.3447635622688974
val,unpaired-midpoint32-s0,thr0.5,"unpaired-midpoint32-s0, thr0.5",thr,et,-11.864566802978516,12.398148536682129,-1.7917991876602173,1.872381329536438,0.5433850884437561,0.8453225243565657,1.7917991710757935
val,unpaired-midpoint32-s0,thr0.5,"unpaired-midpoint32-s0, thr0.5",thr,mass,-2.6489033699035645,2.8988211154937744,-1.914077639579773,2.0946664810180664,0.8508428335189819,0.5260231311411095,1.9140777555516075
val,unpaired-midpoint32-s0,thr0.5,"unpaired-midpoint32-s0, thr0.5",thr,girth,-0.014692936092615128,0.024168994277715683,-0.29483968019485474,0.48499351739883423,0.3850821554660797,0.9454894467150543,0.3086284536693661
val,unpaired-midpoint32-s0,thr0.5,"unpaired-midpoint32-s0, thr0.5",thr,ptd,0.0683470070362091,0.09053549915552139,0.6306377053260803,0.8353708982467651,0.5478509068489075,0.8696755166267541,0.6326832708350024
val,unpaired-midpoint32-s0,thr0.5,"unpaired-midpoint32-s0, thr0.5",thr,core,0.055710162967443466,0.10605870932340622,0.21063457429409027,0.4009974002838135,0.34122133255004883,0.9639941775789002,0.24696639433562942
val,unpaired-midpoint32-s0,thr0.5,"unpaired-midpoint32-s0, thr0.5",thr,zlead,0.06935553252696991,0.09486321359872818,0.48655936121940613,0.665506899356842,0.4540478587150574,0.9149158310662084,0.4871928500347508
val,unpaired-midpoint32-s0,thr0.5,"unpaired-midpoint32-s0, thr0.5",thr,n1,-2.923530101776123,3.5915260314941406,-1.3219722509384155,1.6240289211273193,0.9433237314224243,0.4438104061363501,1.3219721989788566
val,unpaired-midpoint32-s0,thr0.5,"unpaired-midpoint32-s0, thr0.5",thr,zg,0.018345547996622184,0.1337845151029305,0.16008140399261195,1.1673902035573502,1.1563623270659702,0.3434167212550674,0.16008406908186126
val,unpaired-midpoint32-s0,thr0.5,"unpaired-midpoint32-s0, thr0.5",thr,rg,-0.05984428396596026,0.1093270375123951,-0.5775207702540149,1.0550487152567751,0.8829482156333865,0.5366344249761358,0.5781649469486194
jewel,unpaired-midpoint32-s0,image,unpaired-midpoint32-s0,full,et,-7.7497992515563965,8.472322463989258,-0.8049433827400208,0.8799892067909241,0.35559403896331787,0.9357435486622729,0.8049434132172674
jewel,unpaired-midpoint32-s0,image,unpaired-midpoint32-s0,full,mass,-1.257630467414856,1.6097215414047241,-0.9527971148490906,1.219545841217041,0.7612290382385254,0.6507718479705732,0.9527971608313793
jewel,unpaired-midpoint32-s0,image,unpaired-midpoint32-s0,full,girth,0.0021073489915579557,0.01437675952911377,0.0414399728178978,0.28271186351776123,0.2796582281589508,0.9601580805884877,0.059790417856097365
jewel,unpaired-midpoint32-s0,image,unpaired-midpoint32-s0,full,ptd,-0.032788366079330444,0.059028588235378265,-0.28107595443725586,0.5060184597969055,0.4207742512226105,0.9150946110047831,0.2810759725958832
jewel,unpaired-midpoint32-s0,image,unpaired-midpoint32-s0,full,core,-0.008571767248213291,0.06422493606805801,-0.03226831182837486,0.24177396297454834,0.2396109700202942,0.971151099764998,0.059063309803235264
jewel,unpaired-midpoint32-s0,image,unpaired-midpoint32-s0,full,zlead,-0.017602065578103065,0.05350580811500549,-0.11831682920455933,0.359653115272522,0.33963432908058167,0.9416359034843818,0.11831683489959641
jewel,unpaired-midpoint32-s0,image,unpaired-midpoint32-s0,full,n1,-2.4140586853027344,3.012873411178589,-1.1431519985198975,1.426714301109314,0.853649377822876,0.5881133583799745,1.143152026952824
jewel,unpaired-midpoint32-s0,image,unpaired-midpoint32-s0,full,zg,-0.007631776715418981,0.1263197501501764,-0.06905858557375939,1.143044876794846,1.1409568362236566,0.3484607320776421,0.06905865180108853
jewel,unpaired-midpoint32-s0,image,unpaired-midpoint32-s0,full,rg,-0.021149354110066677,0.09463891445639692,-0.18710474497746957,0.8372544079670186,0.816080117431566,0.6159645054759987,0.18710474497746957
jewel,unpaired-midpoint32-s0,thr0.5,"unpaired-midpoint32-s0, thr0.5",thr,et,-9.800458908081055,10.341241836547852,-1.0146663188934326,1.0706548690795898,0.34169337153434753,0.9414411810225268,1.0146662330340885
jewel,unpaired-midpoint32-s0,thr0.5,"unpaired-midpoint32-s0, thr0.5",thr,mass,-1.9955971240997314,2.24314546585083,-1.531954050064087,1.7219886779785156,0.7863597273826599,0.6187651587527674,1.5319540852449265
jewel,unpaired-midpoint32-s0,thr0.5,"unpaired-midpoint32-s0, thr0.5",thr,girth,-0.015399444848299026,0.03810514509677887,-0.2751061022281647,0.6807360649108887,0.6226701736450195,0.8520448600186395,0.30290027320967805
jewel,unpaired-midpoint32-s0,thr0.5,"unpaired-midpoint32-s0, thr0.5",thr,ptd,0.08118586242198944,0.14471493661403656,0.6788462400436401,1.2100529670715332,1.0016964673995972,0.6534405959396912,0.7426710588772835
jewel,unpaired-midpoint32-s0,thr0.5,"unpaired-midpoint32-s0, thr0.5",thr,core,0.044409140944480896,0.130418062210083,0.15064427256584167,0.4424029588699341,0.4159647822380066,0.940707864858463,0.22256804212141615
jewel,unpaired-midpoint32-s0,thr0.5,"unpaired-midpoint32-s0, thr0.5",thr,zlead,0.08626431226730347,0.1545545607805252,0.5479824542999268,0.9817870855331421,0.8146294355392456,0.7509835860512224,0.5713930890324065
jewel,unpaired-midpoint32-s0,thr0.5,"unpaired-midpoint32-s0, thr0.5",thr,n1,-2.4140586853027344,3.012873411178589,-1.1431519985198975,1.426714301109314,0.853649377822876,0.5881133583799745,1.143152026952824
jewel,unpaired-midpoint32-s0,thr0.5,"unpaired-midpoint32-s0, thr0.5",thr,zg,0.020167286251684746,0.13199953270999748,0.1786458842958055,1.1692784519107355,1.1555508409961615,0.3610479058236824,0.17864973251342786
jewel,unpaired-midpoint32-s0,thr0.5,"unpaired-midpoint32-s0, thr0.5",thr,rg,-0.05805695310835512,0.1179923325385192,-0.5088282031137149,1.034119486682646,0.9002760534707382,0.5019309094266506,0.5097378352042702
val,paired-euler4-s0,image,paired-euler4-s0,full,et,-6.950091361999512,7.828674793243408,-1.0798335075378418,1.2163387537002563,0.559856653213501,0.8500301900475117,1.079833522330841
val,paired-euler4-s0,image,paired-euler4-s0,full,mass,-1.3536324501037598,1.7497632503509521,-1.004954218864441,1.2990467548370361,0.8231584429740906,0.5767000613364326,1.004954150755634
val,paired-euler4-s0,image,paired-euler4-s0,full,girth,-0.0006685630651190877,0.01106382254511118,-0.014675158075988293,0.24285419285297394,0.24241040647029877,0.9702069002603787,0.027843923238527926
val,paired-euler4-s0,image,paired-euler4-s0,full,ptd,-0.005602206103503704,0.03349006548523903,-0.053979743272066116,0.3226916491985321,0.3181447386741638,0.9530268095618427,0.06320616805784987
val,paired-euler4-s0,image,paired-euler4-s0,full,core,0.0011104216100648046,0.04974525421857834,0.004630671348422766,0.20744727551937103,0.20739558339118958,0.9783096559950889,0.025061988130592246
val,paired-euler4-s0,image,paired-euler4-s0,full,zlead,0.006274464540183544,0.035550978034734726,0.04695315659046173,0.2660355567932129,0.26185932755470276,0.9668422172120203,0.05288998851567101
val,paired-euler4-s0,image,paired-euler4-s0,full,n1,-2.350175619125366,3.090181827545166,-1.0627107620239258,1.397329330444336,0.9072901010513306,0.5151578377348948,1.0627107365657746
val,paired-euler4-s0,image,paired-euler4-s0,full,zg,-0.0027537701902417633,0.12324218064923992,-0.02450497617962867,1.0966952550495788,1.096421446611975,0.40275600097741693,0.025307451997258226
val,paired-euler4-s0,image,paired-euler4-s0,full,rg,-0.028481881076740042,0.08883973013053693,-0.286937941439769,0.8950072227686785,0.8477644404965395,0.59056001957657,0.2869379414397689
val,paired-euler4-s0,thr0.5,"paired-euler4-s0, thr0.5",thr,et,-9.037096977233887,9.726022720336914,-1.364791750907898,1.4688340425491333,0.5429701805114746,0.8582592488332342,1.3647918686826774
val,paired-euler4-s0,thr0.5,"paired-euler4-s0, thr0.5",thr,mass,-2.181452512741089,2.4648513793945312,-1.5763012170791626,1.781083106994629,0.8291755318641663,0.5627840166830279,1.576301187385949
val,paired-euler4-s0,thr0.5,"paired-euler4-s0, thr0.5",thr,girth,-0.011343567632138729,0.02059352397918701,-0.227628692984581,0.41324540972709656,0.3449013829231262,0.9530011095591578,0.23846010365826872
val,paired-euler4-s0,thr0.5,"paired-euler4-s0, thr0.5",thr,ptd,0.054589755833148956,0.07773684710264206,0.5036996006965637,0.7172777652740479,0.5106604695320129,0.8894851294665397,0.5052231851401733
val,paired-euler4-s0,thr0.5,"paired-euler4-s0, thr0.5",thr,core,0.041656821966171265,0.08953913301229477,0.15750029683113098,0.3385385274887085,0.2996698319911957,0.9687233482360249,0.18615859815580055
val,paired-euler4-s0,thr0.5,"paired-euler4-s0, thr0.5",thr,zlead,0.056648675352334976,0.08196786046028137,0.3974152207374573,0.575040340423584,0.4156110882759094,0.9290963325989362,0.39788893050782814
val,paired-euler4-s0,thr0.5,"paired-euler4-s0, thr0.5",thr,n1,-2.350175619125366,3.090181827545166,-1.0627107620239258,1.397329330444336,0.9072901010513306,0.5151578377348948,1.0627107365657746
val,paired-euler4-s0,thr0.5,"paired-euler4-s0, thr0.5",thr,zg,0.015218419065988113,0.13017650408033865,0.13277330608046006,1.1357266970897963,1.1279389964333013,0.37312939605687434,0.13277617785496235
val,paired-euler4-s0,thr0.5,"paired-euler4-s0, thr0.5",thr,rg,-0.04961073668575728,0.10309212066877,-0.4780361418833203,0.9933688333480599,0.8707830304505227,0.5580753267823346,0.47806888229646727
jewel,paired-euler4-s0,image,paired-euler4-s0,full,et,-5.3737382888793945,6.356921195983887,-0.558150589466095,0.6602702140808105,0.3527388572692871,0.9371952551558954,0.5581761575506454
jewel,paired-euler4-s0,image,paired-euler4-s0,full,mass,-0.8575057983398438,1.327544927597046,-0.6496574878692627,1.0057651996612549,0.7677948474884033,0.6619070791013457,0.6496574673475958
jewel,paired-euler4-s0,image,paired-euler4-s0,full,girth,0.0028806007467210293,0.01435333676636219,0.05664558708667755,0.2822512686252594,0.2765086889266968,0.9610704186844035,0.06976298094850743
jewel,paired-euler4-s0,image,paired-euler4-s0,full,ptd,-0.02737506665289402,0.054052241146564484,-0.23467083275318146,0.4633590579032898,0.39953869581222534,0.9246720868989753,0.23467085477965768
jewel,paired-euler4-s0,image,paired-euler4-s0,full,core,-0.011610427871346474,0.06378786265850067,-0.043707311153411865,0.24012860655784607,0.23611734807491302,0.9719898380390959,0.06528316023376388
jewel,paired-euler4-s0,image,paired-euler4-s0,full,zlead,-0.013584422878921032,0.05023193359375,-0.09131120890378952,0.3376469016075134,0.3250656723976135,0.9473153398487466,0.0913112065890649
jewel,paired-euler4-s0,image,paired-euler4-s0,full,n1,-1.9664533138275146,2.635448932647705,-0.9311931729316711,1.2479889392852783,0.8308764100074768,0.6283699593264598,0.9311931733425187
jewel,paired-euler4-s0,image,paired-euler4-s0,full,zg,-0.006114260970128833,0.12636021968430672,-0.055323633787168584,1.1433444782997961,1.1420052064693995,0.3499162159241005,0.05532523668229657
jewel,paired-euler4-s0,image,paired-euler4-s0,full,rg,-0.017294794704428584,0.09381416234897254,-0.153083453700177,0.8303883465406146,0.816155783091489,0.616717801498822,0.15308345370017704
jewel,paired-euler4-s0,thr0.5,"paired-euler4-s0, thr0.5",thr,et,-7.439115047454834,8.105817794799805,-0.770190417766571,0.8392158150672913,0.3333015441894531,0.9436000225693041,0.7701903646534156
jewel,paired-euler4-s0,thr0.5,"paired-euler4-s0, thr0.5",thr,mass,-1.6460890769958496,1.9360954761505127,-1.263648271560669,1.486276626586914,0.782439112663269,0.6273829990948795,1.263648275228651
jewel,paired-euler4-s0,thr0.5,"paired-euler4-s0, thr0.5",thr,girth,-0.011318881064653397,0.03271476551890373,-0.20220813155174255,0.584438681602478,0.548343300819397,0.8782899078637978,0.22666664584562243
jewel,paired-euler4-s0,thr0.5,"paired-euler4-s0, thr0.5",thr,ptd,0.06459274888038635,0.12447189539670944,0.5401007533073425,1.0407880544662476,0.8896803855895996,0.7101204556249089,0.5811107160308313
jewel,paired-euler4-s0,thr0.5,"paired-euler4-s0, thr0.5",thr,core,0.032498449087142944,0.11396611481904984,0.11024094372987747,0.3865948021411896,0.370543509721756,0.9476609193818982,0.16522650527615337
jewel,paired-euler4-s0,thr0.5,"paired-euler4-s0, thr0.5",thr,zlead,0.06923098862171173,0.13419897854328156,0.4397805631160736,0.8524810075759888,0.7302855849266052,0.791664542242475,0.45460043778503767
jewel,paired-euler4-s0,thr0.5,"paired-euler4-s0, thr0.5",thr,n1,-1.9664533138275146,2.635448932647705,-0.9311931729316711,1.2479889392852783,0.8308764100074768,0.6283699593264598,0.9311931733425187
jewel,paired-euler4-s0,thr0.5,"paired-euler4-s0, thr0.5",thr,zg,0.015619302359153353,0.13050304417631567,0.1383667392906835,1.1560875303500828,1.1477774275916988,0.36868211059085065,0.13837013062923492
jewel,paired-euler4-s0,thr0.5,"paired-euler4-s0, thr0.5",thr,rg,-0.04736698204565831,0.11320337016681598,-0.411576115725725,0.9836346199005974,0.8933880268008507,0.5222744746891631,0.41249192167920984
val,paired-midpoint32-s0,image,paired-midpoint32-s0,full,et,-9.410358428955078,10.055538177490234,-1.462084412574768,1.5623257160186768,0.5506094098091125,0.8415542448445837,1.4620845118959136
val,paired-midpoint32-s0,image,paired-midpoint32-s0,full,mass,-1.7524806261062622,2.0811336040496826,-1.3010642528533936,1.545060396194458,0.8333329558372498,0.5530640559963768,1.3010641645918992
val,paired-midpoint32-s0,image,paired-midpoint32-s0,full,girth,-0.000808590732049197,0.011175357736647129,-0.01774880662560463,0.24530242383480072,0.24465948343276978,0.9696452482019493,0.02972933622363262
val,paired-midpoint32-s0,image,paired-midpoint32-s0,full,ptd,-0.0063976626843214035,0.03383254259824753,-0.06164431944489479,0.32599157094955444,0.32011011242866516,0.9536843827843327,0.07601459642505638
val,paired-midpoint32-s0,image,paired-midpoint32-s0,full,core,0.0019539000932127237,0.05024435743689537,0.008148139342665672,0.2095286250114441,0.20937013626098633,0.9779159753852322,0.028760729451673905
val,paired-midpoint32-s0,image,paired-midpoint32-s0,full,zlead,0.0069959103129804134,0.03590024262666702,0.05235188826918602,0.268649160861969,0.26349887251853943,0.9669043837246534,0.06167266184734151
val,paired-midpoint32-s0,image,paired-midpoint32-s0,full,n1,-2.8685851097106934,3.538440704345703,-1.2971270084381104,1.600024700164795,0.9367713332176208,0.4583463042426837,1.297126949172426
val,paired-midpoint32-s0,image,paired-midpoint32-s0,full,zg,-0.0036032591334556182,0.12523322202999176,-0.032059874448899135,1.1142582940634065,1.113796978959547,0.3837133575479254,0.03277016072820159
val,paired-midpoint32-s0,image,paired-midpoint32-s0,full,rg,-0.030966001619024356,0.08953555554235239,-0.31182130073497527,0.9016047255546384,0.8459660498804922,0.5907929425048214,0.3118213007349752
val,paired-midpoint32-s0,thr0.5,"paired-midpoint32-s0, thr0.5",thr,et,-11.51773452758789,12.06588077545166,-1.7394202947616577,1.8222018480300903,0.5429885387420654,0.8467456082456659,1.739420372446804
val,paired-midpoint32-s0,thr0.5,"paired-midpoint32-s0, thr0.5",thr,mass,-2.5772364139556885,2.8320181369781494,-1.862291693687439,2.0463950634002686,0.8482937216758728,0.5295744897690164,1.8622917065839288
val,paired-midpoint32-s0,thr0.5,"paired-midpoint32-s0, thr0.5",thr,girth,-0.013493947684764862,0.023061426356434822,-0.27077987790107727,0.46276819705963135,0.3752767741680145,0.947788040390555,0.2853035447118442
val,paired-midpoint32-s0,thr0.5,"paired-midpoint32-s0, thr0.5",thr,ptd,0.06810324639081955,0.09068506956100464,0.628388524055481,0.8367509841918945,0.5525214672088623,0.8735186847997028,0.6304340833490089
val,paired-midpoint32-s0,thr0.5,"paired-midpoint32-s0, thr0.5",thr,core,0.05049578845500946,0.10113633424043655,0.19091954827308655,0.3823864161968231,0.33131417632102966,0.9654852306716492,0.2289935684363948
val,paired-midpoint32-s0,thr0.5,"paired-midpoint32-s0, thr0.5",thr,zlead,0.06977509707212448,0.09540201723575592,0.48950278759002686,0.669286847114563,0.45643389225006104,0.9177205732363323,0.49013810908845773
val,paired-midpoint32-s0,thr0.5,"paired-midpoint32-s0, thr0.5",thr,n1,-2.8685851097106934,3.538440704345703,-1.2971270084381104,1.600024700164795,0.9367713332176208,0.4583463042426837,1.297126949172426
val,paired-midpoint32-s0,thr0.5,"paired-midpoint32-s0, thr0.5",thr,zg,0.01776686677807139,0.13280619222014417,0.15507397744159718,1.159168057806906,1.1487482960859081,0.3520485681603877,0.15511684794403402
val,paired-midpoint32-s0,thr0.5,"paired-midpoint32-s0, thr0.5",thr,rg,-0.0562788651932006,0.10717147350724131,-0.5430234875364484,1.0340760622755654,0.8800220420847946,0.5424101784014977,0.5432965156551579
jewel,paired-midpoint32-s0,image,paired-midpoint32-s0,full,et,-7.417588710784912,8.165450096130371,-0.7704378962516785,0.8481155037879944,0.3545777499675751,0.9355000126580837,0.7704378651886457
jewel,paired-midpoint32-s0,image,paired-midpoint32-s0,full,mass,-1.1664015054702759,1.5389806032180786,-0.8836808800697327,1.1659516096115112,0.7606256604194641,0.6542589209228953,0.8836808438414118
jewel,paired-midpoint32-s0,image,paired-midpoint32-s0,full,girth,0.003045039949938655,0.01452330406755209,0.059879202395677567,0.28559356927871704,0.2792457044124603,0.9602941272154467,0.07523768979256892
jewel,paired-midpoint32-s0,image,paired-midpoint32-s0,full,ptd,-0.03040327876806259,0.05733645334839821,-0.2606299817562103,0.4915127158164978,0.4167214632034302,0.9202882092081033,0.2606299660108745
jewel,paired-midpoint32-s0,image,paired-midpoint32-s0,full,core,-0.011942025274038315,0.06450837105512619,-0.044955603778362274,0.2428409606218338,0.23864352703094482,0.971382978566918,0.06855685830604691
jewel,paired-midpoint32-s0,image,paired-midpoint32-s0,full,zlead,-0.015166825614869595,0.05217062309384346,-0.10194773226976395,0.35067832469940186,0.3355323374271393,0.9444984176244671,0.101947735629746
jewel,paired-midpoint32-s0,image,paired-midpoint32-s0,full,n1,-2.369250774383545,2.9695985317230225,-1.1219336986541748,1.4062219858169556,0.8477766513824463,0.5965562430606547,1.1219336883234023
jewel,paired-midpoint32-s0,image,paired-midpoint32-s0,full,zg,-0.007188031916524843,0.12657778761645488,-0.06503473329331898,1.145230398820262,1.1433823288154679,0.34990505532528193,0.06503552908054606
jewel,paired-midpoint32-s0,image,paired-midpoint32-s0,full,rg,-0.018361883013796793,0.09422329652188732,-0.16258824264528918,0.8343153142969473,0.8183196851010799,0.6147527165277727,0.16258824264528915
jewel,paired-midpoint32-s0,thr0.5,"paired-midpoint32-s0, thr0.5",thr,et,-9.483576774597168,10.038228034973145,-0.9818586707115173,1.0392831563949585,0.34068018198013306,0.941131873002823,0.9818586515747342
jewel,paired-midpoint32-s0,thr0.5,"paired-midpoint32-s0, thr0.5",thr,mass,-1.9436343908309937,2.1984589099884033,-1.4920639991760254,1.6876842975616455,0.7886844873428345,0.614951566473252,1.492064057418763
jewel,paired-midpoint32-s0,thr0.5,"paired-midpoint32-s0, thr0.5",thr,girth,-0.014246823266148567,0.03673689812421799,-0.2545148730278015,0.6562927961349487,0.6049317121505737,0.8589528370176892,0.28122616790095234
jewel,paired-midpoint32-s0,thr0.5,"paired-midpoint32-s0, thr0.5",thr,ptd,0.0808551013469696,0.14257216453552246,0.6760805249214172,1.1921359300613403,0.9818875193595886,0.6727171512375371,0.7340069074883053
jewel,paired-midpoint32-s0,thr0.5,"paired-midpoint32-s0, thr0.5",thr,core,0.040099773555994034,0.12489529699087143,0.13602608442306519,0.42366868257522583,0.4012381434440613,0.9439676484776426,0.20804075956875262
jewel,paired-midpoint32-s0,thr0.5,"paired-midpoint32-s0, thr0.5",thr,zlead,0.08619971573352814,0.15286090970039368,0.547572135925293,0.9710284471511841,0.8019108176231384,0.7634365420705479,0.5687881292080212
jewel,paired-midpoint32-s0,thr0.5,"paired-midpoint32-s0, thr0.5",thr,n1,-2.369250774383545,2.9695985317230225,-1.1219336986541748,1.4062219858169556,0.8477766513824463,0.5965562430606547,1.1219336883234023
jewel,paired-midpoint32-s0,thr0.5,"paired-midpoint32-s0, thr0.5",thr,zg,0.018598055721152456,0.13168372214544885,0.16476072131942196,1.1665899582198933,1.1548965474577348,0.3606009580165032,0.16476083295253083
jewel,paired-midpoint32-s0,thr0.5,"paired-midpoint32-s0, thr0.5",thr,rg,-0.055193287768859935,0.11669996513259842,-0.48306187633973846,1.0213797076524382,0.89992651412841,0.503241317847214,0.48399329605658375
val,jointMB-euler4-s0,image,jointMB-euler4-s0,full,et,-3.175457239151001,5.078553676605225,-0.49336978793144226,0.7890532612800598,0.6157851219177246,0.8387844529492448,0.4934542175636409
val,jointMB-euler4-s0,image,jointMB-euler4-s0,full,mass,-1.4073253870010376,1.8303382396697998,-1.044816493988037,1.3588666915893555,0.8688368201255798,0.5277629375980747,1.0448164754807705
val,jointMB-euler4-s0,image,jointMB-euler4-s0,full,girth,-0.008118047378957272,0.015400376170873642,-0.17819355428218842,0.33804282546043396,0.28726300597190857,0.96392759333161,0.18403976092194033
val,jointMB-euler4-s0,image,jointMB-euler4-s0,full,ptd,0.028498725965619087,0.04680580645799637,0.2745978832244873,0.45099472999572754,0.3577600419521332,0.9387920756671735,0.27563507321853553
val,jointMB-euler4-s0,image,jointMB-euler4-s0,full,core,0.027992360293865204,0.06651701033115387,0.11673352122306824,0.27738872170448303,0.2516302764415741,0.9741172765185679,0.13085376308890204
val,jointMB-euler4-s0,image,jointMB-euler4-s0,full,zlead,0.03419392183423042,0.053619638085365295,0.2558804154396057,0.40124717354774475,0.3090704083442688,0.95404019327185,0.25652113841997
val,jointMB-euler4-s0,image,jointMB-euler4-s0,full,n1,-1.7068086862564087,2.5884599685668945,-0.7717908024787903,1.1704590320587158,0.8799507021903992,0.5505101883970941,0.7717907908941894
val,jointMB-euler4-s0,image,jointMB-euler4-s0,full,zg,0.014280388137854361,0.13290331744163064,0.12701633307871635,1.1821031664177788,1.1752594382459454,0.33675656627667405,0.12713964413087125
val,jointMB-euler4-s0,image,jointMB-euler4-s0,full,rg,-0.055918901884468075,0.10523910856217843,-0.5631665734193374,1.0598768244969703,0.8978765470201924,0.5104984763388547,0.5631665734193374
val,jointMB-euler4-s0,thr0.5,"jointMB-euler4-s0, thr0.5",thr,et,-4.012955188751221,5.626856327056885,-0.6060406565666199,0.8497737050056458,0.5956761240959167,0.8523269289885754,0.6060662403711833
val,jointMB-euler4-s0,thr0.5,"jointMB-euler4-s0, thr0.5",thr,mass,-1.7417197227478027,2.122816324234009,-1.2585536241531372,1.5339311361312866,0.8769192099571228,0.513671832005457,1.2585536290194195
val,jointMB-euler4-s0,thr0.5,"jointMB-euler4-s0, thr0.5",thr,girth,-0.012645754031836987,0.02323777787387371,-0.25375935435295105,0.46630701422691345,0.3912140130996704,0.940877559427533,0.268468193004498
val,jointMB-euler4-s0,thr0.5,"jointMB-euler4-s0, thr0.5",thr,ptd,0.05486397445201874,0.07824727147817612,0.506229817867279,0.7219874262809753,0.5147787928581238,0.8771161157063164,0.5114453705699128
val,jointMB-euler4-s0,thr0.5,"jointMB-euler4-s0, thr0.5",thr,core,0.04527655988931656,0.0950574204325676,0.171186164021492,0.3594026267528534,0.3160151243209839,0.9663243436482644,0.2041596521334807
val,jointMB-euler4-s0,thr0.5,"jointMB-euler4-s0, thr0.5",thr,zlead,0.05676713585853577,0.08340999484062195,0.39824625849723816,0.585157573223114,0.4287298619747162,0.9161930536150698,0.39988935175989265
val,jointMB-euler4-s0,thr0.5,"jointMB-euler4-s0, thr0.5",thr,n1,-1.7068086862564087,2.5884599685668945,-0.7717908024787903,1.1704590320587158,0.8799507021903992,0.5505101883970941,0.7717907908941894
val,jointMB-euler4-s0,thr0.5,"jointMB-euler4-s0, thr0.5",thr,zg,0.021042278624182703,0.134051301873564,0.1836094932614074,1.169697067871281,1.1551964268343984,0.3471534335342273,0.1836155757202766
val,jointMB-euler4-s0,thr0.5,"jointMB-euler4-s0, thr0.5",thr,rg,-0.05879156124978313,0.10954335913059014,-0.5678749856068998,1.0580928991717293,0.892792576133784,0.503748080781693,0.5678749856068998
jewel,jointMB-euler4-s0,image,jointMB-euler4-s0,full,et,-1.6290513277053833,4.44966459274292,-0.16920362412929535,0.46217042207717896,0.430083304643631,0.9193081387674106,0.16963309018983677
jewel,jointMB-euler4-s0,image,jointMB-euler4-s0,full,mass,-0.8536304831504822,1.4034397602081299,-0.6467214822769165,1.0632641315460205,0.8439679741859436,0.592458397798427,0.6467214767313736
jewel,jointMB-euler4-s0,image,jointMB-euler4-s0,full,girth,-0.004629579372704029,0.01646464318037033,-0.09103838354349136,0.32376906275749207,0.31070634722709656,0.9541808395808531,0.09732125491220253
jewel,jointMB-euler4-s0,image,jointMB-euler4-s0,full,ptd,0.009911236353218555,0.05068013444542885,0.08496338129043579,0.4344519078731537,0.4260629713535309,0.9086364358390434,0.09634825203443595
jewel,jointMB-euler4-s0,image,jointMB-euler4-s0,full,core,0.015156034380197525,0.07056323438882828,0.05705470219254494,0.2656344175338745,0.2594347596168518,0.9681290059668882,0.06662043417163595
jewel,jointMB-euler4-s0,image,jointMB-euler4-s0,full,zlead,0.01822732388973236,0.058938875794410706,0.12251966446638107,0.3961728811264038,0.37675175070762634,0.9279305186873438,0.12711180935192043
jewel,jointMB-euler4-s0,image,jointMB-euler4-s0,full,n1,-1.1995021104812622,2.1328840255737305,-0.5680115222930908,1.0100046396255493,0.83514803647995,0.6314162239412726,0.568011557119353
jewel,jointMB-euler4-s0,image,jointMB-euler4-s0,full,zg,0.008406007872250803,0.13333764990558947,0.07604253919196237,1.2062008057571596,1.203801443778192,0.2995790169731207,0.07618943096108231
jewel,jointMB-euler4-s0,image,jointMB-euler4-s0,full,rg,-0.0477026946687337,0.10809147157384652,-0.42169902768435485,0.9555449389222559,0.8574590721136534,0.553609020106561,0.4216990276843549
jewel,jointMB-euler4-s0,thr0.5,"jointMB-euler4-s0, thr0.5",thr,et,-2.597339630126953,4.605103969573975,-0.26890912652015686,0.4767780601978302,0.3937070071697235,0.932821928496037,0.2691033273688346
jewel,jointMB-euler4-s0,thr0.5,"jointMB-euler4-s0, thr0.5",thr,mass,-1.2109599113464355,1.6211351156234741,-0.9296139478683472,1.2444919347763062,0.8273923397064209,0.5914405474585068,0.9296139213301561
jewel,jointMB-euler4-s0,thr0.5,"jointMB-euler4-s0, thr0.5",thr,girth,-0.01387226302176714,0.039198532700538635,-0.24782347679138184,0.7002690434455872,0.6549506187438965,0.8267491454484346,0.26330329249851825
jewel,jointMB-euler4-s0,thr0.5,"jointMB-euler4-s0, thr0.5",thr,ptd,0.0445946604013443,0.11736305058002472,0.3728840947151184,0.9813465476036072,0.9077436327934265,0.6877961072752785,0.4587826233946065
jewel,jointMB-euler4-s0,thr0.5,"jointMB-euler4-s0, thr0.5",thr,core,0.03117763064801693,0.11608906835317612,0.10576047003269196,0.39379626512527466,0.3793286383152008,0.9437541058747798,0.15833878754011024
jewel,jointMB-euler4-s0,thr0.5,"jointMB-euler4-s0, thr0.5",thr,zlead,0.05061082914471626,0.12352264672517776,0.3214985132217407,0.784661054611206,0.7157734632492065,0.7841269895590532,0.3536108640097081
jewel,jointMB-euler4-s0,thr0.5,"jointMB-euler4-s0, thr0.5",thr,n1,-1.1995021104812622,2.1328840255737305,-0.5680115222930908,1.0100046396255493,0.83514803647995,0.6314162239412726,0.568011557119353
jewel,jointMB-euler4-s0,thr0.5,"jointMB-euler4-s0, thr0.5",thr,zg,0.018168763992438993,0.1324081201340402,0.16096362290482277,1.173051217334408,1.161955193022128,0.3548962705940913,0.1609653977881294
jewel,jointMB-euler4-s0,thr0.5,"jointMB-euler4-s0, thr0.5",thr,rg,-0.05513750284757029,0.11704412228936933,-0.4798088901148304,1.0185229201507355,0.8984277198746464,0.4849491808736283,0.4802030856642187
val,jointMB-midpoint32-s0,image,jointMB-midpoint32-s0,full,et,-4.283134460449219,5.819627285003662,-0.665469229221344,0.904193639755249,0.6121411919593811,0.8266555701956434,0.6654692071182798
val,jointMB-midpoint32-s0,image,jointMB-midpoint32-s0,full,mass,-1.972230076789856,2.313992738723755,-1.4642090797424316,1.7179380655288696,0.8985559344291687,0.4885236553258737,1.464209141816803
val,jointMB-midpoint32-s0,image,jointMB-midpoint32-s0,full,girth,-0.013508342206478119,0.020835088565945625,-0.2965121269226074,0.4573363959789276,0.3481912314891815,0.9560348395017852,0.30883506057735577
val,jointMB-midpoint32-s0,image,jointMB-midpoint32-s0,full,ptd,0.06022322177886963,0.07391241937875748,0.5802775025367737,0.7121790051460266,0.4128885567188263,0.9226129405174892,0.5802774938110103
val,jointMB-midpoint32-s0,image,jointMB-midpoint32-s0,full,core,0.04895748198032379,0.09058321267366409,0.2041621059179306,0.37774941325187683,0.3178245425224304,0.9687912318289772,0.23614292648882054
val,jointMB-midpoint32-s0,image,jointMB-midpoint32-s0,full,zlead,0.06409056484699249,0.08077328652143478,0.4796033501625061,0.6044437289237976,0.3678761124610901,0.9391219286329353,0.47960331658466243
val,jointMB-midpoint32-s0,image,jointMB-midpoint32-s0,full,n1,-2.145576000213623,2.8906078338623047,-0.9701941609382629,1.3070852756500244,0.8758967518806458,0.5440205060513245,0.9701941981113139
val,jointMB-midpoint32-s0,image,jointMB-midpoint32-s0,full,zg,0.028270789286947484,0.1412418841306322,0.25139840788872664,1.2559955237627145,1.2305785615810918,0.28096277564314165,0.2514174388729281
val,jointMB-midpoint32-s0,image,jointMB-midpoint32-s0,full,rg,-0.07246761884681129,0.1170948479877984,-0.73150624625671,1.1819846445985922,0.928432179404763,0.458566982720452,0.73150624625671
val,jointMB-midpoint32-s0,thr0.5,"jointMB-midpoint32-s0, thr0.5",thr,et,-4.46134090423584,5.936708927154541,-0.6737563610076904,0.8965679407119751,0.5915120244026184,0.841140160012152,0.6737563256121575
val,jointMB-midpoint32-s0,thr0.5,"jointMB-midpoint32-s0, thr0.5",thr,mass,-2.0000832080841064,2.3640501499176025,-1.4452451467514038,1.7082449197769165,0.9106960296630859,0.4614069038153486,1.4452451818214005
val,jointMB-midpoint32-s0,thr0.5,"jointMB-midpoint32-s0, thr0.5",thr,girth,-0.015891341492533684,0.027211057022213936,-0.3188877999782562,0.5460378527641296,0.4432470500469208,0.9303556850107629,0.3391366983225883
val,jointMB-midpoint32-s0,thr0.5,"jointMB-midpoint32-s0, thr0.5",thr,ptd,0.080251045525074,0.10144981741905212,0.7404762506484985,0.9360772967338562,0.5726566910743713,0.8536062935200887,0.7472949163703114
val,jointMB-midpoint32-s0,thr0.5,"jointMB-midpoint32-s0, thr0.5",thr,core,0.05855320394039154,0.11481330543756485,0.22138382494449615,0.43409767746925354,0.3734032213687897,0.9597067408615,0.27252861061173184
val,jointMB-midpoint32-s0,thr0.5,"jointMB-midpoint32-s0, thr0.5",thr,zlead,0.08214150369167328,0.10725191980600357,0.5762585401535034,0.752419114112854,0.4837980568408966,0.8977644000258583,0.5784040991811481
val,jointMB-midpoint32-s0,thr0.5,"jointMB-midpoint32-s0, thr0.5",thr,n1,-2.145576000213623,2.8906078338623047,-0.9701941609382629,1.3070852756500244,0.8758967518806458,0.5440205060513245,0.9701941981113139
val,jointMB-midpoint32-s0,thr0.5,"jointMB-midpoint32-s0, thr0.5",thr,zg,0.029825951921498943,0.1389692223922265,0.260124363224154,1.2120076025629505,1.1837642266632402,0.31982518020529205,0.26012570636118654
val,jointMB-midpoint32-s0,thr0.5,"jointMB-midpoint32-s0, thr0.5",thr,rg,-0.0703793613925454,0.11872382128802791,-0.6796880294927655,1.1465742022725742,0.9233940566633679,0.44848916807616923,0.6796899233839182
jewel,jointMB-midpoint32-s0,image,jointMB-midpoint32-s0,full,et,-2.530601739883423,4.871326446533203,-0.26284438371658325,0.5059669017791748,0.43233710527420044,0.9111704013737957,0.2629968405049224
jewel,jointMB-midpoint32-s0,image,jointMB-midpoint32-s0,full,mass,-1.3542543649673462,1.7601854801177979,-1.0260006189346313,1.333539366722107,0.851850688457489,0.5662570132415553,1.0260006785150346
jewel,jointMB-midpoint32-s0,image,jointMB-midpoint32-s0,full,girth,-0.01002996601164341,0.02157912775874138,-0.19723431766033173,0.4243428707122803,0.37571993470191956,0.9429334800021323,0.21870435436443386
jewel,jointMB-midpoint32-s0,image,jointMB-midpoint32-s0,full,ptd,0.04734782874584198,0.07472074031829834,0.4058859348297119,0.6405382752418518,0.49552592635154724,0.8792711467424545,0.4065590207910324
jewel,jointMB-midpoint32-s0,image,jointMB-midpoint32-s0,full,core,0.0359952449798584,0.09222712367773056,0.1355036497116089,0.3471878468990326,0.3196532130241394,0.9607614308669454,0.16459603293024472
jewel,jointMB-midpoint32-s0,image,jointMB-midpoint32-s0,full,zlead,0.053827568888664246,0.08693522959947586,0.3618158996105194,0.5843576192855835,0.4588714838027954,0.896826908002734,0.36234572969966955
jewel,jointMB-midpoint32-s0,image,jointMB-midpoint32-s0,full,n1,-1.497629165649414,2.3075525760650635,-0.7091864347457886,1.092717170715332,0.8313153386116028,0.6162203301998219,0.7091864821272759
jewel,jointMB-midpoint32-s0,image,jointMB-midpoint32-s0,full,zg,0.01735146381466676,0.13925321706148291,0.1569293135932165,1.259427561992434,1.2496123296612305,0.26324594952336655,0.15692992844246048
jewel,jointMB-midpoint32-s0,image,jointMB-midpoint32-s0,full,rg,-0.0657696996548529,0.12023110188566379,-0.5831978953429325,1.0661220279619603,0.8924664662458176,0.5009899979356948,0.5832045379664506
jewel,jointMB-midpoint32-s0,thr0.5,"jointMB-midpoint32-s0, thr0.5",thr,et,-2.8101325035095215,4.729795455932617,-0.29094013571739197,0.4896876811981201,0.3938881754875183,0.9262648755718093,0.2910199045550852
jewel,jointMB-midpoint32-s0,thr0.5,"jointMB-midpoint32-s0, thr0.5",thr,mass,-1.3991185426712036,1.7742067575454712,-1.0740571022033691,1.3619999885559082,0.837523341178894,0.5677346421230579,1.074057054837236
jewel,jointMB-midpoint32-s0,thr0.5,"jointMB-midpoint32-s0, thr0.5",thr,girth,-0.01779620535671711,0.04406791552901268,-0.3179234266281128,0.787259042263031,0.7202093005180359,0.8034366272502728,0.3372094094506524
jewel,jointMB-midpoint32-s0,thr0.5,"jointMB-midpoint32-s0, thr0.5",thr,ptd,0.0655188038945198,0.13226783275604248,0.5478440523147583,1.105974793434143,0.9607535600662231,0.6731608468680653,0.6609090539239055
jewel,jointMB-midpoint32-s0,thr0.5,"jointMB-midpoint32-s0, thr0.5",thr,core,0.04140371084213257,0.13153758645057678,0.14044928550720215,0.44620057940483093,0.42351970076560974,0.9378956456421864,0.21772558936090397
jewel,jointMB-midpoint32-s0,thr0.5,"jointMB-midpoint32-s0, thr0.5",thr,zlead,0.07299382239580154,0.13800780475139618,0.46368345618247986,0.876676082611084,0.7440152764320374,0.775949806469589,0.5060975937575006
jewel,jointMB-midpoint32-s0,thr0.5,"jointMB-midpoint32-s0, thr0.5",thr,n1,-1.497629165649414,2.3075525760650635,-0.7091864347457886,1.092717170715332,0.8313153386116028,0.6162203301998219,0.7091864821272759
jewel,jointMB-midpoint32-s0,thr0.5,"jointMB-midpoint32-s0, thr0.5",thr,zg,0.026223804820710007,0.136394322553073,0.2323069673903939,1.2082667506947116,1.1857242570413387,0.33079529146816605,0.23230836473654104
jewel,jointMB-midpoint32-s0,thr0.5,"jointMB-midpoint32-s0, thr0.5",thr,rg,-0.06774024496031765,0.1251891949648507,-0.5921597586807283,1.0943568852348746,0.9203063688034316,0.4328619617400895,0.5926243976255667
val,jointS-euler4-s0,image,jointS-euler4-s0,full,et,-5.369080066680908,8.459672927856445,-0.8341922760009766,1.314376711845398,1.015730857849121,0.7535164879540774,0.9077490115810603
val,jointS-euler4-s0,image,jointS-euler4-s0,full,mass,-2.1567344665527344,2.5013630390167236,-1.6011874675750732,1.8570442199707031,0.9406439065933228,0.40145535954639167,1.6013771529381424
val,jointS-euler4-s0,image,jointS-euler4-s0,full,girth,-0.012589899823069572,0.02036059834063053,-0.27635204792022705,0.4469211995601654,0.3512379825115204,0.9564445057491721,0.289835208212732
val,jointS-euler4-s0,image,jointS-euler4-s0,full,ptd,0.06870151311159134,0.0863431990146637,0.6619696021080017,0.831955075263977,0.5039299726486206,0.9173901338221212,0.6621972371319859
val,jointS-euler4-s0,image,jointS-euler4-s0,full,core,0.04618258774280548,0.09230451285839081,0.19259026646614075,0.38492757081985474,0.3332839608192444,0.9677389980002301,0.23961072227405683
val,jointS-euler4-s0,image,jointS-euler4-s0,full,zlead,0.08206833899021149,0.10197344422340393,0.6141348481178284,0.7630890011787415,0.4529274106025696,0.9313838586802303,0.6141405483468555
val,jointS-euler4-s0,image,jointS-euler4-s0,full,n1,-2.680865526199341,3.3984649181365967,-1.2122433185577393,1.5367299318313599,0.9444602727890015,0.44711996231334095,1.212243281277054
val,jointS-euler4-s0,image,jointS-euler4-s0,full,zg,0.014694734797969629,0.13871464298604474,0.13040475406720153,1.2309884562608226,1.2240617548000086,0.27629316873395837,0.13054470308989188
val,jointS-euler4-s0,image,jointS-euler4-s0,full,rg,-0.07245781667261722,0.11638257292914037,-0.7330080425260319,1.1773658921077024,0.9213520790071085,0.47423108690427557,0.7330080425260319
val,jointS-euler4-s0,thr0.5,"jointS-euler4-s0, thr0.5",thr,et,-5.792657852172852,8.798928260803223,-0.8748131990432739,1.3288233280181885,1.0002366304397583,0.7698308970258035,0.9453089898271182
val,jointS-euler4-s0,thr0.5,"jointS-euler4-s0, thr0.5",thr,mass,-2.3259549140930176,2.6827034950256348,-1.6807175874710083,1.9385013580322266,0.9659070372581482,0.3597259641347714,1.6808865701244078
val,jointS-euler4-s0,thr0.5,"jointS-euler4-s0, thr0.5",thr,girth,-0.01711527816951275,0.029618920758366585,-0.3434482514858246,0.5943558812141418,0.4850795865058899,0.9214074792200919,0.369430608463433
val,jointS-euler4-s0,thr0.5,"jointS-euler4-s0, thr0.5",thr,ptd,0.10335389524698257,0.12506064772605896,0.9536462426185608,1.153934359550476,0.6497102975845337,0.8391053117947235,0.963682786109108
val,jointS-euler4-s0,thr0.5,"jointS-euler4-s0, thr0.5",thr,core,0.06333371996879578,0.1267818808555603,0.23945848643779755,0.47934967279434204,0.4152538478374481,0.9555311660202715,0.31460947017426816
val,jointS-euler4-s0,thr0.5,"jointS-euler4-s0, thr0.5",thr,zlead,0.11338329315185547,0.13878396153450012,0.7954333424568176,0.9736301302909851,0.5614636540412903,0.8855662007726735,0.7986179042842713
val,jointS-euler4-s0,thr0.5,"jointS-euler4-s0, thr0.5",thr,n1,-2.680865526199341,3.3984649181365967,-1.2122433185577393,1.5367299318313599,0.9444602727890015,0.44711996231334095,1.212243281277054
val,jointS-euler4-s0,thr0.5,"jointS-euler4-s0, thr0.5",thr,zg,0.018577661855942392,0.13953507535322998,0.16185438658146584,1.215673113388682,1.2048503127610788,0.29025555601550646,0.16185769840789827
val,jointS-euler4-s0,thr0.5,"jointS-euler4-s0, thr0.5",thr,rg,-0.07407451895794899,0.12125611402561057,-0.7167934177426606,1.1733533422465,0.928959235941937,0.4435632566785206,0.7168791218639159
jewel,jointS-euler4-s0,image,jointS-euler4-s0,full,et,-3.138831615447998,7.072230815887451,-0.3260189890861511,0.7345668077468872,0.6582552790641785,0.8847358489186922,0.4225423570599251
jewel,jointS-euler4-s0,image,jointS-euler4-s0,full,mass,-1.4692907333374023,1.8455619812011719,-1.1131536960601807,1.3982216119766235,0.8461161851882935,0.5746373771999019,1.1131536457693636
jewel,jointS-euler4-s0,image,jointS-euler4-s0,full,girth,-0.0088152214884758,0.019649619236588478,-0.17334696650505066,0.386400043964386,0.34533435106277466,0.9510744211901189,0.1827915344332627
jewel,jointS-euler4-s0,image,jointS-euler4-s0,full,ptd,0.04623081535100937,0.07772359251976013,0.396310418844223,0.6662800312042236,0.5355998277664185,0.8922980852066837,0.4077784795955322
jewel,jointS-euler4-s0,image,jointS-euler4-s0,full,core,0.03245508298277855,0.0879717543721199,0.12217675149440765,0.3311685621738434,0.30780747532844543,0.9644345389882899,0.1559281035468166
jewel,jointS-euler4-s0,image,jointS-euler4-s0,full,zlead,0.061056412756443024,0.09284858405590057,0.4104064404964447,0.6241057515144348,0.47018563747406006,0.9118849180212149,0.41099292116809893
jewel,jointS-euler4-s0,image,jointS-euler4-s0,full,n1,-2.02584171295166,2.725553035736084,-0.9593159556388855,1.2906568050384521,0.8634281158447266,0.5830041188512386,0.9593158920021486
jewel,jointS-euler4-s0,image,jointS-euler4-s0,full,zg,0.008438585237037739,0.1375164113744231,0.07620361458144305,1.241825177638227,1.2394848853216955,0.26066624595731164,0.07723186427383746
jewel,jointS-euler4-s0,image,jointS-euler4-s0,full,rg,-0.0631042361010249,0.11577686261983895,-0.5606141303946244,1.0285544864774099,0.8623433935820971,0.5447811703524532,0.5606141303946245
jewel,jointS-euler4-s0,thr0.5,"jointS-euler4-s0, thr0.5",thr,et,-3.654398202896118,7.215807914733887,-0.37834909558296204,0.747070848941803,0.6441792249679565,0.8936958068604063,0.47115399980603306
jewel,jointS-euler4-s0,thr0.5,"jointS-euler4-s0, thr0.5",thr,mass,-1.6489958763122559,1.9883705377578735,-1.2658796310424805,1.5264064073562622,0.8529159426689148,0.5511463056152245,1.2658796294117753
jewel,jointS-euler4-s0,thr0.5,"jointS-euler4-s0, thr0.5",thr,girth,-0.020509513095021248,0.0489656925201416,-0.3663958013057709,0.8747562170028687,0.7943252325057983,0.7716219875558102,0.3881205937651964
jewel,jointS-euler4-s0,thr0.5,"jointS-euler4-s0, thr0.5",thr,ptd,0.08830380439758301,0.15617460012435913,0.7383638620376587,1.3058744668960571,1.0770918130874634,0.6503934845390407,0.8874485495047846
jewel,jointS-euler4-s0,thr0.5,"jointS-euler4-s0, thr0.5",thr,core,0.04526560381054878,0.1443837285041809,0.15354956686496735,0.489777147769928,0.4650851786136627,0.9319692347240397,0.2650147815072016
jewel,jointS-euler4-s0,thr0.5,"jointS-euler4-s0, thr0.5",thr,zlead,0.10274045169353485,0.1655081957578659,0.65264493227005,1.0513685941696167,0.82427579164505,0.7610321691122797,0.7096324304527819
jewel,jointS-euler4-s0,thr0.5,"jointS-euler4-s0, thr0.5",thr,n1,-2.02584171295166,2.725553035736084,-0.9593159556388855,1.2906568050384521,0.8634281158447266,0.5830041188512386,0.9593158920021486
jewel,jointS-euler4-s0,thr0.5,"jointS-euler4-s0, thr0.5",thr,zg,0.020668067294452072,0.13771277763962544,0.18301524026553279,1.2194433436025887,1.2056315731131175,0.3036933685160026,0.18301673530916332
jewel,jointS-euler4-s0,thr0.5,"jointS-euler4-s0, thr0.5",thr,rg,-0.0720832438146519,0.1278588730594701,-0.6372894272304819,1.1304029017884185,0.93363424653979,0.4103863305369219,0.6376096440706852
val,jointS-midpoint32-s0,image,jointS-midpoint32-s0,full,et,-3.794330358505249,5.871039390563965,-0.5895239114761353,0.9121814966201782,0.6960866451263428,0.8097965185581683,0.5919597824799271
val,jointS-midpoint32-s0,image,jointS-midpoint32-s0,full,mass,-2.004754066467285,2.341461181640625,-1.488355278968811,1.7383309602737427,0.8981053829193115,0.4813564585146865,1.4883553698404457
val,jointS-midpoint32-s0,image,jointS-midpoint32-s0,full,girth,-0.014332776889204979,0.021866776049137115,-0.31460872292518616,0.4799822270870209,0.3624972999095917,0.9551513550671118,0.3290689095136804
val,jointS-midpoint32-s0,image,jointS-midpoint32-s0,full,ptd,0.07456136494874954,0.08853106200695038,0.7184318900108337,0.853036105632782,0.4599197208881378,0.916650042505997,0.718431895424539
val,jointS-midpoint32-s0,image,jointS-midpoint32-s0,full,core,0.05260057374835014,0.0972001850605011,0.21935449540615082,0.4053434431552887,0.3408620357513428,0.9675430651792376,0.26304875118233256
val,jointS-midpoint32-s0,image,jointS-midpoint32-s0,full,zlead,0.08362949639558792,0.10070446878671646,0.6258173584938049,0.7535930275917053,0.4198273718357086,0.9316747023917498,0.6258173693720774
val,jointS-midpoint32-s0,image,jointS-midpoint32-s0,full,n1,-2.274385452270508,2.9981303215026855,-1.0284396409988403,1.3557051420211792,0.8833166360855103,0.5304476387958398,1.028439660028657
val,jointS-midpoint32-s0,image,jointS-midpoint32-s0,full,zg,0.02426665765717009,0.14074655006776413,0.21554996720462877,1.2501892382491837,1.231467150626503,0.27845153000912193,0.21555241721395654
val,jointS-midpoint32-s0,image,jointS-midpoint32-s0,full,rg,-0.07464480727943426,0.11848336643100668,-0.7546443387452203,1.1978435603419288,0.9302371294742096,0.45838974941460925,0.7546443387452203
val,jointS-midpoint32-s0,thr0.5,"jointS-midpoint32-s0, thr0.5",thr,et,-3.925955057144165,5.967372894287109,-0.5929018259048462,0.9011988639831543,0.6786949634552002,0.8242323648103105,0.5958626489327984
val,jointS-midpoint32-s0,thr0.5,"jointS-midpoint32-s0, thr0.5",thr,mass,-2.0265283584594727,2.3927001953125,-1.464354157447815,1.7289471626281738,0.9191981554031372,0.44501354347396144,1.464354235254375
val,jointS-midpoint32-s0,thr0.5,"jointS-midpoint32-s0, thr0.5",thr,girth,-0.016517437994480133,0.028058242052793503,-0.33145153522491455,0.5630381107330322,0.4551393389701843,0.9291854631140916,0.3540950346667803
val,jointS-midpoint32-s0,thr0.5,"jointS-midpoint32-s0, thr0.5",thr,ptd,0.09491078555583954,0.1153932511806488,0.8757416605949402,1.0647333860397339,0.6055853366851807,0.8495360950149455,0.8825603498655696
val,jointS-midpoint32-s0,thr0.5,"jointS-midpoint32-s0, thr0.5",thr,core,0.061434101313352585,0.12072595953941345,0.23227621614933014,0.4564528167247772,0.39293378591537476,0.9583634935682895,0.2953513556888888
val,jointS-midpoint32-s0,thr0.5,"jointS-midpoint32-s0, thr0.5",thr,zlead,0.10270359367132187,0.12706421315670013,0.7205106019973755,0.8914110064506531,0.5248599648475647,0.8910191176183204,0.7226551254646649
val,jointS-midpoint32-s0,thr0.5,"jointS-midpoint32-s0, thr0.5",thr,n1,-2.274385452270508,2.9981303215026855,-1.0284396409988403,1.3557051420211792,0.8833166360855103,0.5304476387958398,1.028439660028657
val,jointS-midpoint32-s0,thr0.5,"jointS-midpoint32-s0, thr0.5",thr,zg,0.023956525755322117,0.13884467229510422,0.20882568050057496,1.2102895666940838,1.1921378571339913,0.3092264636918404,0.20882688064621094
val,jointS-midpoint32-s0,thr0.5,"jointS-midpoint32-s0, thr0.5",thr,rg,-0.07217495555222175,0.11990498926416308,-0.6978451426038771,1.1593372478272412,0.9257834580201876,0.4465113158258009,0.6978465501071123
jewel,jointS-midpoint32-s0,image,jointS-midpoint32-s0,full,et,-1.9030027389526367,4.971592426300049,-0.19765795767307281,0.5163811445236206,0.47705432772636414,0.907269002288703,0.2052151906289417
jewel,jointS-midpoint32-s0,image,jointS-midpoint32-s0,full,mass,-1.3682085275650024,1.7642461061477661,-1.0365724563598633,1.3366156816482544,0.8438357710838318,0.5734395487843381,1.036572540522538
jewel,jointS-midpoint32-s0,image,jointS-midpoint32-s0,full,girth,-0.01093641109764576,0.022153448313474655,-0.21505911648273468,0.43563657999038696,0.3788519501686096,0.9445479430323762,0.23763872575894804
jewel,jointS-midpoint32-s0,image,jointS-midpoint32-s0,full,ptd,0.06231110543012619,0.08728642761707306,0.5341575741767883,0.7482568025588989,0.5239883661270142,0.8762602775004126,0.5342248218691167
jewel,jointS-midpoint32-s0,image,jointS-midpoint32-s0,full,core,0.04008657857775688,0.09661516547203064,0.15090543031692505,0.3637065887451172,0.33092302083969116,0.9613692990202952,0.19150836819635858
jewel,jointS-midpoint32-s0,image,jointS-midpoint32-s0,full,zlead,0.07349976897239685,0.10272154957056046,0.4940476715564728,0.6904694437980652,0.4823535084724426,0.8951292738873665,0.49409823853557827
jewel,jointS-midpoint32-s0,image,jointS-midpoint32-s0,full,n1,-1.605737328529358,2.3806753158569336,-0.7603799104690552,1.1273436546325684,0.8323016166687012,0.6112069676593719,0.7603799340585784
jewel,jointS-midpoint32-s0,image,jointS-midpoint32-s0,full,zg,0.014301077323646088,0.13835731184298247,0.1292173534959242,1.2501271945156096,1.2434310909829216,0.26494771702273534,0.12950514428776239
jewel,jointS-midpoint32-s0,image,jointS-midpoint32-s0,full,rg,-0.06815694862411696,0.12162448642362506,-0.6044589613480039,1.078642929623396,0.8933643901973227,0.5028718110478447,0.6044634764922383
jewel,jointS-midpoint32-s0,thr0.5,"jointS-midpoint32-s0, thr0.5",thr,et,-2.1409006118774414,4.798401355743408,-0.22165285050868988,0.4967906177043915,0.44460201263427734,0.9207434572161853,0.2302048131795223
jewel,jointS-midpoint32-s0,thr0.5,"jointS-midpoint32-s0, thr0.5",thr,mass,-1.4103118181228638,1.782959222793579,-1.082649827003479,1.3687189817428589,0.8374131917953491,0.5679749406997207,1.0826497968182003
jewel,jointS-midpoint32-s0,thr0.5,"jointS-midpoint32-s0, thr0.5",thr,girth,-0.018498532474040985,0.04479596018791199,-0.3304702937602997,0.8002653121948242,0.7288442254066467,0.8028734056664063,0.35200558619190087
jewel,jointS-midpoint32-s0,thr0.5,"jointS-midpoint32-s0, thr0.5",thr,ptd,0.07988852262496948,0.1420179307460785,0.6679983735084534,1.1875015497207642,0.9818036556243896,0.6791324513591749,0.784122911253916
jewel,jointS-midpoint32-s0,thr0.5,"jointS-midpoint32-s0, thr0.5",thr,core,0.04412966966629028,0.13572092354297638,0.1496962606906891,0.4603912830352783,0.4353746771812439,0.9377069839008858,0.24036471008239874
jewel,jointS-midpoint32-s0,thr0.5,"jointS-midpoint32-s0, thr0.5",thr,zlead,0.09281570464372635,0.15186195075511932,0.5895993113517761,0.9646826982498169,0.7635347247123718,0.7784441756146877,0.6332169608610674
jewel,jointS-midpoint32-s0,thr0.5,"jointS-midpoint32-s0, thr0.5",thr,n1,-1.605737328529358,2.3806753158569336,-0.7603799104690552,1.1273436546325684,0.8323016166687012,0.6112069676593719,0.7603799340585784
jewel,jointS-midpoint32-s0,thr0.5,"jointS-midpoint32-s0, thr0.5",thr,zg,0.021811400402473227,0.13637932842139658,0.1930612852083706,1.2071470852418875,1.1916087552387642,0.3214774120707718,0.1930619781841557
jewel,jointS-midpoint32-s0,thr0.5,"jointS-midpoint32-s0, thr0.5",thr,rg,-0.06939821137530766,0.1259594683263901,-0.6086085252747006,1.1046395107783105,0.9218590519897819,0.43152114050923096,0.6091214580722542
