model,parents,draws,cone_cond_w1,cone_cond_w1_sd,cone_ref_w1,cone_cov68,cone_cov90,cone_cond_sd_model,cone_cond_sd_truth,cone_cond_mean_bias,cone_cond_mean_rms,cone_corr_cond_means,ring_cond_w1,ring_cond_w1_sd,ring_ref_w1,ring_cov68,ring_cov90,ring_cond_sd_model,ring_cond_sd_truth,ring_cond_mean_bias,ring_cond_mean_rms,ring_corr_cond_means,girth_cond_w1,girth_cond_w1_sd,girth_ref_w1,girth_cov68,girth_cov90,girth_cond_sd_model,girth_cond_sd_truth,girth_cond_mean_bias,girth_cond_mean_rms,girth_corr_cond_means,cone_ring_corr_model,cone_ring_corr_truth,ceiling_corr_change_cone,ceiling_corr_change_ring,ceiling_corr_change_girth,near_sum_draw_sd,near_tower_draw_sd,far_sum_draw_sd,far_tower_draw_sd
truth (true-vs-true reference),100,128,0.05495099856455777,0.0034796685927589465,0.05495099856455777,0.671875,0.890625,3.741357861845092,3.7429646645390817,0.02960070253703904,0.5190133584268748,0.9984834998289596,0.045025812652222025,0.0028978744529996672,0.045025812652222025,0.671875,0.890625,3.6607749699317553,3.6568671810652273,-0.025974015098277327,0.508845294813466,0.9990735647221538,0.07214513480607306,0.003250488794357877,0.07214513480607306,0.671875,0.890625,0.011805052869021893,0.011995816603302956,-0.00019870192045345902,0.0014006947167217731,0.9977477640934255,-0.9916618916301547,-0.9911582352956411,0.47954129824334135,0.47931527453461475,0.44357500182081866,0.4523133933544159,0.155581935441247,0.3344322443008423,0.0008178565760790766
D,100,1,0.526482119853814,0.04052672288821088,0.05495099856455777,0.0,0.0,0.0,3.7429646645390817,-1.7167302140004588,5.939796074502625,0.8823140731021328,0.38358105787530455,0.01736057818216702,0.045025812652222025,0.0,0.0,0.0,3.6568671810652273,-4.306181935943309,5.0118562367991215,0.979445876544277,0.6094267670874145,0.036622181454172925,0.07214513480607306,0.0,0.0,0.0,0.011995816603302956,-0.003411434357985854,0.01447769720107317,0.7961737563603135,,,,,,,,,
D+ctl,100,1,0.5141684747127304,0.04561141168233147,0.05495099856455777,0.0,0.0,0.0,3.7429646645390817,-1.1816365233224222,6.280465587409538,0.8597503739807231,0.3807276908370739,0.017162256904418846,0.045025812652222025,0.0,0.0,0.0,3.6568671810652273,-4.187722183941069,4.960047225981674,0.978983667661031,0.6161795899440692,0.035154739022713856,0.07214513480607306,0.0,0.0,0.0,0.011995816603302956,-0.004375630524009466,0.014843512326478958,0.7884807621436062,,,,,,,,,
D+global,100,1,0.44186255239088884,0.034001639537028804,0.05495099856455777,0.0,0.0,0.0,3.7429646645390817,0.051939718456981296,4.859715205698445,0.906411726482527,0.4104898341559875,0.016992256218005455,0.045025812652222025,0.0,0.0,0.0,3.6568671810652273,-4.904983598764295,5.408316836959243,0.9824933203080798,0.6114812129452395,0.029359267161993833,0.07214513480607306,0.0,0.0,0.0,0.011995816603302956,-0.0079286964610219,0.014432263560593128,0.8426864119758067,,,,,,,,,
D+far,100,1,0.48756505220724683,0.03888121638326204,0.05495099856455777,0.0,0.0,0.0,3.7429646645390817,-0.9700787714621424,5.536178332118021,0.886585133097895,0.3686065548188566,0.01587233842344948,0.045025812652222025,0.0,0.0,0.0,3.6568671810652273,-4.1517919330801325,4.769120476417561,0.9820764804757269,0.6060634869986553,0.03364245268601843,0.07214513480607306,0.0,0.0,0.0,0.011995816603302956,-0.004828298464417458,0.014266731217503548,0.806256491369964,,,,,,,,,
D nearfar,100,1,0.3445446372424508,0.011939261189640728,0.05495099856455777,0.0,0.0,0.0,3.7429646645390817,-0.5976804705740125,2.196222735511298,0.9814066968308826,0.2704934834991663,0.012450390005556564,0.045025812652222025,0.0,0.0,0.0,3.6568671810652273,-1.139039119236883,2.698885571650641,0.9790276314159126,0.5152893670481086,0.023504630243447143,0.07214513480607306,0.0,0.0,0.0,0.011995816603302956,-0.003380998969078064,0.010211385786533356,0.9002371212449664,,,,,,,,,
D nearfar+far,100,1,0.3343605224237829,0.011755909975240687,0.05495099856455777,0.0,0.0,0.0,3.7429646645390817,-0.4011309273424854,1.99582608563468,0.9843953772784196,0.28461164307308534,0.01472342529892312,0.045025812652222025,0.0,0.0,0.0,3.6568671810652273,-1.7583404537508007,3.2481243314880546,0.9738874172788872,0.5145795512254484,0.02365388662287549,0.07214513480607306,0.0,0.0,0.0,0.011995816603302956,-0.003935276065021753,0.010333402082324028,0.901284671516028,,,,,,,,,
D seed 1,100,1,0.5028409115598929,0.03987591106568315,0.05495099856455777,0.0,0.0,0.0,3.7429646645390817,-1.6357386740176592,5.728589014023944,0.8908190059137258,0.3825650636315543,0.016560411689867098,0.045025812652222025,0.0,0.0,0.0,3.6568671810652273,-4.320063592311555,4.975275966529439,0.9809148736439944,0.607632493273019,0.035391405174557036,0.07214513480607306,0.0,0.0,0.0,0.011995816603302956,-0.0035470002330839634,0.014387952163815498,0.8011615248287042,,,,,,,,,
D seed 1+far,100,1,0.4396383638875793,0.03340045303761145,0.05495099856455777,0.0,0.0,0.0,3.7429646645390817,-0.5933676197911087,4.594558992024253,0.9228945871356119,0.35912223154842343,0.01443286536170657,0.045025812652222025,0.0,0.0,0.0,3.6568671810652273,-4.034968447945829,4.574872251951792,0.9843648204602982,0.5862403875988944,0.03257759460648944,0.07214513480607306,0.0,0.0,0.0,0.011995816603302956,-0.005680084694176912,0.01361802127212286,0.8410821652800575,,,,,,,,,
C,100,128,1.9557782946535804,0.08488931378220053,0.05495099856455777,0.035234375,0.524921875,8.96519017908472,3.7429646645390817,-19.34512703150432,21.18149320868075,0.5806477928369296,1.1395449848684274,0.03815237841558846,0.045025812652222025,0.8690625,0.98375,17.408113960871013,3.6568671810652273,-4.67863010133662,10.805458839003464,0.7169954335312212,2.0171313059952727,0.08118566500424071,0.07214513480607306,0.042734375,0.154453125,0.015387586317956448,0.011995816603302956,0.04737436771392822,0.05113498494029045,0.3898815329707344,0.3211424475059845,-0.9911582352956411,,,,22.38320541381836,0.5911116267327308,52.401737213134766,0.5377773169084396
C+far,100,128,1.9689123056727837,0.08890716535998154,0.05495099856455777,0.00734375,0.07453125,5.590738147374671,3.7429646645390817,-19.903306139836104,21.762407857956127,0.5532027380489978,0.880535539189598,0.04784484887791102,0.045025812652222025,0.55265625,0.922578125,12.215992235258238,3.6568671810652273,-6.171592918975341,10.760261912929623,0.895763603879949,1.7444323681913385,0.07910651184820533,0.07214513480607306,0.062421875,0.086640625,0.01286233589053154,0.011995816603302956,0.04113248363137245,0.04509943723678589,0.49076312886875273,0.2966648491214221,-0.9911582352956411,,,,26.413619995117188,0.441040269644881,80.15789794921875,0.4135482497860541
C nearfar,100,128,1.1456771041348,0.06262862164156432,0.05495099856455777,0.727265625,0.922578125,12.224087816707383,3.7429646645390817,-7.8163955779557615,11.395463265176833,0.5706873351553948,1.033104512287387,0.03899467610236905,0.045025812652222025,0.781953125,0.957734375,15.39224816438086,3.6568671810652273,4.252904181072892,10.82880138318873,0.7299966398535206,1.6653022245676448,0.07081214376258863,0.07214513480607306,0.292421875,0.731875,0.026404201984405518,0.011995816603302956,0.03736933320760727,0.04160473495721817,0.5187099514910858,-0.11195513324168445,-0.9911582352956411,,,,22.122106552124023,0.7101102981241464,55.03080749511719,0.48573058073731634
C nearfar+far,100,128,1.7734051098562116,0.07421612773624539,0.05495099856455777,0.062421875,0.6090625,9.321300818709405,3.7429646645390817,-17.281701240553822,18.888452353992136,0.7535722584880419,0.8711517587835416,0.04735810174714454,0.045025812652222025,0.70203125,0.933984375,12.034930251346282,3.6568671810652273,-3.8036173021456308,10.667321660355503,0.7334203403778896,1.8652070272581767,0.07585047241169343,0.07214513480607306,0.06890625,0.348359375,0.018024150282144547,0.011995816603302956,0.043500009924173355,0.04721738398075104,0.521652587671845,0.21544240145079419,-0.9911582352956411,,,,20.964820861816406,0.519190811077853,44.896766662597656,0.4511568155408637
