label,run,step,nfe,solver,jer_cal,jes,l1_sig,train_time_min
control eta 0,bench_paired_eta0_s0,4080,4,euler,3.964937424768836,0.7851989840229283,0.0505633574167887,15.03138110972941
control eta 0,bench_paired_eta0_s0,8160,4,euler,3.9428097970539033,0.7854394751954444,0.049904648844401,30.082751603548726
control eta 0,bench_paired_eta0_s0,12240,4,euler,3.95247065345322,0.7859214644196542,0.0495835258483886,45.119259742895764
control eta 0,bench_paired_eta0_s0,16320,4,euler,3.971993688293957,0.7870667933906667,0.0494314800262451,60.137372015789154
control eta 0,bench_paired_eta0_s0,20400,4,euler,3.976907853392636,0.7874431311600194,0.0493194482167561,75.09912191045781
control eta 0,bench_paired_eta0_s0,24480,4,euler,3.993571054326732,0.7865485424378535,0.0491539491017659,90.06498676973085
control eta 0,bench_paired_eta0_s0,28560,4,euler,4.003589307457522,0.7858125606878682,0.049011116027832,105.03879610933363
control eta 0,bench_paired_eta0_s0,32640,4,euler,4.019931842994972,0.7860086489715504,0.0488553287506103,120.00905561856925
control eta 0,bench_paired_eta0_s0,32640,32,midpoint,4.216753775449292,0.709236277916253,0.0500348615010579,120.00905561856925
control eta 0,bench_paired_eta0_s0,32640,64,midpoint,4.214190160372346,0.7097807966664521,0.0499993387858072,120.00905561856925
noisy eta 0.1,bench_paired_eta0p1_s0,4080,4,euler,3.975436572354514,0.7831893109298163,0.0501082940419514,14.910867608090241
noisy eta 0.1,bench_paired_eta0p1_s0,8160,4,euler,3.948975984226915,0.7832332822346542,0.0495555397033691,29.769570717588067
noisy eta 0.1,bench_paired_eta0p1_s0,12240,4,euler,3.952019469674691,0.7844991215332157,0.0494540663401285,44.626804901411134
noisy eta 0.1,bench_paired_eta0p1_s0,16320,4,euler,3.9615487710084247,0.7852199425809233,0.0493881389617919,59.48186462111771
noisy eta 0.1,bench_paired_eta0p1_s0,20400,4,euler,3.971556893015388,0.784786161949515,0.0491729900360107,74.31804382540285
noisy eta 0.1,bench_paired_eta0p1_s0,24480,4,euler,3.986343803881036,0.7846702141598327,0.0490353392283121,89.14880120443802
noisy eta 0.1,bench_paired_eta0p1_s0,28560,4,euler,3.991675192399569,0.7845941406770193,0.0489451784769694,103.98745320426922
noisy eta 0.1,bench_paired_eta0p1_s0,32640,4,euler,4.005731348427489,0.7856804810986872,0.0488181227366129,118.84263367503881
noisy eta 0.1,bench_paired_eta0p1_s0,32640,32,midpoint,4.203774850786523,0.7086717009910459,0.0500819768269856,118.84263367503881
noisy eta 0.1,bench_paired_eta0p1_s0,32640,64,midpoint,4.20119815656793,0.7092333790371835,0.0500497217814127,118.84263367503881
benchmark paired s0 (straight),bench_paired_bkg_s0,4080,4,euler,3.977820592744677,0.7845592047335951,0.0502841121673584,15.021598509947461
benchmark paired s0 (straight),bench_paired_bkg_s0,8160,4,euler,3.952635530183116,0.7855132853288566,0.04992563234965,30.020102397849158
benchmark paired s0 (straight),bench_paired_bkg_s0,8160,32,midpoint,4.101224787982094,0.7106537364993445,0.05079984181722,30.020102397849158
benchmark paired s0 (straight),bench_paired_bkg_s0,8160,64,midpoint,4.099354253407898,0.7111736351682618,0.0507664056142171,30.020102397849158
benchmark paired s0 (straight),bench_paired_bkg_s0,12240,4,euler,3.961141779452326,0.7868290605700469,0.0496568809509277,45.021456332008036
benchmark paired s0 (straight),bench_paired_bkg_s0,16320,4,euler,3.962719146269937,0.7861781227795244,0.0493967853546142,60.01985622917612
benchmark paired s0 (straight),bench_paired_bkg_s0,20400,4,euler,3.975071164082055,0.7860367393048416,0.049265245437622,75.01027154177427
benchmark paired s0 (straight),bench_paired_bkg_s0,24480,4,euler,3.991732850682173,0.7849664229509594,0.049026948928833,90.00202768780291
benchmark paired s0 (straight),bench_paired_bkg_s0,28560,4,euler,4.00566333470595,0.7858326990697483,0.0489446481068929,105.02596279953917
benchmark paired s0 (straight),bench_paired_bkg_s0,32620,4,euler,4.024746089988378,0.7854676674053997,0.0488133903503417,120.00587180914978
