model,cone_shift_recovered,corr_cone_input,corr_cone_truth_draw,ring_shift_recovered,corr_ring_input,corr_ring_truth_draw,girth_shift_recovered,corr_girth_input,corr_girth_truth_draw,ring_towers_-1e+09_0.05_energy,ring_towers_-1e+09_0.05_energy_truth,ring_towers_0.05_0.5_energy,ring_towers_0.05_0.5_energy_truth,ring_towers_0.5_1e+09_energy,ring_towers_0.5_1e+09_energy_truth
identity (input),-0.0,1.0,0.8898578737834774,0.0,1.0,0.11350795709194983,0.0,1.0,0.8029180535833335,0.014480968937277794,0.061740513890981674,0.20079272985458374,1.6985578536987305,0.19392326474189758,4.861502647399902
D,0.38892585184551753,0.8612672914461855,0.7664768203092496,0.2610425193466001,0.4680450277465921,0.039149157638785306,0.3589069047343129,0.854811981013095,0.6853193673867001,0.2141404002904892,0.061740513890981674,0.5322981476783752,1.6985578536987305,1.2845122814178467,4.861502647399902
D+ctl,0.5215583754666345,0.86212482275259,0.7676108777087439,0.26159798215872176,0.4658519237418569,0.030240249163607628,0.3728286309341368,0.8550801587650604,0.6850073741059971,0.2148955762386322,0.061740513890981674,0.49462103843688965,1.6985578536987305,1.3248850107192993,4.861502647399902
D+energy,0.2937820096638682,0.9720212955768348,0.8649073929387961,0.14034088009041526,0.7748172791569575,0.09885331018602345,0.23326289933208638,0.9618193104079058,0.77254079251929,0.4257161021232605,0.061740513890981674,0.5834465026855469,1.6985578536987305,0.27191680669784546,4.861502647399902
D seed 1,0.5309159460379899,0.9013357588082603,0.801819588590764,0.29511644417836674,0.4532435589556928,0.027001373866443475,0.44025898845799355,0.82869175999344,0.6601667701422298,0.146196186542511,0.061740513890981674,0.5504438281059265,1.6985578536987305,1.5459986925125122,4.861502647399902
C hard,1.0318877258386163,0.07061480932221323,0.06231466965757194,1.0871352064948547,0.03136161076706105,-0.006343401618745913,2.454680539746113,0.18474578248154064,0.14437374008684312,0.07215681672096252,0.061740513890981674,1.6043401956558228,1.6985578536987305,5.486639976501465,4.861502647399902
C soft,1.1325922997139932,0.08093269555324918,0.06974280465716741,1.0760528906209526,0.028182139967130287,-0.002760384235498047,2.6442182204927205,0.16015140541081382,0.1251992395677581,0.0719134658575058,0.061740513890981674,1.558456540107727,1.6985578536987305,5.4639177322387695,4.861502647399902
C paired control,0.9532049962264016,0.8561630744257779,0.7657472360368868,0.8369857488520601,0.12282427486239464,0.16939824629442957,0.8469509045047074,0.8247629918142523,0.6793059612131899,0.07022693008184433,0.061740513890981674,1.7546781301498413,1.6985578536987305,3.7841522693634033,4.861502647399902
C hard+ctl,1.2824835610850682,0.06961794613406974,0.06169539975617234,1.1110498108993363,0.03010677105304594,-0.003760617050654565,2.521885623990738,0.18323589635642884,0.14288414171188746,0.06285303086042404,0.061740513890981674,1.5558363199234009,1.6985578536987305,5.693019390106201,4.861502647399902
C hard+profile,1.3344233515572461,0.09022014605911993,0.07986205317991177,1.0997207335302053,0.03097744751438203,-0.0026553569197077845,2.335912243061204,0.19545316655246622,0.1549441356702186,0.062003374099731445,0.061740513890981674,1.5787971019744873,1.6985578536987305,5.600525856018066,4.861502647399902
C hard+div,1.3317921121216085,0.06834972323460949,0.060030640059164996,1.1640940917315712,0.02939523271302652,-0.0011230051750281333,2.6033560303382455,0.16987101982885647,0.13243816201345593,0.06487198173999786,0.061740513890981674,1.7216767072677612,1.6985578536987305,5.854703903198242,4.861502647399902
