model,step,updates,train_time,setting,n,acceptance,ref_acceptance,w1_E,w1_E_boot_sd,w1_mass,w1_mass_boot_sd,w1_girth,w1_girth_boot_sd,w1_ptd,w1_ptd_boot_sd,w1_zlead,w1_zlead_boot_sd,w1_zg,w1_zg_boot_sd,w1_rg,w1_rg_boot_sd,corr_E,corr_girth,corr_mass,corr_core,corr_lead,tower_rms_gev,E_rms_gev,E_change_rms_gev,dw1_E,dw1_mass,dw1_girth,dw1_ptd,dw1_zlead,dw1_zg,dw1_rg
OT-CFM,122720.0,122720.0,7200.407428465784,euler4,2000,0.9765,1.0,0.5373031183343089,0.017449419444626028,0.686008487366831,0.01789689115644489,0.1113092050248178,0.02385312194849108,0.1341595600927975,0.025740906171185532,0.09596695161905582,0.021452391883516584,0.030007562783447884,0.015812250132849235,0.18306806720945534,0.021425305454173697,0.8607099588502202,0.9892445248458384,0.8338464888390185,0.9906495988648203,0.8849220373445997,,,,,,,,,,
OT-CFM,122720.0,122720.0,7200.407428465784,midpoint32,2000,0.9945,1.0,0.04987089728202394,0.013478971699329836,0.058216936249668276,0.021826868946127877,0.024445996660041325,0.010889959912572173,0.01763725373780939,0.010350134254689461,0.026552098901757453,0.013567358038084173,0.040059903604746,0.017415114201424685,0.03964053969454305,0.017814726102227594,0.9457445692650428,0.9903841614732201,0.9182115016134257,0.9924047647343801,0.9234714115549242,,,,,,,,,,
OT-CFM,122720.0,122720.0,7200.407428465784,midpoint64,2000,0.994,1.0,0.04265623312604836,0.010884821313818223,0.03162750778657082,0.013333203121041061,0.02438695987240667,0.011296156170359888,0.018027452111845376,0.011197996056362363,0.01806210918386271,0.012321292635299741,0.03997211408373206,0.020157682891701032,0.056989744223220416,0.02184331775048093,0.9436686949168683,0.9898617286074655,0.9174718719075325,0.9920396191911567,0.9186096886068792,,,,,,,,,,
OT-CFM,,,,32 vs 64 NFE,2000,,,,0.010884821313818223,,0.013333203121041061,,0.011296156170359888,,0.011197996056362363,,0.012321292635299741,,0.020157682891701032,,0.02184331775048093,,,,,,0.02021336928009987,0.5167437791824341,6.18752908706665,0.007214664155975582,0.026589428463097455,5.903678763465384e-05,-0.00039019837403598753,0.008489989717894744,8.778952101393817e-05,-0.017349204528677366
OT-CFM,,,,4 Euler vs 64 NFE,2000,,,,0.010884821313818223,,0.013333203121041061,,0.011296156170359888,,0.011197996056362363,,0.012321292635299741,,0.020157682891701032,,0.02184331775048093,,,,,,0.2446829229593277,6.423045635223389,6.18752908706665,0.4946468852082605,0.6543809795802601,0.08692224515241112,0.11613210798095212,0.0779048424351931,-0.009964551300284175,0.12607832298623492
alpha-DSBM,34819.0,8761.0,7200.648981653154,sde30 (coupled),2000,0.9985,1.0,0.22567590934397738,0.014966737708118679,0.32677612400869577,0.0234104835720366,0.04250461369489931,0.01352379502877035,0.12848295213269448,0.02251274643902602,0.10567944342591522,0.023367076668691294,0.04363687051883607,0.017103698529035958,0.060106041387447545,0.012377599751110569,0.8015547029082664,0.984914881487524,0.8825924574287333,0.9826673811252439,0.7994207225360608,,,,,,,,,,
alpha-DSBM,34819.0,8761.0,7200.648981653154,sde60 (coupled),2000,0.9985,1.0,0.22521324117092084,0.01491885738371444,0.3242607762858428,0.023424814240880363,0.042505157611836396,0.013632412938216987,0.12766988295242399,0.022608859865797647,0.10568103757480997,0.02346021787795535,0.039492404484101296,0.01918736442302314,0.05727698012399677,0.013327905009744056,0.8003821311068103,0.98471294293598,0.8813841486756167,0.9823511081400427,0.7990415953962591,,,,,,,,,,
alpha-DSBM,34819.0,8761.0,7200.648981653154,sde30 (seed a),2000,0.9985,1.0,0.2249997523750098,0.013254283821396786,0.32387559574572156,0.025292791871695818,0.03908105690887947,0.011144553604846707,0.12260505790320557,0.0213812107483585,0.09322637393356377,0.021674033452647033,0.06067024536450477,0.02133425820059085,0.059830947307447646,0.013209223764123295,0.812287878208266,0.9835953297427843,0.8926174321189602,0.9824374368644042,0.8009765368123213,,,,,,,,,,
alpha-DSBM,34819.0,8761.0,7200.648981653154,sde30 (seed b),2000,0.999,1.0,0.2220113545937016,0.01401029816375959,0.3242217571053823,0.02264268069549078,0.039113739609703845,0.011553680042531005,0.13351332104572647,0.021664267868840924,0.1109684536035187,0.021328573942916474,0.02326775657059591,0.012212753419503992,0.06430971008687555,0.013359785675935158,0.8021176978580102,0.9845827021605373,0.8861913166559973,0.9831485879146781,0.7880926688909216,,,,,,,,,,
alpha-DSBM,,,,"N vs 2N, same noise",2000,,,,0.01491885738371444,,0.023424814240880363,,0.013632412938216987,,0.022608859865797647,,0.02346021787795535,,0.01918736442302314,,0.013327905009744056,,,,,,0.03450929746031761,0.5471479296684265,5.7715606689453125,0.00046266817305654073,0.0025153477228529453,-5.439169370874408e-07,0.0008130691802704926,-1.5941488947512905e-06,0.004144466034734777,0.002829061263450776
alpha-DSBM,,,,two samples at N,2000,,,,0.01401029816375959,,0.02264268069549078,,0.011553680042531005,,0.021664267868840924,,0.021328573942916474,,0.012212753419503992,,0.013359785675935158,,,,,,0.36417853832244873,6.0118408203125,5.7715606689453125,0.0029883977813081886,-0.0003461613596607571,-3.2682700824376854e-05,-0.0109082631425209,-0.017742079669954933,0.03740248879390886,-0.004478762779427908
