family,arm,seed,run,net,step,hours,jer_cal,l1_sig,l1_bkg,mse_sig,mse_bkg,jes,bias
flow,otcfm (m - b),0,pilot_otcfm_s0,ema,750,0.08438479372507168,4.14442720105941,0.2595520807902018,0.2595520812988281,0.1662021385192871,0.1662021380106608,1.0181188820249298,0.5387357499876447
flow,otcfm (m - b),0,pilot_otcfm_s0,ema,1500,0.16735221640310355,4.107237831980857,0.2194295537312825,0.2194295537312825,0.1275098576863606,0.1275098576863606,1.0144830828669538,0.4394350838544308
flow,otcfm (m - b),0,pilot_otcfm_s0,ema,2250,0.250388162696941,4.038912658570778,0.1925794387817382,0.1925794387817382,0.1020809967041015,0.1020809967041015,0.9708803848857626,-0.979576159333601
flow,otcfm (m - b),0,pilot_otcfm_s0,ema,3010,0.33437728718026644,3.963798512894296,0.1814589294433593,0.1814589294433593,0.092868546295166,0.0928685457865397,0.9542379655657426,-1.521232609166589
flow,otcfm (m - b),0,pilot_otcfm_s0,ema,4460,0.5002349452622649,3.7782590006501726,0.1660918017069498,0.166091801961263,0.0792812891642252,0.0792812895456949,0.9408963348776176,-1.9634589799357556
flow,otcfm (m - b),0,pilot_otcfm_s0,ema,6670,0.7504295541356423,3.7146525217422304,0.1542162249247233,0.1542162249247233,0.0704172424316406,0.0704172424316406,0.931483481439702,-2.2745812171922557
flow,otcfm (m - b),0,pilot_otcfm_s0,ema,8870,1.0005881052071022,3.708790995262369,0.152150767771403,0.1521507675170898,0.0689565245310465,0.0689565244038899,0.933793400300186,-2.194296235410833
flow,otcfm (m - b),0,pilot_otcfm_s0,ema,11070,1.2506645654121207,3.698212992622522,0.1505363222757975,0.1505363227844238,0.0679764722188313,0.0679764728546142,0.9321647677223728,-2.2482527481790635
flow,otcfm (m - b),0,pilot_otcfm_s0,ema,13270,1.5005146885642575,3.687280281326425,0.1492706400553385,0.1492706400553385,0.0670623778025309,0.0670623776753743,0.928811077832814,-2.356181039898252
flow,otcfm (m - b),0,pilot_otcfm_s0,ema,15470,1.7501119803575178,3.677938182659572,0.1505985148111979,0.1505985148111979,0.0679257353464762,0.0679257354736328,0.9297595782989452,-2.3280110001740715
flow,otcfm (m - b),0,pilot_otcfm_s0,ema,17680,2.0005694702122776,3.67770120107472,0.1487960227966308,0.1487960227966308,0.0667345741271972,0.0667345742543538,0.928629428688976,-2.367281503381621
flow,otcfm (m - b),0,pilot_otcfm_s0,ema,19880,2.250104048796412,3.6822888980524113,0.1507063924153645,0.1507063924153645,0.0680950453440348,0.0680950454711914,0.931454291157703,-2.278317394203314
flow,otcfm (m - b),0,pilot_otcfm_s0,ema,22070,2.500009621636321,3.670110761036258,0.1494448280334472,0.1494448277791341,0.0671656219482421,0.0671656219482421,0.9293151025303276,-2.3485297419002533
flow,otcfm (m - b),0,pilot_otcfm_s0,ema,24270,2.7506108992557143,3.667467100361701,0.1489374407450358,0.1489374407450358,0.0667832113901774,0.0667832108815511,0.9270712497979938,-2.422908032827972
flow,otcfm (m - b),0,pilot_otcfm_s0,ema,26470,3.000159271819931,3.6652369121944894,0.1495663297017415,0.1495663294474284,0.0672883494059244,0.0672883497873942,0.9283675116698652,-2.379798242785126
flow,otcfm (m - b),0,pilot_otcfm_s0,raw,26470,3.000159271819931,3.736464605587096,0.1508185348510742,0.1508185348510742,,,0.9400581716141484,-2.008621057970958
flow,otcfm (m - b),1,ext_otcfm_s1,ema,2260,0.25001106618696617,4.029047181187034,0.2021236267089843,0.2021236272176106,0.1114257743835449,0.1114257736206054,1.0026871520768428,0.0463986059997144
flow,otcfm (m - b),1,ext_otcfm_s1,ema,4540,0.5009293129253719,3.756109138831644,0.1654193784077962,0.1654193784077962,0.0779130747477213,0.0779130752563476,0.956466690607561,-1.4629812792407353
flow,otcfm (m - b),1,ext_otcfm_s1,ema,6810,0.7510866516011043,3.693125803822363,0.1547757410685221,0.1547757410685221,0.0703564331054687,0.0703564332326253,0.9387716075305552,-2.040172270366124
flow,otcfm (m - b),1,ext_otcfm_s1,ema,9070,1.0002993014858415,3.702936207043597,0.1527596944173177,0.1527596944173177,0.0690302978515625,0.0690302973429362,0.9343404132518448,-2.180811521740871
flow,otcfm (m - b),1,ext_otcfm_s1,ema,11260,1.250621574288234,3.6971124149656656,0.1501126495361328,0.1501126495361328,0.0671468233744303,0.0671468233744303,0.9292681696319048,-2.3429876357850428
flow,otcfm (m - b),1,ext_otcfm_s1,ema,13460,1.5006841946755431,3.692241671739692,0.1494025334676106,0.1494025337219238,0.0664784294128418,0.0664784294128418,0.9276301532811624,-2.393373553775461
flow,otcfm (m - b),1,ext_otcfm_s1,ema,15660,1.7508245878169935,3.685919893185368,0.1498365483601888,0.1498365481058756,0.0668429021199544,0.0668429025014241,0.9293487619659948,-2.337195738027066
flow,otcfm (m - b),1,ext_otcfm_s1,ema,17860,2.0008253005912735,3.681176254309083,0.150757054901123,0.150757054901123,0.0675110179901123,0.0675110182444254,0.9292174319919606,-2.34280614961092
flow,otcfm (m - b),1,ext_otcfm_s1,raw,17860,2.0008253005912735,3.7492319532601575,0.1486414357503255,0.1486414357503255,,,0.8804057488472886,-3.938704327131103
flow,otcfm (m - b),2,ext_otcfm_s2,ema,2240,0.25073571287509466,4.05593373326864,0.2081887430826823,0.2081887430826823,0.1169608253479004,0.1169608253479004,1.0036837650597603,0.080031830423738
flow,otcfm (m - b),2,ext_otcfm_s2,ema,4480,0.5003650764727758,3.732408972686285,0.1682636891682942,0.1682636891682942,0.0803869963328043,0.0803869959513346,0.9538532794543316,-1.5378157844321647
flow,otcfm (m - b),2,ext_otcfm_s2,ema,6730,0.7507958340593096,3.688516082167282,0.1547527910868326,0.154752791595459,0.0705283504486084,0.0705283501942952,0.9386561048214146,-2.039706967192574
flow,otcfm (m - b),2,ext_otcfm_s2,ema,8970,1.00012841554876,3.6866637958002735,0.1520237757364909,0.1520237757364909,0.0686127164204915,0.0686127161661783,0.9341793624247212,-2.185004671845084
flow,otcfm (m - b),2,ext_otcfm_s2,ema,11180,1.2509667824601962,3.7019885934844674,0.1540690236409505,0.1540690236409505,0.069843455505371,0.0698434556325276,0.9352810719946428,-2.1595971771880005
flow,otcfm (m - b),2,ext_otcfm_s2,ema,13390,1.5003067127925658,3.694522223256468,0.1543081085205078,0.1543081085205078,0.0699895886739095,0.0699895889282226,0.9329706667827912,-2.237040792192732
flow,otcfm (m - b),2,ext_otcfm_s2,ema,15610,1.7509004121760114,3.692395984828365,0.1545917020161946,0.1545917020161946,0.070178635152181,0.0701786356608072,0.9322548741777796,-2.2601757743804134
flow,otcfm (m - b),2,ext_otcfm_s2,ema,17820,2.0005617747404094,3.680315551434663,0.1529178654988607,0.1529178657531738,0.0690615622202555,0.0690615622202555,0.9320500715164932,-2.265087484076607
flow,otcfm (m - b),2,ext_otcfm_s2,raw,17820,2.0005617747404094,3.781465590899229,0.158328884379069,0.1583288841247558,,,0.9366281633224528,-2.16432348274611
flow,otcfm1 (m - b),0,ext_otcfm1_s0,ema,2280,0.250700436455922,3.720502275479995,0.1529845743815104,0.1529845748901367,0.0700227508544922,0.0700227509816487,0.9449607533370578,-1.828969905618632
flow,otcfm1 (m - b),0,ext_otcfm1_s0,ema,4560,0.5000150228188269,3.7004983143951296,0.1537945281982422,0.153794527943929,0.0702503297170003,0.0702503298441569,0.9453440499255844,-1.81925806440876
flow,otcfm1 (m - b),0,ext_otcfm1_s0,ema,6850,0.7504647917010718,3.684915859857175,0.1542838760375976,0.1542838757832845,0.0703883148193359,0.0703883148193359,0.943910359941036,-1.8657088616516528
flow,otcfm1 (m - b),0,ext_otcfm1_s0,ema,9140,1.0008709103489914,3.689883996829855,0.1546693214416503,0.1546693216959635,0.0704678237915039,0.0704678237915039,0.941643662351568,-1.944627111932052
flow,otcfm1 (m - b),0,ext_otcfm1_s0,ema,11420,1.2501814108590286,3.699162051432152,0.1542702898661295,0.1542702903747558,0.0702313955942789,0.0702313954671224,0.9415019060069716,-1.9518467351384805
flow,otcfm1 (m - b),0,ext_otcfm1_s0,ema,13710,1.5006091323225865,3.697079335215927,0.1536324150085449,0.1536324150085449,0.0698200051625569,0.0698200050354004,0.9390848416956278,-2.035456696715707
flow,otcfm1 (m - b),0,ext_otcfm1_s0,ema,16000,1.7510301293536192,3.7031894186534937,0.1530802304585774,0.1530802307128906,0.0693633155822753,0.0693633154551188,0.9384813645260122,-2.0545044206265453
flow,otcfm1 (m - b),0,ext_otcfm1_s0,ema,18280,2.0003620547842647,3.704311558551416,0.1517620669047037,0.1517620669047037,0.0683728708902994,0.0683728711446126,0.9353838069957044,-2.158151239696977
flow,otcfm1 (m - b),0,ext_otcfm1_s0,raw,18280,2.0003620547842647,3.7471117115982615,0.1584440854390462,0.158444085184733,0.073281673558553,0.0732816740671793,0.9457202635378568,-1.832459665081436
flow,otcfm1 (m - b),1,ext_otcfm1_s1,ema,2270,0.2509197120471961,3.695753780646604,0.1573673149108886,0.1573673149108886,0.0731511367797851,0.073151136525472,0.9429485425225704,-1.9045981802509253
flow,otcfm1 (m - b),1,ext_otcfm1_s1,ema,4540,0.5002698057165577,3.7015052767288448,0.1560785354614257,0.1560785357157389,0.0718581465403239,0.0718581466674804,0.9439326550036392,-1.8776122888998463
flow,otcfm1 (m - b),1,ext_otcfm1_s1,ema,6820,0.7507248269104295,3.704760047505716,0.1564844950358073,0.1564844950358073,0.0718482100168863,0.0718482096354166,0.9450927226030944,-1.8416936498128107
flow,otcfm1 (m - b),1,ext_otcfm1_s1,ema,9090,1.0000849001378649,3.7104317713081625,0.1560579449971517,0.1560579449971517,0.0713103623708089,0.0713103622436523,0.9450222931999372,-1.841278047059311
flow,otcfm1 (m - b),1,ext_otcfm1_s1,ema,11370,1.2505740895412034,3.71090987779666,0.1557058891296386,0.1557058896382649,0.0709858680725097,0.0709858683268229,0.9413232855330278,-1.9601920255572505
flow,otcfm1 (m - b),1,ext_otcfm1_s1,ema,13650,1.501072915573087,3.715649221174624,0.1532210316975911,0.153221031443278,0.0692553901672363,0.0692553901672363,0.938539745471384,-2.04858470446924
flow,otcfm1 (m - b),1,ext_otcfm1_s1,ema,15920,1.750473154971583,3.7242320606341175,0.1532369588216146,0.1532369588216146,0.0692211213429769,0.0692211213429769,0.936933707890554,-2.1032555090254355
flow,otcfm1 (m - b),1,ext_otcfm1_s1,ema,18200,2.0009603907292086,3.726403587340143,0.1529965555826823,0.1529965555826823,0.0690510298411051,0.0690510299682617,0.9363813749738276,-2.121451607860626
flow,otcfm1 (m - b),1,ext_otcfm1_s1,raw,18200,2.0009603907292086,3.71928894327669,0.1488962905883789,0.1488962905883789,0.0661612747192382,0.0661612748463948,0.9093973137553046,-2.9982305037066053
flow,otcfm1 (m - b),2,ext_otcfm1_s2,ema,2270,0.2504729453577763,3.72595118460773,0.1549181907653808,0.1549181907653808,0.0713800164540608,0.0713800164540608,0.9480066450431196,-1.730886113587922
flow,otcfm1 (m - b),2,ext_otcfm1_s2,ema,4550,0.5010129959902002,3.7091231887049,0.1544073577880859,0.1544073577880859,0.0707025268554687,0.0707025267283121,0.9448733521399348,-1.8418245067646453
flow,otcfm1 (m - b),2,ext_otcfm1_s2,ema,6820,0.7504575539877018,3.696157287353123,0.1536710932413737,0.1536710934956868,0.0697496676127115,0.0697496676127115,0.9417805557456456,-1.9415091299681773
flow,otcfm1 (m - b),2,ext_otcfm1_s2,ema,9100,1.001046233686308,3.707732455446733,0.1498600105285644,0.1498600105285644,0.0669849948883056,0.0669849942525227,0.9376091861411212,-2.076166634521032
flow,otcfm1 (m - b),2,ext_otcfm1_s2,ema,11370,1.2505300954750014,3.6979523821902585,0.1517768758138021,0.1517768758138021,0.0681612257639567,0.0681612255096435,0.9374875945371705,-2.0803257901208347
flow,otcfm1 (m - b),2,ext_otcfm1_s2,ema,13640,1.5000638267066744,3.700140393172885,0.1518417762756347,0.1518417765299479,0.0682380395253499,0.068238039779663,0.9352118428075252,-2.1580122344347896
flow,otcfm1 (m - b),2,ext_otcfm1_s2,ema,15920,1.7507019233745005,3.700941440168175,0.1523958170572916,0.1523958175659179,0.068574553934733,0.0685745540618896,0.9356843480855608,-2.1435627284662684
flow,otcfm1 (m - b),2,ext_otcfm1_s2,ema,18190,2.0002209692406985,3.703959994451437,0.1523647628784179,0.1523647626241048,0.0684224779764811,0.0684224781036376,0.935541648749934,-2.1495185679332547
flow,otcfm1 (m - b),2,ext_otcfm1_s2,raw,18190,2.0002209692406985,3.7163999351592105,0.1484645380655924,0.1484645388285319,0.0652702568054199,0.0652702565511067,0.8946478739732984,-3.4700087870068432
flow,otcfm1 log(E+1) (m - b),0,ext_otcfm1_bias1_s0,ema,2260,0.25061783607014354,3.8054194911479886,0.1431233815511067,0.1431233815511067,0.0570836729685465,0.0570836728413899,0.876177578332601,-4.027817731680504
flow,otcfm1 log(E+1) (m - b),0,ext_otcfm1_bias1_s0,ema,4530,0.5010730804130435,3.793633257953201,0.1435953435262044,0.1435953435262044,0.0572129057566324,0.0572129056294759,0.8758693630653013,-4.037391773230835
flow,otcfm1 log(E+1) (m - b),0,ext_otcfm1_bias1_s0,ema,6790,0.7504520198019843,3.7847423755504814,0.1442100194295247,0.1442100194295247,0.0575496883392334,0.0575496884663899,0.876679186990598,-4.011257875497088
flow,otcfm1 log(E+1) (m - b),0,ext_otcfm1_bias1_s0,ema,9050,1.0002123629632924,3.787371204201966,0.144992967224121,0.144992967224121,0.058003695042928,0.0580036951700846,0.876469666170069,-4.017918660096793
flow,otcfm1 log(E+1) (m - b),0,ext_otcfm1_bias1_s0,ema,11320,1.2507787836053306,3.793349624798292,0.1452561686197916,0.1452561686197916,0.0582752920786539,0.0582752924601236,0.8772171858837745,-3.9917615232249104
flow,otcfm1 log(E+1) (m - b),0,ext_otcfm1_bias1_s0,ema,13580,1.500259824730456,3.8020133426053033,0.1454411557515462,0.1454411557515462,0.0584363355000813,0.0584363357543945,0.8771791796688585,-3.9961718943464
flow,otcfm1 log(E+1) (m - b),0,ext_otcfm1_bias1_s0,ema,15850,1.7508395060213904,3.803127957301416,0.1451863357543945,0.1451863357543945,0.0583062436421712,0.0583062435150146,0.8770398986347736,-4.001392689768937
flow,otcfm1 log(E+1) (m - b),0,ext_otcfm1_bias1_s0,ema,18110,2.0003333619650867,3.807802163543654,0.1448389981587728,0.1448389984130859,0.0580964570363362,0.0580964569091796,0.8757455336737037,-4.044503080275404
flow,otcfm1 log(E+1) (m - b),0,ext_otcfm1_bias1_s0,raw,18110,2.0003333619650867,3.8448632250655694,0.1441443204243978,0.1441443201700846,0.0581621149698893,0.0581621148427327,0.8618336578796536,-4.5069942704601855
flow,otcfm_pieces,0,ext_pieces_s0,ema,2310,0.2502109934244719,11.60890177976658,0.0362402666091918,0.030746875,0.1315231979370117,0.0251606897989908,1.0844109923537262,2.500434907672479
flow,otcfm_pieces,0,ext_pieces_s0,ema,4640,0.500683708679345,8.543880673100121,0.0345274959564209,0.0311831121444702,0.0705211336771647,0.0249687804539998,0.975698082473744,-0.927855327074727
flow,otcfm_pieces,0,ext_pieces_s0,ema,6960,0.7501143358047637,7.74076173313412,0.0349499923706054,0.032619423230489,0.0592081441243489,0.0268975549697875,0.901393248353718,-3.2625812349046543
flow,otcfm_pieces,0,ext_pieces_s0,ema,9290,1.0006006086721189,6.300423366432351,0.0336257940292358,0.0325331434249877,0.0398129079182942,0.0268361651738484,0.87693889855709,-4.052310845120958
flow,otcfm_pieces,0,ext_pieces_s0,ema,11610,1.250001938994974,5.738680027046287,0.0326285717010498,0.032418157450358,0.0324267848332723,0.0265749502182006,0.8741986025551728,-4.1652356386864255
flow,otcfm_pieces,0,ext_pieces_s0,ema,13940,1.500498126991507,5.263693512161527,0.0327106804529825,0.0328416226704915,0.0314822839736938,0.026233723894755,0.8886582937825884,-3.689810617988594
flow,otcfm_pieces,0,ext_pieces_s0,ema,16270,1.751008754660272,5.647006785540063,0.0327178094863891,0.0327054880142211,0.032162835629781,0.0266584295272827,0.8959753755130123,-3.4585691346177327
flow,otcfm_pieces,0,ext_pieces_s0,ema,18590,2.0004591378817955,6.590943510353973,0.0354226072947184,0.0348784773508707,0.0401301235834757,0.0300707560221354,0.9187171841725776,-2.657460088863597
flow,otcfm_pieces,0,ext_pieces_s0,raw,18590,2.0004591378817955,9.6099175017531,0.04815764503479,0.0383085706710815,0.3012399551391601,0.0325070072809855,1.3845910482112929,12.959312574307006
flow,otcfm_pieces,1,ext_pieces_s1,ema,2300,0.25080101278507044,8.221508009802292,0.0342218791325887,0.0305734587987264,0.083461711247762,0.0241320176442464,1.0514677036325415,1.53960142523244
flow,otcfm_pieces,1,ext_pieces_s1,ema,4600,0.5006788194427888,6.370573400398036,0.032966543896993,0.0307029898961385,0.0524275609970092,0.0241266531626383,0.9576363179670464,-1.4127271167501567
flow,otcfm_pieces,1,ext_pieces_s1,ema,6900,0.7505591209439768,5.705916728462147,0.0332195165634155,0.0315484321594238,0.0455589727401733,0.0236863441467285,0.955847814347084,-1.446633106109259
flow,otcfm_pieces,1,ext_pieces_s1,ema,9200,1.0004429202961425,5.755951919567441,0.0336467769622802,0.033133869934082,0.0368993030548095,0.0264295906066894,0.9276336070582184,-2.4214219987739005
flow,otcfm_pieces,1,ext_pieces_s1,ema,11500,1.2503280507379937,5.311589926963651,0.0331014293034871,0.0332162570317586,0.0323776748021443,0.0261879419326782,0.9017311011010348,-3.2536457235410023
flow,otcfm_pieces,1,ext_pieces_s1,ema,13800,1.500208397153765,5.605216131988008,0.0332211435317993,0.0334792003631591,0.033238273302714,0.0261156882603963,0.947178522711134,-1.8000970769398787
flow,otcfm_pieces,1,ext_pieces_s1,ema,16100,1.750100247973783,5.0790945884466,0.0326825118382771,0.0331016767501831,0.0309183917999267,0.0258898954391479,0.9188809522909612,-2.655594196576184
flow,otcfm_pieces,1,ext_pieces_s1,ema,18410,2.0010803698313735,5.522422681798611,0.0340214813232421,0.0342509073257446,0.0336461881637573,0.0280416767120361,0.9068131051221212,-3.019313016593993
flow,otcfm_pieces,1,ext_pieces_s1,raw,18410,2.0010803698313735,5.910057790400867,0.0389267784754435,0.0380785347620646,0.0534762083689371,0.0323613339106241,0.8788528240444017,-3.8300756466808674
flow,otcfm_pieces,2,ext_pieces_s2,ema,2310,0.25018198501732614,10.030844891861149,0.036094261042277,0.030654008547465,0.1220751912434895,0.0244606437683105,1.0439875043444682,1.2993543898008688
flow,otcfm_pieces,2,ext_pieces_s2,ema,4630,0.5000745073830088,6.3317930143250685,0.033361675008138,0.0309703379948933,0.0537531167348225,0.0262204203923543,0.914541267357386,-2.7774863902552887
flow,otcfm_pieces,2,ext_pieces_s2,ema,6960,0.7510732159639399,5.747059680213133,0.0322750682195027,0.0308553950627644,0.038949177233378,0.0249532870610555,0.92024787822956,-2.6715656283942586
flow,otcfm_pieces,2,ext_pieces_s2,ema,9280,1.001031148760683,5.300558945337199,0.0328732939402262,0.0323618873596191,0.0341708598454793,0.0265215522766113,0.9266737196279222,-2.444918981205709
flow,otcfm_pieces,2,ext_pieces_s2,ema,11600,1.2509994512196216,5.198965614916132,0.0323622784296671,0.0321783758799235,0.032044866434733,0.0258897677739461,0.9257831061068325,-2.501708675471941
flow,otcfm_pieces,2,ext_pieces_s2,ema,13920,1.5009921891759668,5.274733059418997,0.0327823503494262,0.0325022356033325,0.0315970120747884,0.0259302687327067,0.9613532750358248,-1.3433667346996534
flow,otcfm_pieces,2,ext_pieces_s2,ema,16240,1.7509903630262447,5.198264186521461,0.0328855346043904,0.0329713603337605,0.0301040672938028,0.0266130332946777,0.9402918313591752,-2.000407161305995
flow,otcfm_pieces,2,ext_pieces_s2,ema,18560,2.000966430612736,5.109661443875894,0.0329752630233764,0.0324632642745971,0.031906771659851,0.0263552045822143,0.9369926522641906,-2.041445700720797
flow,otcfm_pieces,2,ext_pieces_s2,raw,18560,2.000966430612736,6.922365198226222,0.0386686994552612,0.036036845588684,0.0602964571634928,0.0361057434717814,0.8690015119052045,-4.0093236885597054
flow,condcfm (mean of 4),0,ext_condcfm_s0,ema,2290,0.25010292417680224,4.277245426065099,0.0386294752120971,0.0424526782989502,,,0.9403208336606472,-2.024752649338348
flow,condcfm (mean of 4),0,ext_condcfm_s0,ema,4590,0.5002392571491914,4.071609341617266,0.0382621875762939,0.0407803407669067,,,0.9387030599992676,-2.0724984325741214
flow,condcfm (mean of 4),0,ext_condcfm_s0,ema,6890,0.7504213944336192,4.0037464320996055,0.0378765673319498,0.0398022501627604,,,0.9368758194489212,-2.136329755966836
flow,condcfm (mean of 4),0,ext_condcfm_s0,ema,9190,1.0006910963149533,3.973068376992323,0.037728632736206,0.0392239800771077,,,0.937657249898438,-2.11118214789036
flow,condcfm (mean of 4),0,ext_condcfm_s0,ema,11490,1.2508689510822295,3.9522992777217247,0.0376702860514322,0.0389134625116984,,,0.9387884480267716,-2.0746129242483096
flow,condcfm (mean of 4),0,ext_condcfm_s0,ema,13790,1.5007898158797373,3.935738373841101,0.0375870467503865,0.0386286771138509,,,0.9400242822180728,-2.034636087094673
flow,condcfm (mean of 4),0,ext_condcfm_s0,ema,16090,1.750620721038431,3.9207122559063214,0.0375499930063883,0.0384922623952229,,,0.9397785760427004,-2.044366654424436
flow,condcfm (mean of 4),0,ext_condcfm_s0,ema,18390,2.0007040020326774,3.916942550027257,0.0375032457351684,0.0383484212875366,,,0.9383353882589304,-2.092164290697487
flow,condcfm (mean of 4),0,ext_condcfm_s0,ema,20690,2.2509631655603233,3.905825227426997,0.037466475868225,0.0382546184539794,,,0.9378520845279328,-2.108987273491444
flow,condcfm (mean of 4),0,ext_condcfm_s0,ema,22980,2.500151104038167,3.9012418168969374,0.0374308513005574,0.0381500397364298,,,0.9369535858084836,-2.137264854184117
flow,condcfm (mean of 4),0,ext_condcfm_s0,ema,25280,2.7503210981583437,3.8936583117041774,0.0374037221272786,0.0380785776138305,,,0.9366492126987914,-2.1477344103786966
flow,condcfm (mean of 4),0,ext_condcfm_s0,ema,27580,3.000528379250318,3.89468007399304,0.037358648109436,0.0380216941833496,0.0227133876164754,0.0226725596110026,0.9365721260700696,-2.1623949786301364
flow,condcfm (mean of 16),0,ext_condcfm_s0 x16,ema,9190,1.0006910963149533,3.6640643967880937,0.036313517888387,0.0369565620422363,,,0.9381923305307892,-2.098497079886864
flow,condcfm (mean of 16),0,ext_condcfm_s0 x16,ema,13790,1.5007898158797373,3.6367880425193433,0.0361791027069091,0.0365059645334879,,,0.9405470993257564,-2.022127893003386
flow,condcfm (mean of 16),0,ext_condcfm_s0 x16,ema,18390,2.0007040020326774,3.622814887380622,0.036112245496114,0.0363603141784667,,,0.9388365164895456,-2.0807507278954285
flow,condcfm (mean of 16),0,ext_condcfm_s0 x16,ema,25280,2.7503210981583437,3.616064621961316,0.036051475461324,0.03626828956604,0.0195385710398356,0.019524068291982,0.9373513117435354,-2.1326061142386603
flow,condcfm (mean of 16),0,ext_condcfm_s0 x16,ema,27580,3.000528379250318,3.597290411050297,0.0359986250559488,0.0362424184799194,,,0.9367199041548164,-2.152906983353477
flow,condcfm (mean of 4),1,ext_condcfm_s1,ema,4590,0.5000516109023657,4.097062102300226,0.0382172175725301,0.0407701768875122,,,0.9360579620181462,-2.167011642059189
flow,condcfm (mean of 4),1,ext_condcfm_s1,ema,9170,1.0006350001713469,3.958525723349925,0.0378029799143473,0.0393258645375569,,,0.9369945776870954,-2.14122907809039
flow,condcfm (mean of 4),1,ext_condcfm_s1,ema,13750,1.5010696437892814,3.9373323166525775,0.0375901330947876,0.0386560533523559,,,0.936885151789186,-2.1497063847988582
flow,condcfm (mean of 4),1,ext_condcfm_s1,ema,18320,2.000241747966243,3.917792695910297,0.037452279027303,0.0382657025019327,,,0.9353753331600884,-2.2002688483900497
flow,condcfm (mean of 4),1,ext_condcfm_s1,ema,22900,2.5004486635968917,3.900776762238783,0.0373954337437947,0.0380954800923665,0.0227194169362386,0.0226898732503255,0.9347436379178592,-2.2222551202953453
flow,condcfm (mean of 4),1,ext_condcfm_s1,ema,27480,3.0005566543092335,3.901013320352017,0.0373473942438761,0.0380105825424194,,,0.9338196119920404,-2.2529308784512265
flow,condcfm (mean of 4),1,ext_condcfm_s1,raw,27480,3.0005566543092335,3.919271070134534,0.0373601322809855,0.0387629390716552,,,0.9134610931851662,-2.885640863790002
flow,condcfm (mean of 16),1,ext_condcfm_s1 x16,ema,22900,2.5004486635968917,3.603575069733553,0.0360342650095621,0.0362037763595581,,,0.9348571708876192,-2.214742778848316
flow,condcfm (mean of 4),2,ext_condcfm_s2,ema,4590,0.5002224981246723,4.0755869944305525,0.0382817347208658,0.0409194915771484,,,0.9359428156484572,-2.16325699963655
flow,condcfm (mean of 4),2,ext_condcfm_s2,ema,9180,1.0000794974880085,3.970288739474036,0.0377897183100382,0.0393548208872477,,,0.9360823651062992,-2.176588012125348
flow,condcfm (mean of 4),2,ext_condcfm_s2,ema,13770,1.5001647233735356,3.94347408893695,0.0375613339742024,0.0386502235412597,,,0.9365509649491914,-2.162033610870732
flow,condcfm (mean of 4),2,ext_condcfm_s2,ema,18360,2.0006493604245286,3.926209594188423,0.0374278917312622,0.0383245573679606,,,0.9354741167694792,-2.1994627936918505
flow,condcfm (mean of 4),2,ext_condcfm_s2,ema,22950,2.501084674898949,3.9138303075127374,0.0373675683339436,0.0381518806457519,,,0.9337445483701616,-2.2592507231236865
flow,condcfm (mean of 4),2,ext_condcfm_s2,ema,27530,3.0004154081870285,3.904576815771792,0.0372748823801676,0.0379724966049194,0.0226770542144775,0.0226637205123901,0.9316545071201792,-2.3280408534638326
flow,condcfm (mean of 4),2,ext_condcfm_s2,raw,27530,3.0004154081870285,3.9918892921555145,0.0371988878250122,0.0378973520914713,,,0.9298771774583332,-2.3984931917095955
flow,condcfm (mean of 16),2,ext_condcfm_s2 x16,ema,27530,3.0004154081870285,3.602700951175081,0.0359290108998616,0.0362144502003987,,,0.9319009668446968,-2.3158337688815727
flow,regress,0,ext_regress_s0,ema,760,0.08352568750787112,4.900872156964699,0.0323994609832763,0.044870260365804,0.0235913072586059,0.0208395140965779,0.8109944306152613,-6.12270103448501
flow,regress,0,ext_regress_s0,ema,1530,0.16733733583862584,4.491124293759892,0.0320053380966186,0.0427419029235839,0.0223063649813334,0.0202363095919291,0.8090387318053585,-6.171478059949386
flow,regress,0,ext_regress_s0,ema,2300,0.25099820138058726,4.337306023869713,0.0318625954945882,0.0420675409952799,0.0217893813769022,0.0200347872098286,0.8070687206680179,-6.250378956124416
flow,regress,0,ext_regress_s0,ema,3060,0.33359375092304416,4.253437241591121,0.0318169058481852,0.0417545062383016,0.0216201756795247,0.0199527274767557,0.8059592635105282,-6.28072079091588
flow,regress,0,ext_regress_s0,ema,3830,0.41716936183472475,4.209106107836484,0.0317920581181844,0.0416294078191121,0.0215355707804362,0.0198995134353637,0.8039732831722229,-6.346546936355911
flow,regress,0,ext_regress_s0,ema,4600,0.500723075175451,4.175500212933206,0.0317565028508504,0.0414802621205647,0.0214605046590169,0.0198612304051717,0.8035096834981937,-6.365009143759976
flow,regress,0,ext_regress_s0,ema,5370,0.5842359783003728,4.1814231493578085,0.0317435028076171,0.041254511642456,0.0214336517333984,0.0198226483662923,0.802359455653401,-6.405443820696766
flow,regress,0,ext_regress_s0,ema,6130,0.6667062336723837,4.160729065661003,0.0317313934326171,0.0410627430597941,0.0213709118207295,0.0198047860781351,0.8027552632549994,-6.392797849507495
flow,regress,0,ext_regress_s0,ema,6900,0.7502936068529056,4.149196792103908,0.0317284848531087,0.040945965830485,0.0213718339602152,0.0197783391316731,0.8019769137717693,-6.419675779320905
flow,regress,0,ext_regress_s0,ema,7670,0.8338340881425473,4.1251001062245125,0.0317278130849202,0.0409264326095581,0.0213425183931986,0.0197718831698099,0.8007472634972547,-6.460272120255155
flow,regress,0,ext_regress_s0,ema,8440,0.9173430281774037,4.116235984929953,0.0317211992899576,0.0407778038660685,0.0213097916603088,0.0197598488489786,0.8008055591224912,-6.455490372414981
flow,regress,0,ext_regress_s0,ema,9210,1.0009100973626806,4.11812672854647,0.031717651494344,0.0407119914372762,0.0213016009330749,0.0197416501045227,0.800719453017092,-6.46011945100701
flow,regress,1,ext_regress_s1,ema,760,0.08421582614589068,4.993498318913082,0.0324009545644124,0.0450797012329101,,,0.8138093912751284,-6.044383714604359
flow,regress,1,ext_regress_s1,ema,1520,0.1677345304791298,4.50628956962846,0.0320127937316894,0.0427774576187133,,,0.8064149624184973,-6.275891458059904
flow,regress,1,ext_regress_s1,ema,2270,0.25006107287481427,4.305698386064078,0.0318816690444946,0.0418214737574259,,,0.8053782476721493,-6.300042311504539
flow,regress,2,ext_regress_s2,ema,760,0.08355305468456613,4.894696237862231,0.0324165533701578,0.0449268633524576,,,0.8083882847716617,-6.198892395195457
flow,regress,2,ext_regress_s2,ema,1530,0.16723934813299113,4.411354755858531,0.0320139508565266,0.043012670135498,,,0.8058079584487207,-6.285541570250494
flow,regress,2,ext_regress_s2,ema,2300,0.2508686836519175,4.266349063114284,0.0318458540598551,0.0421010437011718,,,0.8062283172243525,-6.266459231419597
flow,regress_l1,0,ext_regress_l1_s0,ema,760,0.0836557795210845,4.806943196459399,0.02794834912618,0.0365007399241129,0.023870931371053,0.0218683038711547,0.8314101026268655,-5.525123808433142
flow,regress_l1,0,ext_regress_l1_s0,ema,1530,0.16726230054886804,4.031339996870648,0.0269671332041422,0.0318453313827514,0.0217782430966695,0.0210769735654195,0.8467785041572483,-4.99659121459219
flow,regress_l1,0,ext_regress_l1_s0,ema,2300,0.25091464209266834,3.922430726957118,0.026735988998413,0.030337579981486,0.0213665132522583,0.020894404443105,0.8532534831440046,-4.77745614368768
flow,regress_l1,0,ext_regress_l1_s0,ema,3060,0.33344792569263115,3.85833023486336,0.0266395920435587,0.0297817385991414,0.021232680606842,0.0208401589711507,0.8553930886191783,-4.708321756952886
flow,regress_l1,0,ext_regress_l1_s0,ema,3830,0.417092732468413,3.855657277491919,0.0266113368988037,0.0293402880350748,0.0211545587221781,0.0208120880444844,0.8548742753628912,-4.7282194470668815
flow,regress_l1,0,ext_regress_l1_s0,ema,4600,0.5006954767472214,3.8241218912286943,0.0265602971394856,0.0289793907165527,0.0211117316563924,0.0208143125216166,0.8570514837508004,-4.656718553152314
flow,regress_l1,0,ext_regress_l1_s0,ema,5370,0.5842931047516564,3.8149321965093264,0.0265171974182128,0.0286797915140787,0.0210570660273234,0.0207746103604634,0.8587037822853141,-4.599453931441398
flow,regress_l1,0,ext_regress_l1_s0,ema,6130,0.6667899730987847,3.804938314349074,0.0264882781346639,0.028398692258199,0.0210064105987548,0.0207470387776692,0.8593476088992682,-4.578789060437384
flow,regress_l1,0,ext_regress_l1_s0,ema,6900,0.7503872156577805,3.794239006731546,0.0264731296539306,0.028246555964152,0.0209869334538777,0.0207519056955973,0.8593586076419513,-4.580752004689304
flow,regress_l1,0,ext_regress_l1_s0,ema,7670,0.8339892419738074,3.80625595664456,0.0264562786738077,0.02809594484965,0.0209804867426554,0.0207598267873128,0.8605700262870505,-4.541190884510449
flow,regress_l1,0,ext_regress_l1_s0,ema,8440,0.9176178423418767,3.798588987224604,0.0264484631856282,0.0279822541554768,0.020974371433258,0.0207631715774536,0.8617034726926478,-4.505502601072707
flow,regress_l1,0,ext_regress_l1_s0,ema,9200,1.0001491724140943,3.7920266693259626,0.0264429794947306,0.0279723749160766,0.0209630846659342,0.0207381864547729,0.8618370096501557,-4.500424881017326
flow,regress_l1,0,ext_regress_l1_s0,raw,9200,1.0001491724140943,3.891063691181053,0.0265791856129964,0.0313996686935424,,,0.873442355310718,-4.07149199838174
flow,regress_l1,1,ext_regress_l1_s1,ema,760,0.0834300352819264,4.739362620094066,0.0278980997085571,0.0363365580240885,0.0236991428375244,0.0219032795270284,0.8335201176399655,-5.44718486892227
flow,regress_l1,1,ext_regress_l1_s1,ema,1530,0.16693377138011986,4.040887937456133,0.0269452454249064,0.031987816174825,0.0217024265925089,0.0209931743303934,0.8504495532901818,-4.881648832138935
flow,regress_l1,1,ext_regress_l1_s1,ema,2300,0.25054612326332265,3.9322410785054425,0.0267370073318481,0.0304266118367513,0.0214036040623982,0.0209145681699117,0.8528956583757508,-4.791439281549955
flow,regress_l1,1,ext_regress_l1_s1,ema,3070,0.3342002602521745,3.88263515106997,0.0266546374638875,0.0297710781733194,0.0212547001520792,0.0208955247561136,0.8551924343907676,-4.7174345147390895
flow,regress_l1,1,ext_regress_l1_s1,ema,3830,0.41682476052186557,3.850759937819463,0.0265846174875895,0.0291517072677612,0.0211477792421976,0.0208349081039428,0.8588417235012775,-4.597711877123739
flow,regress_l1,1,ext_regress_l1_s1,ema,4600,0.5003124523576764,3.83176495086022,0.026558238919576,0.0290001299540201,0.0211084884643554,0.0208113585472106,0.8594028859166636,-4.580053733890487
flow,regress_l1,1,ext_regress_l1_s1,ema,5370,0.583628929629922,3.833522356130581,0.0265291603724161,0.0286517812728881,0.0210723144849141,0.0208259264945983,0.8640373827344128,-4.43237974366173
flow,regress_l1,1,ext_regress_l1_s1,ema,6140,0.667084952911569,3.8276181249840926,0.0264921637852986,0.0283718189239501,0.021040195496877,0.0207945714950561,0.8635544746514835,-4.447026323285427
flow,regress_l1,1,ext_regress_l1_s1,ema,6910,0.7506784796321557,3.831637735534236,0.026485535621643,0.0282929634094238,0.0209995721817016,0.0207492150624593,0.862761206035075,-4.474474408338149
flow,regress_l1,1,ext_regress_l1_s1,ema,7680,0.8341830405013428,3.820075032361053,0.0264656768798828,0.028147645441691,0.0209990366299947,0.0207554932594299,0.8637465397479287,-4.438987621898431
flow,regress_l1,1,ext_regress_l1_s1,ema,8450,0.9176967205231389,3.8154771363992737,0.0264521858851114,0.0281062294006347,0.0209936340332031,0.0207462397575378,0.8629486046394994,-4.466853800473416
flow,regress_l1,1,ext_regress_l1_s1,ema,9210,1.0000900832191109,3.812831778270394,0.0264403678894042,0.0279557748158772,0.020969795513153,0.0207416423479715,0.8630014822118586,-4.464221889488021
flow,regress_l1,1,ext_regress_l1_s1,raw,9210,1.0000900832191109,3.789869421825693,0.0265812548955281,0.0294051593144734,,,0.8334526862761178,-5.377060206609745
flow,regress_l1,2,ext_regress_l1_s2,ema,770,0.08382512336182925,4.671786187483959,0.0278508309046427,0.0371624370574951,0.0235435572942098,0.0219740876833597,0.8421245565349853,-5.162605940663628
flow,regress_l1,2,ext_regress_l1_s2,ema,1550,0.16760090678723322,4.048136151379165,0.0269440477371215,0.0318706803003946,0.021686492729187,0.0209008315722147,0.8511482708979837,-4.849814554560675
flow,regress_l1,2,ext_regress_l1_s2,ema,2320,0.25037740288509264,3.917043038573653,0.0267396536509195,0.030361985651652,0.0214070569356282,0.0208311743736267,0.8527346951628031,-4.799052325666135
flow,regress_l1,2,ext_regress_l1_s2,ema,3100,0.334319277840356,3.8811455611828656,0.026641895421346,0.0295592083613077,0.0213094569524129,0.0208534340858459,0.8573531955206846,-4.644525386740498
flow,regress_l1,2,ext_regress_l1_s2,ema,3870,0.417000859019657,3.854493676700092,0.0266108931859334,0.0292786453882853,0.0212472318013509,0.0208525562286376,0.8635871706082027,-4.437191646355423
flow,regress_l1,2,ext_regress_l1_s2,ema,4650,0.5007935736121403,3.846222322805218,0.0265631825764973,0.0289498699188232,0.0211580702781677,0.0207773066202799,0.8598799416590898,-4.56634702626499
flow,regress_l1,2,ext_regress_l1_s2,ema,5420,0.5835125697093705,3.837322257203392,0.0265327386220296,0.0286558390299479,0.0211272519111633,0.0207962830543518,0.8606932218353842,-4.5379734986892055
flow,regress_l1,2,ext_regress_l1_s2,ema,6200,0.6677048140805628,3.8158186487757897,0.0265128822962443,0.0284347668329874,0.0210847668965657,0.0207802198410034,0.8614691961118154,-4.516061745515205
flow,regress_l1,2,ext_regress_l1_s2,ema,6970,0.7509919545592533,3.804954125407705,0.0264812417984008,0.0281970513661702,0.0210357515970865,0.0207700135548909,0.8629819103985208,-4.465925677963516
flow,regress_l1,2,ext_regress_l1_s2,ema,7740,0.8342589232635995,3.80955225943605,0.0264641642888387,0.0280876241683959,0.0209990358988444,0.0207394304593404,0.8650226048843312,-4.401833922272329
flow,regress_l1,2,ext_regress_l1_s2,ema,8510,0.9175351201598014,3.8130093513996375,0.0264544898351033,0.0279766108830769,0.0209992110888163,0.0207458025296529,0.8639189019850143,-4.439218988876334
flow,regress_l1,2,ext_regress_l1_s2,ema,9280,1.0007919132585328,3.814868585798074,0.0264492586771647,0.0279594193140665,0.0209848868687947,0.0207339347203572,0.8629442758796959,-4.4702642998800295
flow,regress_l1,2,ext_regress_l1_s2,raw,9280,1.0007919132585328,3.879586948497113,0.0266294886271158,0.0300630549112955,,,0.8369399386016589,-5.310099635098655
flow,sbcfm (m - b),0,pilot_sbcfm_s0,ema,2750,0.3340655326615605,6.689869449182502,0.0602269313812255,0.0602269313812255,,,0.4771812402978169,-17.049946856490564
uvcgan-s,uvcgan-s batch 32,0,base_b32_lr5e-5,ema,10000,1.6681693186693722,9.249437648479756,0.2724235046386719,0.1890932123819987,0.1780345029195149,0.1036115989685058,0.7463442386468689,-8.775713926355973
uvcgan-s,uvcgan-s batch 32,0,base_b32_lr5e-5,raw,10000,1.6681693186693722,4.115074734353481,0.0365489974975585,0.0518566473642985,0.023527544148763,0.0259227807998657,0.8690279637663538,-4.335001127544008
uvcgan-s,uvcgan-s batch 32,0,base_b32_lr5e-5,ema,20000,3.339072727846603,5.771007465505692,0.0972020690917968,0.0712592077891031,0.0461701203664143,0.0289997194925944,0.8427134009069022,-5.436589712428471
uvcgan-s,uvcgan-s batch 32,0,base_b32_lr5e-5,raw,20000,3.339072727846603,3.924534164954921,0.0303697494506835,0.0515077836354573,0.0222914507548014,0.0238209021250406,0.8142880300596349,-6.06621008818512
uvcgan-s,uvcgan-s batch 32,0,base_b32_lr5e-5,ema,30000,5.023092208430171,4.044302840891954,0.0492218794504801,0.0574863258361816,0.0230442773183186,0.0257031244277954,0.9495340363731096,-1.7114485821502672
uvcgan-s,uvcgan-s batch 32,0,base_b32_lr5e-5,raw,30000,5.023092208430171,3.864132337921944,0.0412356506983439,0.0560732018788655,0.0240124090830485,0.0245729704538981,0.9284340096186616,-2.279466336027081
uvcgan-s,uvcgan-s batch 32,0,base_b32_lr5e-5,ema,40000,6.698437662468188,3.741700511964107,0.037492200978597,0.0552371281941731,0.0230243233998616,0.0261722255071004,0.981133508464488,-0.6116854264328164
uvcgan-s,uvcgan-s batch 32,0,base_b32_lr5e-5,raw,40000,6.698437662468188,3.7703107690149182,0.0361495262145996,0.0477008749643961,0.0226610688527425,0.0240550505320231,0.9897612529367292,-0.3842195832814964
uvcgan-s,uvcgan-s batch 32,0,base_b32_lr5e-5,ema,50000,8.376048438830509,3.68120539796869,0.0338723314921061,0.0495667172749837,0.0228484753290812,0.025829586092631,0.976469642013446,-0.7662154318818534
uvcgan-s,uvcgan-s batch 32,0,base_b32_lr5e-5,raw,50000,8.376048438830509,3.6957372766380665,0.0295916624069213,0.046964681371053,0.0215293016433715,0.0263041684468587,0.9204392248557206,-2.6148629737626106
uvcgan-s,uvcgan-s batch 32,0,base_b32_lr5e-5,ema,60000,10.058734692761467,3.653508818371732,0.0327215492884318,0.0456492242177327,0.0225405619939168,0.0261335795720418,0.967079030875337,-1.0837211285685613
uvcgan-s,uvcgan-s batch 32,0,base_b32_lr5e-5,raw,60000,10.058734692761467,3.68501445229218,0.0295075860977172,0.0435964374542236,0.0213589513460795,0.0269777904510498,0.8957974791598199,-3.4170018872843952
uvcgan-s,uvcgan-s batch 32,0,base_b32_lr5e-5,ema,70000,11.811715686147412,3.642667032717324,0.0323864623387654,0.0439408749898274,0.0223934644699096,0.027025990931193,0.9602585942455716,-1.3159358905367753
uvcgan-s,uvcgan-s batch 32,0,base_b32_lr5e-5,raw,70000,11.811715686147412,3.696646082279728,0.0294039853413899,0.0487363786061604,0.0215697952588399,0.0281042719523112,0.913733358609835,-2.7933733340422005
uvcgan-s,uvcgan-s batch 32,0,base_b32_lr5e-5,ema,80000,13.657314742207527,3.634864176265989,0.0329246927897135,0.0438007715861002,0.0225916534423828,0.0284170578002929,0.9598778722423532,-1.3356107247893751
uvcgan-s,uvcgan-s batch 32,0,base_b32_lr5e-5,raw,80000,13.657314742207527,3.6696817797329406,0.0304695017496744,0.0429391801198323,0.022327783203125,0.028896375020345,0.8981882499032262,-3.3607371560443484
uvcgan-s,uvcgan-s batch 32,0,base_b32_lr5e-5,ema,90000,15.507153830010857,3.6292383153464,0.0337837388356526,0.0438770697275797,0.0226750782012939,0.0297815176645914,0.9597323169583004,-1.3473326514838508
uvcgan-s,uvcgan-s batch 32,0,base_b32_lr5e-5,raw,90000,15.507153830010857,3.5914306375177283,0.0292720899581909,0.0430184807459513,0.0215687612533569,0.0305565028508504,0.908773512947267,-2.942727188416536
uvcgan-s,uvcgan-s batch 32,0,base_b32_lr5e-5,ema,100000,17.355815997814968,3.6302302145697807,0.0351884453455607,0.0442014325459798,0.0227808872858683,0.0310276250839233,0.9598119845738414,-1.354157233915067
uvcgan-s,uvcgan-s batch 32,0,base_b32_lr5e-5,raw,100000,17.355815997814968,3.600855574308297,0.0304459976832071,0.0498122739156087,0.0230810780207316,0.0322077537536621,0.9651267518811486,-1.1449736592000628
uvcgan-s,uvcgan-s batch 32,0,base_b32_lr5e-5,ema,110000,19.199750696408252,3.618810461902775,0.0356698228200276,0.0450797924041748,0.0229739716847737,0.0326654928207397,0.9569559758320476,-1.4578441026313806
uvcgan-s,uvcgan-s batch 32,0,base_b32_lr5e-5,raw,110000,19.199750696408252,3.727100007142353,0.0304763214747111,0.0486087354024251,0.0229992688496907,0.0337401690800984,0.8902705710952081,-3.646981120150332
uvcgan-s,uvcgan-s batch 32,0,base_b32_lr5e-5,ema,120000,21.060204785420662,3.610226614349212,0.0340888990402221,0.0454415790557861,0.0228970244725545,0.0338497999827067,0.9503698308793104,-1.667315296131343
uvcgan-s,uvcgan-s batch 32,0,base_b32_lr5e-5,raw,120000,21.060204785420662,3.6565641306831496,0.0305194583257039,0.0435345195770263,0.0222532972971598,0.0333088669459025,0.9476740709390744,-1.7114947587268652
uvcgan-s,uvcgan-s batch 32,0,base_b32_lr5e-5,ema,130000,22.917327154535386,3.603356189020864,0.0331163710912068,0.0459088370005289,0.0228796338399251,0.035384719467163,0.9451717031088278,-1.833150806373724
uvcgan-s,uvcgan-s batch 32,0,base_b32_lr5e-5,raw,130000,22.917327154535386,3.651717421099281,0.0380017034530639,0.0562092456817626,0.0254847082773844,0.0379516163508097,0.9114892274365124,-2.9822042490979066
uvcgan-s,uvcgan-s batch 32,0,base_b32_lr5e-5,ema,140000,24.768161118084357,3.595764626844713,0.0332428001403808,0.0473868817647298,0.0234072210311889,0.0376172458648681,0.9439782327231228,-1.872259533455592
uvcgan-s,uvcgan-s batch 32,0,base_b32_lr5e-5,raw,140000,24.768161118084357,3.635868684050223,0.0307389080047607,0.0548296417236328,0.0217861963589986,0.0357151748021443,0.9215012231038826,-2.52394284066881
uvcgan-s,uvcgan-s batch 32,1,base_b32_lr5e-5_s1,ema,10000,1.6763328479582238,8.805738320604124,0.248469378153483,0.186077332051595,0.1734772328694661,0.1095127388000488,0.6311979748034675,-12.44366745111024
uvcgan-s,uvcgan-s batch 32,1,base_b32_lr5e-5_s1,raw,10000,1.6763328479582238,4.084402647996089,0.0314582475026448,0.0533576477050781,0.0238946151097615,0.0261052338282267,0.954039154316062,-1.508928530681855
uvcgan-s,uvcgan-s batch 32,1,base_b32_lr5e-5_s1,ema,20000,3.417132566983087,4.913304334380151,0.0907350034077962,0.0788670444488525,0.0373331949869791,0.0284379008611043,0.8583029672142417,-4.808249077303843
uvcgan-s,uvcgan-s batch 32,1,base_b32_lr5e-5_s1,raw,20000,3.417132566983087,3.831273672594377,0.0327335116704305,0.0525997734069824,0.0230043840408325,0.0243724936803181,0.8546525733875395,-4.718105041835316
uvcgan-s,uvcgan-s batch 32,1,base_b32_lr5e-5_s1,ema,30000,5.180319084386444,3.893405568663049,0.0481230717976888,0.0635406204223632,0.0229587413787841,0.0267602816263834,0.9766954048675194,-0.7664547495526118
uvcgan-s,uvcgan-s batch 32,1,base_b32_lr5e-5_s1,raw,30000,5.180319084386444,3.80460917121382,0.0305672600428263,0.0442020481109619,0.0214878394444783,0.0237118115107218,0.9184997770658212,-2.659493843433509
uvcgan-s,uvcgan-s batch 32,1,base_b32_lr5e-5_s1,ema,40000,6.941585642409821,3.7374603217703166,0.0378483451207478,0.0560394587198893,0.0234258782704671,0.026291206741333,0.989060518261602,-0.3596754272529655
uvcgan-s,uvcgan-s batch 32,1,base_b32_lr5e-5_s1,raw,40000,6.941585642409821,3.746616394750552,0.0329557807922363,0.0420667476654052,0.0212835124651591,0.0240616794586181,0.8731458675730829,-4.161471447098175
uvcgan-s,uvcgan-s batch 32,1,base_b32_lr5e-5_s1,ema,50000,8.621062409668747,3.6925535387422954,0.0346672264099121,0.0481886514027913,0.0226805297215779,0.0253053203582763,0.9727936457148636,-0.9145187401143628
uvcgan-s,uvcgan-s batch 32,1,base_b32_lr5e-5_s1,raw,50000,8.621062409668747,3.734062116216381,0.0304038723627726,0.0557843058268229,0.022595997873942,0.0263535433451334,0.9739397714495228,-0.8659881110229944
uvcgan-s,uvcgan-s batch 32,1,base_b32_lr5e-5_s1,ema,60000,10.356945299903552,3.6761662886920217,0.033565004603068,0.0446270346323649,0.0223430826187133,0.0252407091140747,0.9637716797089192,-1.2228533511096022
uvcgan-s,uvcgan-s batch 32,1,base_b32_lr5e-5_s1,raw,60000,10.356945299903552,3.674831204797055,0.0317381522496541,0.0446852540334065,0.0223056772232055,0.0262045844395955,0.9373748015177252,-2.0374407308863582
uvcgan-s,uvcgan-s batch 32,1,base_b32_lr5e-5_s1,ema,70000,12.063179017787592,3.6668089401221886,0.0340435835520426,0.0433703791300455,0.0223785858790079,0.0254985249201456,0.9622133325821992,-1.281287565101934
uvcgan-s,uvcgan-s batch 32,1,base_b32_lr5e-5_s1,raw,70000,12.063179017787592,3.7178526075366314,0.0293864050547281,0.0457351450602213,0.0214185573259989,0.0249837734858195,0.9033416961627772,-3.1523171565019203
uvcgan-s,uvcgan-s batch 32,1,base_b32_lr5e-5_s1,ema,80000,13.761880755256861,3.6550799594308727,0.035722849146525,0.0431273351033528,0.0227253142038981,0.0259423225402832,0.9667446664699738,-1.143808610761958
uvcgan-s,uvcgan-s batch 32,1,base_b32_lr5e-5_s1,raw,80000,13.761880755256861,3.697056834310741,0.031721867497762,0.0430953162511189,0.0219118214607238,0.0266016616185506,0.9264205870513548,-2.3932395837907983
uvcgan-s,uvcgan-s batch 32,1,base_b32_lr5e-5_s1,ema,90000,15.46093217185181,3.6378108035245007,0.0378584995269775,0.0439513988494873,0.0235168367385864,0.0267501586278279,0.9733928992238068,-0.9404589390485592
uvcgan-s,uvcgan-s batch 32,1,base_b32_lr5e-5_s1,raw,90000,15.46093217185181,3.817171680369056,0.0381886786142985,0.0471940184275309,0.0241167695999145,0.0258257544835408,0.9374502248538336,-2.156910471545972
uvcgan-s,uvcgan-s batch 32,1,base_b32_lr5e-5_s1,ema,100000,17.159403809849174,3.6309666038586927,0.0361906349817911,0.0435883346557617,0.0231655034383138,0.0270853190739949,0.9626714824989668,-1.2852505009879192
uvcgan-s,uvcgan-s batch 32,1,base_b32_lr5e-5_s1,raw,100000,17.159403809849174,3.69351820278238,0.0309077206293741,0.0543277160644531,0.0223482011795043,0.0285024188995361,0.9361450264028855,-2.112906457760521
uvcgan-s,uvcgan-s batch 32,1,base_b32_lr5e-5_s1,ema,110000,18.85730629357406,3.627405126287264,0.0337816119511922,0.0434688640594482,0.0227819899241129,0.0280949694951375,0.9515755224143404,-1.6374897530896813
uvcgan-s,uvcgan-s batch 32,1,base_b32_lr5e-5_s1,raw,110000,18.85730629357406,3.783046886372371,0.0411736698786417,0.0493664839426676,0.0264490401585896,0.0297805418650309,1.0104072354646767,0.2191987464425501
uvcgan-s,uvcgan-s batch 32,1,base_b32_lr5e-5_s1,ema,120000,20.56555143547141,3.6110045770538832,0.0330093315760294,0.0444146200815836,0.0229513027826945,0.0295505708058675,0.9471755188238,-1.7784792402154594
uvcgan-s,uvcgan-s batch 32,1,base_b32_lr5e-5_s1,raw,120000,20.56555143547141,3.796025788836463,0.0302163291295369,0.0461660032908121,0.0223573701222737,0.0309605461120605,0.8653958983344752,-4.425862125545255
uvcgan-s,uvcgan-s batch 32,1,base_b32_lr5e-5_s1,ema,130000,22.28536119564333,3.6089563311059862,0.0321693607330322,0.0444567441304524,0.0226935928980509,0.0310771058400472,0.9400890367194958,-2.0013120600902945
uvcgan-s,uvcgan-s batch 32,1,base_b32_lr5e-5_s1,raw,130000,22.28536119564333,3.745219673877412,0.0367475501378377,0.0558434978485107,0.0253986040115356,0.034916589864095,0.9731578758679058,-0.9718789501427216
uvcgan-s,uvcgan-s batch 32,1,base_b32_lr5e-5_s1,ema,140000,23.964756668456314,3.603857505393641,0.0318046655019124,0.0461526685078938,0.0228691444396972,0.0355129735946655,0.9398633641592192,-2.0023180633841102
uvcgan-s,uvcgan-s batch 32,1,base_b32_lr5e-5_s1,raw,140000,23.964756668456314,3.793821407430449,0.0284947416941324,0.0393431727727254,0.0210604140599568,0.0280724535624186,0.8936111653873888,-3.421845461321644
uvcgan-s,uvcgan-s batch 32,2,base_b32_lr5e-5_s2,ema,10000,1.691933660397513,8.846896669882314,0.1869034215291341,0.1791470662434895,0.1738010485331217,0.1017570472717285,0.3982633271879326,-19.87384114030584
uvcgan-s,uvcgan-s batch 32,2,base_b32_lr5e-5_s2,raw,10000,1.691933660397513,4.070909930587654,0.0316085952123006,0.0509855391184488,0.0233833539962768,0.0263023641586303,0.9098636700000438,-2.889842604383913
uvcgan-s,uvcgan-s batch 32,2,base_b32_lr5e-5_s2,ema,20000,3.3771566853796444,5.448082288830944,0.0779443998972574,0.0682640628814697,0.0489655640920003,0.0287269611994425,0.7255596046524827,-9.214059870186803
uvcgan-s,uvcgan-s batch 32,2,base_b32_lr5e-5_s2,raw,20000,3.3771566853796444,3.939242863137388,0.0413587779362996,0.0516316654205322,0.0259879320144653,0.0280639424006144,0.8527267344404421,-4.834406572469568
uvcgan-s,uvcgan-s batch 32,2,base_b32_lr5e-5_s2,ema,30000,5.060448255832824,4.166633991011518,0.044814954884847,0.0493044176737467,0.0244273029327392,0.023706117884318,0.8713705774944325,-4.313448686554064
uvcgan-s,uvcgan-s batch 32,2,base_b32_lr5e-5_s2,raw,30000,5.060448255832824,3.8342667070642777,0.0375846930185953,0.0495201703389485,0.0240835053126017,0.0248766429901123,0.9798971029444836,-0.7039600137348064
uvcgan-s,uvcgan-s batch 32,2,base_b32_lr5e-5_s2,ema,40000,6.74379250454406,3.8661092770588423,0.0353901339848836,0.0474769207000732,0.0221947193145751,0.0245369153340657,0.9242913520541288,-2.5213953579944075
uvcgan-s,uvcgan-s batch 32,2,base_b32_lr5e-5_s2,raw,40000,6.74379250454406,3.764842315477764,0.0308274719238281,0.0425418725967407,0.0224572689056396,0.0250608060836792,0.928729167818244,-2.323571921590932
uvcgan-s,uvcgan-s batch 32,2,base_b32_lr5e-5_s2,ema,50000,8.434263644090128,3.7790156711722487,0.0329931623458862,0.0458135518391927,0.0222778513590494,0.0253833857218424,0.9403505102147096,-1.9770976016736468
uvcgan-s,uvcgan-s batch 32,2,base_b32_lr5e-5_s2,raw,50000,8.434263644090128,3.8017955130447385,0.0336519457499186,0.047704954401652,0.0221271327336629,0.0262704999287923,0.9585711306816204,-1.3250207784659451
uvcgan-s,uvcgan-s batch 32,2,base_b32_lr5e-5_s2,ema,60000,10.120079238509966,3.732859458011568,0.0327283739089965,0.0444616551717122,0.0224980527242024,0.0260203921000162,0.9468664352873548,-1.7575310018665773
uvcgan-s,uvcgan-s batch 32,2,base_b32_lr5e-5_s2,raw,60000,10.120079238509966,3.8865325001858255,0.0376928489049275,0.0542439495086669,0.0244155478159586,0.0311616671244303,0.8730091723481597,-4.091224230758794
uvcgan-s,uvcgan-s batch 32,2,base_b32_lr5e-5_s2,ema,70000,11.802076226845383,3.712035213636376,0.0336734475453694,0.0440169284820556,0.0228492376327514,0.0265756230036417,0.9528754296554292,-1.5648789164713095
uvcgan-s,uvcgan-s batch 32,2,base_b32_lr5e-5_s2,raw,70000,11.802076226845383,3.6576132255902594,0.0418723170598347,0.049179381942749,0.0260183720270792,0.0278256024042765,1.004024378186949,0.1879540012739305
uvcgan-s,uvcgan-s batch 32,2,base_b32_lr5e-5_s2,ema,80000,13.49408590276829,3.703993513746055,0.035352696609497,0.043404977162679,0.0229460995992024,0.0266355109532674,0.959077880702158,-1.3630861876940812
uvcgan-s,uvcgan-s batch 32,2,base_b32_lr5e-5_s2,raw,80000,13.49408590276829,3.6972471756552583,0.0310469040552775,0.0437071509043375,0.0224381191889445,0.0272114518483479,0.9305790313675362,-2.199890696299741
uvcgan-s,uvcgan-s batch 32,2,base_b32_lr5e-5_s2,ema,90000,15.213086835549523,3.690882425362073,0.0368833792368571,0.0431746331532796,0.0229903557459513,0.0267347290674845,0.9621831674967128,-1.2591193417379622
uvcgan-s,uvcgan-s batch 32,2,base_b32_lr5e-5_s2,raw,90000,15.213086835549523,3.694202546406658,0.0305434774398803,0.044048252360026,0.0222336174329121,0.0266084288914998,0.9302925882762562,-2.254286568679392
uvcgan-s,uvcgan-s batch 32,2,base_b32_lr5e-5_s2,ema,100000,16.89253566008682,3.671881060379493,0.0367724123001098,0.0437095111846923,0.0233080129623413,0.0272407256444295,0.9612819782561502,-1.2900907646194857
uvcgan-s,uvcgan-s batch 32,2,base_b32_lr5e-5_s2,raw,100000,16.89253566008682,3.660656257084156,0.0304220681508382,0.0444097507476806,0.023529222869873,0.0292459203084309,0.9616122375073076,-1.2395919130405997
uvcgan-s,uvcgan-s batch 32,2,base_b32_lr5e-5_s2,ema,110000,18.572182813760723,3.661438822971189,0.0339925930023193,0.0434070756276448,0.0229119308471679,0.0276961855570475,0.949377713597756,-1.6638074942725698
uvcgan-s,uvcgan-s batch 32,2,base_b32_lr5e-5_s2,raw,110000,18.572182813760723,3.676791185177962,0.0292038155873616,0.0447428704579671,0.0224729846954345,0.0276494574864705,0.9291132090526903,-2.260877517701935
uvcgan-s,uvcgan-s batch 32,2,base_b32_lr5e-5_s2,ema,120000,20.25320055435515,3.6661110685249407,0.0327171353022257,0.0438221536000569,0.022816927909851,0.0287734523773193,0.9403208029859136,-1.9500077411748165
uvcgan-s,uvcgan-s batch 32,2,base_b32_lr5e-5_s2,raw,120000,20.25320055435515,3.668043307223693,0.036849974822998,0.0467558499654134,0.0249736348470052,0.0315240454355875,0.981194267450702,-0.6256743678616058
uvcgan-s,uvcgan-s batch 32,2,base_b32_lr5e-5_s2,ema,130000,21.940029322842342,3.6694304842945527,0.0340772837956746,0.0469281218210856,0.0238379589716593,0.0324727657318115,0.9405812881172236,-1.9665872633980448
uvcgan-s,uvcgan-s batch 32,2,base_b32_lr5e-5_s2,raw,130000,21.940029322842342,3.967967223084641,0.0302341142018636,0.0407389852523803,0.022130184841156,0.0269291737874348,0.8135944743336224,-5.971944904860171
uvcgan-s,uvcgan-s batch 32,2,base_b32_lr5e-5_s2,ema,140000,23.629818964997927,3.652394244625326,0.03434703540802,0.0555225458780924,0.0245274550755818,0.0521866026560465,0.9385684480366532,-2.017732157808877
uvcgan-s,uvcgan-s batch 32,2,base_b32_lr5e-5_s2,raw,140000,23.629818964997927,3.8511701032613113,0.0283190632502237,0.0449695620218912,0.0213395659446716,0.0315841147740681,0.8719153485721843,-4.076028579725614
uvcgan-s,uvcgan-s batch 32,2,base_b32_lr5e-5_s2,ema,150000,25.337591641661195,3.677782160467854,0.0339628060658772,0.0476578449249267,0.0234025802612304,0.0357648022969563,0.9345976125142664,-2.1654933481311027
uvcgan-s,uvcgan-s batch 32,2,base_b32_lr5e-5_s2,raw,150000,25.337591641661195,3.877659499111804,0.0298316474278767,0.0473795024871826,0.0225628154754638,0.0313456597646077,0.94061225082575,-1.8708837683069544
uvcgan-s,uvcgan-s batch 4,0,base_b4_lr5e-5_s0,ema,10000,1.5645568862453931,9.25965867447305,0.2749843200683594,0.1923524876912435,0.1752036888122558,0.1074111038208007,0.7918868973430261,-7.32159897892658
uvcgan-s,uvcgan-s batch 4,0,base_b4_lr5e-5_s0,raw,10000,1.5645568862453931,4.66346410928479,0.0450742616017659,0.0643341711680094,0.033574461364746,0.0315236090977986,0.9650280879770234,-1.0584937588897538
uvcgan-s,uvcgan-s batch 4,0,base_b4_lr5e-5_s0,ema,20000,3.1287684856872593,5.741534530193391,0.1047472264607747,0.0760286574045817,0.0508662453969319,0.0325915755589803,0.8430510435578744,-5.412328401485526
uvcgan-s,uvcgan-s batch 4,0,base_b4_lr5e-5_s0,raw,20000,3.1287684856872593,4.03847136185714,0.0412165517171223,0.0566660228729248,0.0301243138631184,0.031768400700887,0.879474985815718,-4.063927726726034
uvcgan-s,uvcgan-s batch 4,0,base_b4_lr5e-5_s0,ema,30000,4.514358333759009,4.195563618983337,0.0531946764628092,0.0535717900594075,0.0250932371139526,0.0254108353932698,0.929143709148452,-2.42200854884465
uvcgan-s,uvcgan-s batch 4,0,base_b4_lr5e-5_s0,raw,30000,4.514358333759009,3.913960935816589,0.0337072075525919,0.0465535128275553,0.0229402527491251,0.0237597001393636,0.9481810333355029,-1.753309308266153
uvcgan-s,uvcgan-s batch 4,0,base_b4_lr5e-5_s0,ema,40000,5.901804917117373,3.874780807914966,0.0390328456878662,0.0532266384124755,0.0233771992365519,0.0263034808476765,0.971781505997264,-0.9595122355009998
uvcgan-s,uvcgan-s batch 4,0,base_b4_lr5e-5_s0,raw,40000,5.901804917117373,3.912828620745624,0.0387475768407185,0.0531115253448486,0.0266963376363118,0.0287671600977579,0.9535890004329312,-1.5098698960377002
uvcgan-s,uvcgan-s batch 4,0,base_b4_lr5e-5_s0,ema,50000,7.340258626439091,3.799409302981576,0.0351977006912231,0.0494821219126383,0.0231388949076334,0.0260885648091634,0.9731102860843492,-0.9083795601850552
uvcgan-s,uvcgan-s batch 4,0,base_b4_lr5e-5_s0,raw,50000,7.340258626439091,3.793159596476072,0.0316971275329589,0.0575601737976074,0.0217374368985493,0.0246665244420369,0.9078795608603822,-2.992532169026505
uvcgan-s,uvcgan-s batch 4,0,base_b4_lr5e-5_s0,ema,60000,8.94660378150849,3.7626073067981753,0.0349967361450195,0.0466148532867431,0.0229578903834025,0.0260373882293701,0.9739474646685108,-0.8741132207830689
uvcgan-s,uvcgan-s batch 4,0,base_b4_lr5e-5_s0,raw,60000,8.94660378150849,3.7462520458197432,0.0319426688512166,0.0440493328094482,0.0220923430124918,0.0261350595474243,0.916803637981619,-2.6774558192470463
uvcgan-s,uvcgan-s batch 4,0,base_b4_lr5e-5_s0,ema,70000,10.542816027611908,3.74587174608804,0.0370217636744181,0.0457776584625244,0.0234129060745239,0.0268384033838907,0.986290664334388,-0.4885979443533692
uvcgan-s,uvcgan-s batch 4,0,base_b4_lr5e-5_s0,raw,70000,10.542816027611908,3.747990863424132,0.0301333661397298,0.0425691787083943,0.0221325546264648,0.0263309878667195,0.9250596892722692,-2.3936129791436778
uvcgan-s,uvcgan-s batch 4,0,base_b4_lr5e-5_s0,ema,80000,11.929784613063353,3.740891613585141,0.0413435647964477,0.0465995155334472,0.0243649830500284,0.0276675022125244,1.00118569887791,-0.0226711074597288
uvcgan-s,uvcgan-s batch 4,0,base_b4_lr5e-5_s0,raw,80000,11.929784613063353,3.7464435318026266,0.0406966974894205,0.0510600962320963,0.0259066672007242,0.0311576079050699,0.9385648643029832,-1.973023655775838
uvcgan-s,uvcgan-s batch 4,0,base_b4_lr5e-5_s0,ema,90000,13.31497569323,3.71313405225852,0.041583780670166,0.047201062520345,0.0245430740992228,0.0284243992487589,0.9940598803331426,-0.2564059840193524
uvcgan-s,uvcgan-s batch 4,0,base_b4_lr5e-5_s0,raw,90000,13.31497569323,3.81230866645546,0.029499403254191,0.0407622020721435,0.0215178632736206,0.0268232596079508,0.8759484992509039,-3.995533290657972
uvcgan-s,uvcgan-s batch 4,0,base_b4_lr5e-5_s0,ema,100000,14.726946084772548,3.687788055970588,0.0376264661153157,0.0460347408294677,0.0238088500976562,0.0292516350428263,0.9728398109230296,-0.9263576058348724
uvcgan-s,uvcgan-s batch 4,0,base_b4_lr5e-5_s0,raw,100000,14.726946084772548,3.747963248714969,0.0371436883290608,0.0468068635304768,0.0246946553548177,0.0293023337682088,0.90505666146308,-3.0893132022272263
uvcgan-s,uvcgan-s batch 4,0,base_b4_lr5e-5_s0,ema,110000,16.114120993624546,3.674561850093845,0.0357595987955729,0.0475415690104166,0.024343830871582,0.0319706062952677,0.965376779011001,-1.1641843179220648
uvcgan-s,uvcgan-s batch 4,0,base_b4_lr5e-5_s0,raw,110000,16.114120993624546,3.679197850514724,0.031603836886088,0.044113165918986,0.0221791806538899,0.0308173405329386,0.8684110388781847,-4.250831998586519
uvcgan-s,uvcgan-s batch 4,0,base_b4_lr5e-5_s0,ema,120000,17.498735583602553,3.64482033437728,0.0340894068400065,0.0492939483642578,0.0245219401041666,0.0386059253056844,0.9501506814543076,-1.6380509448124845
uvcgan-s,uvcgan-s batch 4,0,base_b4_lr5e-5_s0,raw,120000,17.498735583602553,3.7163865048926894,0.034732538986206,0.0514122151692708,0.0245212389628092,0.0395234554290771,0.9492661947680152,-1.6328823530012084
uvcgan-s,uvcgan-s batch 4,0,base_b4_lr5e-5_s0,ema,130000,18.884530930361812,3.629877095279789,0.0332301931381225,0.0533387855529785,0.0246681708017985,0.049387336730957,0.9409761051955572,-1.916480300119592
uvcgan-s,uvcgan-s batch 4,0,base_b4_lr5e-5_s0,raw,130000,18.884530930361812,3.706882682739157,0.0309960466384887,0.0510936795552571,0.0232772942225138,0.043040782992045,0.9553267086360756,-1.4136415776933509
uvcgan-s,uvcgan-s batch 4,0,base_b4_lr5e-5_s0,ema,140000,20.282437217657765,3.636271735768485,0.032301954015096,0.0463261636098225,0.0235427995681762,0.0338585691452026,0.9394967767180704,-1.9678010412393847
uvcgan-s,uvcgan-s batch 4,0,base_b4_lr5e-5_s0,raw,140000,20.282437217657765,3.99163110575844,0.0299413153966267,0.0466534959157307,0.0214148656209309,0.027673110961914,0.8480870896849071,-4.807862527339736
uvcgan-s,uvcgan-s batch 4,0,base_b4_lr5e-5_s0,ema,150000,21.757000833354475,3.647243597175265,0.0325708706537882,0.0541385131835937,0.0242349056243896,0.0503847011566162,0.9413705408166724,-1.912531183241928
uvcgan-s,uvcgan-s batch 4,0,base_b4_lr5e-5_s0,raw,150000,21.757000833354475,3.771638883762061,0.0294130164464314,0.045391949335734,0.0223972668329874,0.0380626758575439,0.9261636573897142,-2.3117748093759984
uvcgan-s,uvcgan-s batch 4,0,base_b4_lr5e-5_s0,ema,160000,23.129767662307454,3.6590793951031344,0.0320627607981363,0.0500423933664957,0.0235405033111572,0.0413608520507812,0.9409094912988948,-1.9370484225984557
uvcgan-s,uvcgan-s batch 4,0,base_b4_lr5e-5_s0,raw,160000,23.129767662307454,3.70597136531646,0.0369939956665039,0.0748614142100016,0.0273929627100626,0.0789175741831461,1.002367966836459,0.0572789911125095
uvcgan-s,uvcgan-s batch 4,0,base_b4_lr5e-5_s0,ema,170000,24.56512624203952,3.653129563561021,0.031500791867574,0.0433055409113566,0.0225277061462402,0.0300995507558186,0.9371167448534382,-2.0508107308609675
uvcgan-s,uvcgan-s batch 4,0,base_b4_lr5e-5_s0,raw,170000,24.56512624203952,3.718644389667008,0.0293702898025512,0.0410506354014078,0.0214613595326741,0.0321104359944661,0.8672970151669305,-4.251897145861599
uvcgan-s,uvcgan-s batch 4,1,base_b4_lr5e-5_s1,ema,10000,1.364850083935178,8.458794572749653,0.2605444442749023,0.1834824676513672,0.1549448463439941,0.1088356602986653,0.8630436063023212,-5.013263476613908
uvcgan-s,uvcgan-s batch 4,1,base_b4_lr5e-5_s1,raw,10000,1.364850083935178,4.3884169255371726,0.0365164363225301,0.0597369536081949,0.0252257951100667,0.0269972747166951,0.7957488082336855,-6.588778911519249
uvcgan-s,uvcgan-s batch 4,1,base_b4_lr5e-5_s1,ema,20000,2.771768466643989,4.944523279499797,0.0919161725362141,0.0762163733164469,0.0336847377141316,0.0289629632314046,0.9701968516344892,-1.1945104223607326
uvcgan-s,uvcgan-s batch 4,1,base_b4_lr5e-5_s1,raw,20000,2.771768466643989,4.105247711487557,0.0352493675867716,0.0588618077596028,0.0229717027028401,0.0244313900629679,0.8117711141500162,-6.061306134608735
uvcgan-s,uvcgan-s batch 4,1,base_b4_lr5e-5_s1,ema,30000,4.137174409990095,4.025567203090996,0.0522757726033528,0.0751580614725748,0.0251108256022135,0.0319208300908406,1.0249111847828225,0.7429239458239156
uvcgan-s,uvcgan-s batch 4,1,base_b4_lr5e-5_s1,raw,30000,4.137174409990095,3.9439345067095415,0.030122146542867,0.0430844732920328,0.0220775210062662,0.0253743314107259,0.9163306938163004,-2.757366062474623
uvcgan-s,uvcgan-s batch 4,1,base_b4_lr5e-5_s1,ema,40000,5.500327225000494,3.8369872043014936,0.0408506573359171,0.0601615189870198,0.0239634152730306,0.0280772614161173,0.9997420450684312,-0.0614848564484143
uvcgan-s,uvcgan-s batch 4,1,base_b4_lr5e-5_s1,raw,40000,5.500327225000494,3.886307217525366,0.0300952349980672,0.0417780445098876,0.0215465941111246,0.0241373340606689,0.8759388330260542,-4.070497625489257
uvcgan-s,uvcgan-s batch 4,1,base_b4_lr5e-5_s1,ema,50000,6.866395319056593,3.7870357523579057,0.0366507628758748,0.0492158938090006,0.0229431194941202,0.025906261062622,0.9723682088299048,-0.9658022164455802
uvcgan-s,uvcgan-s batch 4,1,base_b4_lr5e-5_s1,raw,50000,6.866395319056593,3.790575649485742,0.0308724541346232,0.0434355687459309,0.021938491598765,0.0249669806162516,0.9143133033107976,-2.8149448394123007
uvcgan-s,uvcgan-s batch 4,1,base_b4_lr5e-5_s1,ema,60000,8.239926370504415,3.784831721069573,0.0347024709065755,0.0452507297515869,0.0224809997558593,0.0255689569473266,0.9581472602919096,-1.4337459165059696
uvcgan-s,uvcgan-s batch 4,1,base_b4_lr5e-5_s1,raw,60000,8.239926370504415,3.778069467042152,0.030261924680074,0.0441025900522867,0.0224777901967366,0.0263644082387288,0.95233778080014,-1.5710419352684415
uvcgan-s,uvcgan-s batch 4,1,base_b4_lr5e-5_s1,ema,70000,9.607917495142255,3.761504371198317,0.034670157623291,0.0438720932006835,0.0224385005950927,0.02587306543986,0.9570836239635466,-1.4685430386743012
uvcgan-s,uvcgan-s batch 4,1,base_b4_lr5e-5_s1,raw,70000,9.607917495142255,3.8098838270833,0.0320446847279866,0.0407430684407552,0.0214411303202311,0.025531591796875,0.921228309903626,-2.547176353581587
uvcgan-s,uvcgan-s batch 4,1,base_b4_lr5e-5_s1,ema,80000,11.082662991366039,3.7312760378478735,0.0364406223297119,0.0438024616241455,0.0227618453979492,0.0267462933222452,0.9658098871933368,-1.177383223276918
uvcgan-s,uvcgan-s batch 4,1,base_b4_lr5e-5_s1,raw,80000,11.082662991366039,3.710880584466012,0.0416950691223144,0.0515160455067952,0.0259603199005126,0.0321195265452067,0.8748281647487934,-4.115863657041173
uvcgan-s,uvcgan-s batch 4,1,base_b4_lr5e-5_s1,ema,90000,12.44780067399558,3.7181830570082903,0.0415392044703165,0.0457075358072916,0.0242834853490193,0.0288616366068522,0.9829395603402296,-0.634530262696459
uvcgan-s,uvcgan-s batch 4,1,base_b4_lr5e-5_s1,raw,90000,12.44780067399558,3.711802955675369,0.0298987447102864,0.0442568801879882,0.022468369102478,0.0269011246999104,0.943486164114409,-1.7740270905260376
uvcgan-s,uvcgan-s batch 4,1,base_b4_lr5e-5_s1,ema,100000,13.807683588303625,3.701338325478612,0.0396248159408569,0.0459278818766276,0.0239499247233072,0.030156516901652,0.9738638682395404,-0.9232150851327872
uvcgan-s,uvcgan-s batch 4,1,base_b4_lr5e-5_s1,raw,100000,13.807683588303625,3.745242434825504,0.0293342516581217,0.0439439627329508,0.0219343216260274,0.0297493284861246,0.8948613383173866,-3.4179053577861933
uvcgan-s,uvcgan-s batch 4,1,base_b4_lr5e-5_s1,ema,110000,15.167917984839942,3.701102974350256,0.036272040939331,0.0460441804250081,0.0236058528900146,0.0321660552978515,0.9634586241103608,-1.2485435194116188
uvcgan-s,uvcgan-s batch 4,1,base_b4_lr5e-5_s1,raw,110000,15.167917984839942,3.780562013987907,0.0294108607610066,0.0412131148020426,0.0221968309402465,0.0297992783228556,0.9012142034664036,-3.2243709165983905
uvcgan-s,uvcgan-s batch 4,1,base_b4_lr5e-5_s1,ema,120000,16.531173096183274,3.6810497279607737,0.0349683974583943,0.0482267500559488,0.0240068774541219,0.0371548067092895,0.9583478568981034,-1.4072930814466649
uvcgan-s,uvcgan-s batch 4,1,base_b4_lr5e-5_s1,raw,120000,16.531173096183274,3.768085149404054,0.0411574453353881,0.0549106510162353,0.0272588778177897,0.0377277324676513,1.0115940666988312,0.3094200645690768
uvcgan-s,uvcgan-s batch 4,1,base_b4_lr5e-5_s1,ema,130000,17.89945920455166,3.645450132805993,0.0337164748509724,0.0490905565897623,0.0241172185897827,0.0401901796976725,0.95440484179405,-1.5162975542385757
uvcgan-s,uvcgan-s batch 4,1,base_b4_lr5e-5_s1,raw,130000,17.89945920455166,3.629403289071595,0.0381059624989827,0.0479442543029785,0.0247410520553588,0.0312868700663248,0.9205898416163628,-2.5635614500066435
uvcgan-s,uvcgan-s batch 4,1,base_b4_lr5e-5_s1,ema,140000,19.260637295560706,3.640159900810964,0.0330305831273396,0.0491727181752522,0.0240379339853922,0.0405775512695312,0.945764407988166,-1.781108622240539
uvcgan-s,uvcgan-s batch 4,1,base_b4_lr5e-5_s1,raw,140000,19.260637295560706,3.97528194173277,0.0285507670720418,0.0451249275207519,0.0213999086380004,0.0284996459325154,0.868849206435754,-4.206091596196525
uvcgan-s,uvcgan-s batch 4,1,base_b4_lr5e-5_s1,ema,150000,20.624072827152492,3.6369125775862017,0.0337534603754679,0.0567199888865153,0.0249198378245035,0.0542213554382324,0.941687534065146,-1.908094196441358
uvcgan-s,uvcgan-s batch 4,1,base_b4_lr5e-5_s1,raw,150000,20.624072827152492,3.675481406708696,0.0341119997660319,0.0511689758300781,0.0236631081263224,0.040332772954305,0.9372369240430788,-2.0116223687389505
uvcgan-s,uvcgan-s batch 4,1,base_b4_lr5e-5_s1,ema,160000,21.988628741788368,3.6504870305697135,0.0330611298878987,0.0509328062693278,0.024042238998413,0.0409238931655883,0.9423061686858674,-1.8921630984632416
uvcgan-s,uvcgan-s batch 4,1,base_b4_lr5e-5_s1,raw,160000,21.988628741788368,3.6935676197560183,0.0321212275187174,0.0548490107218424,0.0244609310785929,0.0442022360483805,0.9585085841864972,-1.3496162040028927
uvcgan-s,uvcgan-s batch 4,1,base_b4_lr5e-5_s1,ema,170000,23.35870243637305,3.624045772822241,0.0321750149408976,0.0480317637125651,0.0231264346440633,0.0378720070521036,0.9400049235578216,-1.964840170486584
uvcgan-s,uvcgan-s batch 4,1,base_b4_lr5e-5_s1,raw,170000,23.35870243637305,3.697114830278633,0.0303441399892171,0.0505872641245524,0.0218173673947652,0.0365863486607869,0.8725291225841405,-4.104413227512524
uvcgan-s,uvcgan-s batch 4,1,base_b4_lr5e-5_s1,ema,180000,24.721864278796648,3.6315979683061568,0.0325815844217936,0.056015156173706,0.0237668406804402,0.0550666497548421,0.937647858416662,-2.0425078964820544
uvcgan-s,uvcgan-s batch 4,1,base_b4_lr5e-5_s1,raw,180000,24.721864278796648,3.947963639609521,0.0293975362141927,0.0449541502634684,0.0211948720296223,0.032703087234497,0.8841183763826242,-3.667442630327029
uvcgan-s,uvcgan-s batch 4,2,base_b4_lr5e-5_s2,ema,10000,1.3316548882342047,8.83116464152926,0.1876687576293945,0.1864915049235026,0.1563709068298339,0.1096209910074869,0.4870851533451874,-17.033726787583447
uvcgan-s,uvcgan-s batch 4,2,base_b4_lr5e-5_s2,raw,10000,1.3316548882342047,4.331131762861663,0.0344469581604003,0.0523679119110107,0.0261707502365112,0.0279311136245727,0.9049856309602248,-3.0404696104912783
uvcgan-s,uvcgan-s batch 4,2,base_b4_lr5e-5_s2,ema,20000,2.734881128428711,5.318016125113224,0.079904070409139,0.0864599288940429,0.0453758035024007,0.0337789430618286,0.7630006896559873,-7.971222815335836
uvcgan-s,uvcgan-s batch 4,2,base_b4_lr5e-5_s2,raw,20000,2.734881128428711,3.9720407373170823,0.0321008344014485,0.0517310230255127,0.0236970170338948,0.0286842981974283,0.9464925695990012,-1.6649473136431705
uvcgan-s,uvcgan-s batch 4,2,base_b4_lr5e-5_s2,ema,30000,4.069603569004685,4.195917835961408,0.0473606981913248,0.0569756029764811,0.0247604712168375,0.0247677021662394,0.896482435988906,-3.491714117831725
uvcgan-s,uvcgan-s batch 4,2,base_b4_lr5e-5_s2,raw,30000,4.069603569004685,3.951106522423106,0.0307540673573811,0.0442855161031087,0.0223816309611002,0.024330989074707,0.9148107513077898,-2.794312923586011
uvcgan-s,uvcgan-s batch 4,2,base_b4_lr5e-5_s2,ema,40000,5.400059511595302,3.8888205620184,0.0382708400090535,0.0490430473327636,0.0229698384602864,0.0248629857381184,0.9405756669254114,-1.9964536208952048
uvcgan-s,uvcgan-s batch 4,2,base_b4_lr5e-5_s2,raw,40000,5.400059511595302,3.776312198194504,0.0308258164723714,0.0420384417851765,0.0222642363548278,0.0242468200683593,0.9062010449573598,-3.042632387513758
uvcgan-s,uvcgan-s batch 4,2,base_b4_lr5e-5_s2,ema,50000,6.736249249142905,3.801793318681451,0.0356075293223063,0.0462762086232503,0.0230712330500284,0.0253142153422037,0.9545997495436772,-1.5268023336182406
uvcgan-s,uvcgan-s batch 4,2,base_b4_lr5e-5_s2,raw,50000,6.736249249142905,3.766507083498284,0.0315077679316202,0.0441626383463541,0.0241984729131062,0.0269540950775146,0.9813698343769308,-0.5621011660833232
uvcgan-s,uvcgan-s batch 4,2,base_b4_lr5e-5_s2,ema,60000,8.083905621086144,3.778200404905308,0.034657459894816,0.0444960611979166,0.0231950684229532,0.0254977506637573,0.9639693650689696,-1.2170097604198584
uvcgan-s,uvcgan-s batch 4,2,base_b4_lr5e-5_s2,raw,60000,8.083905621086144,3.8429833547783137,0.0297493457158406,0.0424742776234944,0.0219736585617065,0.0255438179651896,0.9214797808609384,-2.505872201354157
uvcgan-s,uvcgan-s batch 4,2,base_b4_lr5e-5_s2,ema,70000,9.5162280183182,3.759262760030382,0.0354823771794637,0.0440289890289306,0.023310882059733,0.0257131580988566,0.9703951325943836,-0.9962851641836222
uvcgan-s,uvcgan-s batch 4,2,base_b4_lr5e-5_s2,raw,70000,9.5162280183182,3.787762774458896,0.0322471758524576,0.0437251202901204,0.0233633544286092,0.0270815064748128,0.9703269540007452,-0.9740487934178222
uvcgan-s,uvcgan-s batch 4,2,base_b4_lr5e-5_s2,ema,80000,10.917705585728918,3.736842495028948,0.0388761929194132,0.0437189922332763,0.0238341203053792,0.0262655314763387,0.9831048381549914,-0.5930643689739787
uvcgan-s,uvcgan-s batch 4,2,base_b4_lr5e-5_s2,raw,80000,10.917705585728918,3.761248418721519,0.031815172958374,0.0497910458882649,0.0225224978129069,0.0257491793314615,0.9173809530665864,-2.6869176445848897
uvcgan-s,uvcgan-s batch 4,2,base_b4_lr5e-5_s2,ema,90000,12.36553234094133,3.720913109923664,0.0404654357910156,0.0443412602742513,0.0241435556411743,0.0268271087010701,0.9847189210433808,-0.5443895687576901
uvcgan-s,uvcgan-s batch 4,2,base_b4_lr5e-5_s2,raw,90000,12.36553234094133,3.738309168545029,0.0296659223556518,0.0443456377665201,0.0225783515294392,0.0260333614985148,0.9342979645220078,-2.089998787613663
uvcgan-s,uvcgan-s batch 4,2,base_b4_lr5e-5_s2,ema,100000,13.806333833105034,3.7111593610079527,0.0381971427281697,0.0444451301574707,0.0239535851160685,0.0274151463190714,0.974803442939111,-0.854204606009568
uvcgan-s,uvcgan-s batch 4,2,base_b4_lr5e-5_s2,raw,100000,13.806333833105034,3.866566117259244,0.0303388230641682,0.042747311147054,0.0221517236073811,0.0269066797256469,0.8633031905258609,-4.410410551263185
uvcgan-s,uvcgan-s batch 4,2,base_b4_lr5e-5_s2,ema,110000,15.252979696467518,3.701419317361008,0.0357169811884562,0.0435882007598876,0.0238440439224243,0.0277620259602864,0.964227650849844,-1.1967064732769144
uvcgan-s,uvcgan-s batch 4,2,base_b4_lr5e-5_s2,raw,110000,15.252979696467518,3.819153582840687,0.02959676100413,0.0425254476547241,0.0225004640579223,0.0274228996912638,0.9560768373706406,-1.3936138770936657
uvcgan-s,uvcgan-s batch 4,2,base_b4_lr5e-5_s2,ema,120000,16.705663327396742,3.694577174643231,0.0335361769358317,0.0444843318939209,0.0237226304372151,0.0283689488093058,0.9548933243158404,-1.49254206289466
uvcgan-s,uvcgan-s batch 4,2,base_b4_lr5e-5_s2,raw,120000,16.705663327396742,3.833170982242738,0.030264787419637,0.0435845601399739,0.0220980754216512,0.0254957386652628,0.9086837337870112,-2.9697683120369165
uvcgan-s,uvcgan-s batch 4,2,base_b4_lr5e-5_s2,ema,130000,18.15137325922441,3.6745070661745527,0.0324801502863566,0.0431206029891967,0.0236642334620157,0.0278916451136271,0.9489096122511014,-1.6719479240912856
uvcgan-s,uvcgan-s batch 4,2,base_b4_lr5e-5_s2,raw,130000,18.15137325922441,3.7141571498571135,0.030233577855428,0.0409942478815714,0.0225374703725179,0.02724842116038,0.8895489221596434,-3.551542988498702
uvcgan-s,uvcgan-s batch 4,2,base_b4_lr5e-5_s2,ema,140000,19.60603179447146,3.670025545824623,0.0324477365493774,0.0432304815928141,0.0238037585576375,0.0280034086863199,0.946720914935948,-1.745698659589361
uvcgan-s,uvcgan-s batch 4,2,base_b4_lr5e-5_s2,raw,140000,19.60603179447146,3.7806637037771855,0.0297395825703938,0.0399995819727579,0.0221871535619099,0.0289712221145629,0.9124500361865968,-2.808475878039973
uvcgan-s,uvcgan-s batch 4,2,base_b4_lr5e-5_s2,ema,150000,21.084110206595312,3.663819946487138,0.03170605691274,0.0426045449574788,0.0233101125717163,0.0280013998667399,0.9403782034519552,-1.949742267265272
uvcgan-s,uvcgan-s batch 4,2,base_b4_lr5e-5_s2,raw,150000,21.084110206595312,3.703125127309719,0.0352168210983276,0.0513879708607991,0.0237826613744099,0.0290295019785563,0.9357742271075352,-2.096313821509686
uvcgan-s,uvcgan-s batch 4,2,base_b4_lr5e-5_s2,ema,160000,22.54252671412089,3.6683320357189824,0.0313795008341471,0.0428324677785237,0.0229770569483439,0.0285961074193318,0.9362416986244908,-2.077487258244616
uvcgan-s,uvcgan-s batch 4,2,base_b4_lr5e-5_s2,raw,160000,22.54252671412089,3.729968696057436,0.0304691336949666,0.0467368453979492,0.0232821917215983,0.0335866961161295,0.9526362319143118,-1.5130160445023149
uvcgan-s,uvcgan-s batch 4,2,base_b4_lr5e-5_s2,ema,170000,23.999550306279627,3.672029511633939,0.0310849444071451,0.0423227705637613,0.0226015082677205,0.0286650154113769,0.9326735419844572,-2.193281166584214
uvcgan-s,uvcgan-s batch 4,2,base_b4_lr5e-5_s2,raw,170000,23.999550306279627,3.74408361506112,0.0349022064208984,0.0434034941355387,0.0232164334615071,0.0292033958435058,0.8838404858565684,-3.763782758694284
