batch,repeat,plan,decode,plan_time,hit,n_jets,jes,bias,jer,jer_iqr,jer_cal,partners,sb_err,plan_mass
256,0,random,direct,0.0,0.05309734493494034,226,0.10873794793447648,-28.88520377927122,9.804226646452554,7.279264564598994,-113.08636847410699,,,
256,0,random,mixture,0.0,0.6681416034698486,226,0.9909663807126932,-0.33306027302699803,13.063177283911473,13.236566151929308,13.740422736823994,,,
256,0,ot,direct,0.0566881000995636,0.03097345121204853,226,0.06561345884388643,-30.037603091349645,7.626778372842843,6.360687795968476,91.29395601080226,,,
256,0,ot,mixture,0.0566881000995636,0.7035398483276367,226,0.9491486670733943,-1.6484903149900183,8.36929835494319,8.68526257966694,9.213651501070848,,,
256,0,sb,direct,0.29218921065330505,0.02654867246747017,226,0.06741739013744091,-29.99744384056699,7.917514940132303,6.922473370189398,129.97838433673073,1.5784672640479855,0.0009458402637392282,0.9999990275736312
256,0,sb,mixture,0.29218921065330505,0.712389349937439,226,0.9474646691396676,-1.7028067766037662,8.232363613345353,8.619578526230368,9.08015127700065,1.5784672640479855,0.0009458402637392282,0.9999990275736312
256,0,ot-sum,direct,0.007355596870183945,0.06637167930603027,226,0.15793169446500488,-27.262587488225076,11.07637035207945,7.575665693799154,-23165.925664742757,,,
256,0,ot-sum,mixture,0.007355596870183945,0.7168141603469849,226,0.9561027278677835,-1.554163569897677,7.970032730918737,8.27628546418571,9.699596279582577,,,
256,1,random,direct,0.0,0.03139013797044754,223,0.08029938008853976,-30.69202654885604,8.749008418848495,7.368135841092505,-120.6855558522776,,,
256,1,random,mixture,0.0,0.7130045294761658,223,1.0364855596736313,1.1555457521447152,11.827558635287344,11.961177687365714,12.297411747067988,,,
256,1,ot,direct,0.011844076216220856,0.008968610316514969,223,0.07524668424602118,-30.677257597713727,8.084592523812965,7.469368829295934,54.47142872822006,,,
256,1,ot,mixture,0.011844076216220856,0.6502242684364319,223,0.9644497078054469,-1.0947541891192107,7.6417303532158325,7.493947328153233,7.0954985297132005,,,
256,1,sb,direct,0.025703009217977524,0.008968610316514969,223,0.06469821319265838,-31.05459857307742,7.817742973280648,7.339669122264684,70.26024442091676,1.6247820625503036,0.0008357956539839506,1.0000004246876997
256,1,sb,mixture,0.025703009217977524,0.6591928601264954,223,0.9688890500966071,-0.9874742191468654,7.729081227280681,7.643367379925886,7.367388721780715,1.6247820625503036,0.0008357956539839506,1.0000004246876997
256,1,ot-sum,direct,0.012258850038051605,0.11210762709379196,223,0.18551865787224495,-26.936813012366873,11.173590613881151,8.873275688968825,37.12532617362051,,,
256,1,ot-sum,mixture,0.012258850038051605,0.6591928601264954,223,0.9525965754108665,-1.4010605234736284,8.072159652363737,7.835544419341656,7.125251996545829,,,
256,2,random,direct,0.0,0.043478257954120636,230,0.09482040070608468,-30.013606494405995,9.18367774942031,8.21386539467712,203.8473801085553,,,
256,2,random,mixture,0.0,0.7434782385826111,230,0.9743518390016972,-0.8103342470915421,12.812958695831881,12.292437062076147,12.583607554217512,,,
256,2,ot,direct,0.011991102248430252,0.03913043439388275,230,0.08964902155990863,-30.212245120172916,9.50544258380656,7.850402721747193,184.1110064776095,,,
256,2,ot,mixture,0.011991102248430252,0.699999988079071,230,0.9562489013375604,-1.5038747787475586,8.097843004674713,8.313247236700036,8.74138522370507,,,
256,2,sb,direct,0.05202476680278778,0.043478257954120636,230,0.0923927037117458,-30.14881419306216,9.762177030902315,7.860208105563764,359.043559287806,1.597620999391265,0.000946239335462451,0.9999913801806459
256,2,sb,mixture,0.05202476680278778,0.6913043260574341,230,0.9550859785910873,-1.6312178984932277,8.20418959420309,8.010720747148133,9.317833301813266,1.597620999391265,0.000946239335462451,0.9999913801806459
256,2,ot-sum,direct,0.013104263693094254,0.11304347217082977,230,0.1807456056281361,-27.34074470685876,12.240580828460466,10.181998923763334,-670.9591540076108,,,
256,2,ot-sum,mixture,0.013104263693094254,0.6913043260574341,230,0.9365647754210468,-2.048617163948391,7.906347815067397,8.226215441727126,8.128386470599473,,,
256,3,random,direct,0.0,0.027272727340459824,220,0.0874098669284067,-30.331066573749887,9.454763905268091,7.40444015095727,-99.21682746864555,,,
256,3,random,mixture,0.0,0.6772726774215698,220,0.9730632638462328,-0.8486298474398526,11.84792185759769,11.297458891872125,11.462195519387162,,,
256,3,ot,direct,0.01197202131152153,0.045454543083906174,220,0.08661502559680613,-30.280309937217016,9.099219291527053,7.656468913853831,-248.06831682150582,,,
256,3,ot,mixture,0.01197202131152153,0.6909090876579285,220,0.9011074896671917,-3.17042121887207,8.172503361795465,7.072513062835535,8.663565700046751,,,
256,3,sb,direct,0.044432383030653,0.040909089148044586,220,0.07946356850135183,-30.40535835786299,8.624848766394186,7.323262601361795,128.33602350112238,1.5346943953588827,0.00094828219152987,0.9999885514117348
256,3,sb,mixture,0.044432383030653,0.6818181872367859,220,0.8982021859188288,-3.147629269686612,8.303145943818825,8.014736571428598,8.028346515913391,1.5346943953588827,0.00094828219152987,0.9999885514117348
256,3,ot-sum,direct,0.011840935796499252,0.09545454382896423,220,0.17707856263398356,-27.392962438409977,11.842454601522556,7.986355393440128,-1030.7094568992384,,,
256,3,ot-sum,mixture,0.011840935796499252,0.7090908885002136,220,0.9288489373324886,-2.302408807927912,7.9052809572255756,6.976583960146441,8.070325299009355,,,
1024,0,random,direct,0.0,0.044742729514837265,894,0.09409549771431742,-30.23662899537908,9.709852064839435,7.12483153686071,-147.14317910372333,,,
1024,0,random,mixture,0.0,0.7203579545021057,894,1.015885946427865,0.3669780138088286,12.775429777342678,13.363745585470575,14.092659035953153,,,
1024,0,ot,direct,0.2691994868218899,0.03914988785982132,894,0.0980999409837151,-30.011202856998317,9.474695675310421,7.441461660669326,-1087.8162591013086,,,
1024,0,ot,mixture,0.2691994868218899,0.7058165669441223,894,0.9351877535654124,-2.1508983349640096,7.840936672354793,7.333492508104238,8.266719402634527,,,
1024,0,sb,direct,0.2756129652261734,0.045861296355724335,894,0.10389694442749652,-29.818595069100127,9.640681574188747,7.4785008441085195,2577.50259179654,1.6283496900993057,0.0009483724134042859,0.9999881755118974
1024,0,sb,mixture,0.2756129652261734,0.7024608254432678,894,0.929037364714892,-2.320767594663889,7.88555368171557,7.593050632236444,8.151620336984672,1.6283496900993057,0.0009483724134042859,0.9999881755118974
1024,0,ot-sum,direct,0.19722525402903557,0.1085011214017868,894,0.21758798588785022,-26.17694522123742,12.74604513961365,10.030739390470082,445.2534290378339,,,
1024,0,ot-sum,mixture,0.19722525402903557,0.7114093899726868,894,0.9475204909276078,-1.7425521556162993,7.9391639099305715,7.818322079194043,8.362858503176662,,,
1024,1,random,direct,0.0,0.04627539590001106,886,0.10864218909204322,-29.44692964424667,9.563528327259542,7.437767144748244,-1048.0929560668233,,,
1024,1,random,mixture,0.0,0.697516918182373,886,0.998936749840216,-0.11423653135450375,12.689263839427515,12.478191822524243,13.521615547561616,,,
1024,1,ot,direct,0.26830654591321945,0.03950338810682297,886,0.09813354090812654,-29.763392905887574,9.683960780519918,7.2485974667424005,497.5064297445199,,,
1024,1,ot,mixture,0.26830654591321945,0.6896162629127502,886,0.927749412315093,-2.302188849610615,7.663966181374355,8.066188679349432,7.941080153598907,,,
1024,1,sb,direct,0.08422791212797165,0.03837471827864647,886,0.0974121337588448,-29.827033982589064,9.835867015647896,7.357220193737078,-473.9770287345436,1.682714264164125,0.0009521161555312574,0.9999858315560906
1024,1,sb,mixture,0.08422791212797165,0.6896162629127502,886,0.9273172310449084,-2.3401421273535044,7.511836947960246,7.939883034877904,7.860817297907908,1.682714264164125,0.0009521161555312574,0.9999858315560906
1024,1,ot-sum,direct,0.18725284188985825,0.1173814907670021,886,0.21853843610619353,-26.075512393064475,12.821158248854552,10.09984048231166,-136.89141766262702,,,
1024,1,ot-sum,mixture,0.18725284188985825,0.678329586982727,886,0.9426388315019468,-1.873725287263065,7.627184673179797,7.479870557961772,8.11905545272358,,,
1024,2,random,direct,0.0,0.04449388012290001,899,0.10365346455330804,-29.288495946381328,9.897563590603923,7.121140555685056,-329.3714519702404,,,
1024,2,random,mixture,0.0,0.676306962966919,899,0.9735121609617007,-0.857437863631031,12.665875606533863,12.429420465535813,13.075008981382439,,,
1024,2,ot,direct,0.2772875018417835,0.042269185185432434,899,0.09836303877215992,-29.391419284468366,9.338199968419618,7.2385527806603704,704.458835919874,,,
1024,2,ot,mixture,0.2772875018417835,0.6874304413795471,899,0.9306365219619441,-2.172449474737827,7.927545045550772,7.61313187448602,7.978673138759994,,,
1024,2,sb,direct,0.11445121467113495,0.041156839579343796,899,0.09556407513689995,-29.495057943002532,9.398083743938143,6.987349027346646,-1875.159278120981,1.566431777901856,0.0008868734585121274,0.9999868170836401
1024,2,sb,mixture,0.11445121467113495,0.6918798089027405,899,0.9237535543224906,-2.3840741697487497,7.938224569749406,7.566092896231728,7.941231488134979,1.566431777901856,0.0008868734585121274,0.9999868170836401
1024,2,ot-sum,direct,0.18838780000805855,0.10344827175140381,899,0.19531177210776854,-26.327530581906057,12.128541278008628,8.491262318559539,441.40766475488255,,,
1024,2,ot-sum,mixture,0.18838780000805855,0.6785316467285156,899,0.9354857644451244,-2.0703181117209497,7.894980241457673,7.600171376900641,8.197189204487222,,,
1024,3,random,direct,0.0,0.04664391279220581,879,0.09231320855462052,-30.07254941851341,9.258154841546618,6.70901115423136,-114.54653515322653,,,
1024,3,random,mixture,0.0,0.7087599039077759,879,1.0211614780717453,0.68299306537511,12.578914671183167,12.446429660534134,12.470050499367902,,,
1024,3,ot,direct,0.27578647434711456,0.0568828210234642,879,0.10740974164314865,-29.537502272544053,9.626963626364095,6.971926226096298,-1175.7244113976662,,,
1024,3,ot,mixture,0.27578647434711456,0.7019339799880981,879,0.9613763227818808,-1.3023713993944812,7.442883617624413,7.28208953314485,7.96945767018508,,,
1024,3,sb,direct,0.09963065758347511,0.055745162069797516,879,0.10295450034281574,-29.767574278839074,9.651007176210458,6.973803882867518,-110.08117831819075,1.635895514754625,0.0009259823127649724,1.0000269497814087
1024,3,sb,mixture,0.09963065758347511,0.7064846158027649,879,0.965743020148415,-1.1816998851719704,7.425213881192514,7.380213359270032,8.022192115685282,1.635895514754625,0.0009259823127649724,1.0000269497814087
1024,3,ot-sum,direct,0.17996062338352203,0.10238907486200333,879,0.20686981150055012,-26.357347553500542,12.096442820876575,9.271233589053596,521.8442228534797,,,
1024,3,ot-sum,mixture,0.17996062338352203,0.700796365737915,879,0.9670376393041733,-1.1238669958537755,7.901549400733223,7.668774423111448,8.296527159521295,,,
2048,0,random,direct,0.0,0.04071388766169548,1793,0.09225184456211012,-29.891985145415667,9.248946112391149,6.725114747451093,-964.6033757972559,,,
2048,0,random,mixture,0.0,0.6860011219978333,1793,0.9982485580973297,-0.06573507284493135,12.856791578287224,13.04529895598664,12.947513387976542,,,
2048,0,ot,direct,1.177589301019907,0.04406023398041725,1793,0.09620186532616072,-29.73622521806282,9.359614379407487,6.946252663105483,711.5747330563667,,,
2048,0,ot,mixture,1.177589301019907,0.6826547980308533,1793,0.9255253706231025,-2.4284582260395653,7.493402942231947,7.413396135447554,7.930277404762623,,,
2048,0,sb,direct,0.6202816404402256,0.04406023398041725,1793,0.09261639483972098,-29.818506430728572,9.053017272876895,6.8789454545684885,177.28402084213835,1.6954295167365627,0.0008284678915515542,1.0000147877631118
2048,0,sb,mixture,0.6202816404402256,0.6720580458641052,1793,0.923859745970118,-2.4574073614917253,7.559517459603116,7.3249921522995916,7.853738664897663,1.6954295167365627,0.0008284678915515542,1.0000147877631118
2048,0,ot-sum,direct,1.108990840613842,0.1193530410528183,1793,0.22612514946824436,-25.59690086281772,12.64058207703121,10.474006364396804,351.1700706595353,,,
2048,0,ot-sum,mixture,1.108990840613842,0.6642498970031738,1793,0.9334291557924864,-2.1405927027262464,7.758367073504166,7.806667670044217,7.976628895337073,,,
2048,1,random,direct,0.0,0.04532577842473984,1765,0.0948467563881058,-30.24671558023512,9.304900272575413,7.0261068040128105,-249.96104567358725,,,
2048,1,random,mixture,0.0,0.6923512816429138,1765,0.9912908586895898,-0.3114308133003732,12.689146388250064,12.613107046434136,13.130112017053824,,,
2048,1,ot,direct,1.1830047108232975,0.03626062348484993,1765,0.09767395591672864,-30.12137330247052,9.165114757632706,7.163027289003863,1033.668850346106,,,
2048,1,ot,mixture,1.1830047108232975,0.687818706035614,1765,0.9334461738402196,-2.1491370522604445,7.723469898074876,7.587291471511016,7.778187376887251,,,
2048,1,sb,direct,0.42634856328368187,0.036827195435762405,1765,0.09642591496102862,-30.15445351316976,9.070942216809629,7.147669527069386,532.9983337687111,1.6955174725662963,0.0009526364738121629,1.0000147632292524
2048,1,sb,mixture,0.42634856328368187,0.6946175694465637,1765,0.9365822301265525,-2.056022283105607,7.656447152820418,7.38427690261377,7.743361087250979,1.6955174725662963,0.0009526364738121629,1.0000147632292524
2048,1,ot-sum,direct,1.087704673409462,0.12067988514900208,1765,0.22439301442078285,-26.069357908211078,12.577530165363147,9.933826568128445,4274.603868207293,,,
2048,1,ot-sum,mixture,1.087704673409462,0.7014164328575134,1765,0.9394086320748444,-1.9762702714957865,7.743992188654047,7.591988441235406,7.991376847275464,,,
2048,2,random,direct,0.0,0.03910614550113678,1790,0.09142147554399498,-29.890082748775374,8.882827287809064,6.915860568443168,437.8967984983302,,,
2048,2,random,mixture,0.0,0.6826815605163574,1790,0.9801877762307531,-0.5306154426915685,12.547634750710325,12.326820591275474,11.581216082404925,,,
2048,2,ot,direct,1.1709215566515923,0.044134076684713364,1790,0.09955210196500085,-29.701668046706214,9.32809226083681,6.97934813107094,-205.04511893170837,,,
2048,2,ot,mixture,1.1709215566515923,0.708379864692688,1790,0.9254942626138524,-2.360035542536048,7.754850651986997,7.875378172516028,7.837075703935719,,,
2048,2,sb,direct,0.43194734677672386,0.040223464369773865,1790,0.09862773826429161,-29.739856668823922,9.354156214889004,6.97137869402954,-168.5287164469615,1.7005286996627196,0.0008341724751517177,1.0000145752716962
2048,2,sb,mixture,0.43194734677672386,0.7167597413063049,1790,0.9289800666366713,-2.248130134497275,7.685377496524693,7.7797548253064335,7.757063162008883,1.7005286996627196,0.0008341724751517177,1.0000145752716962
2048,2,ot-sum,direct,1.1086297519505024,0.11340782046318054,1790,0.22084020504223517,-25.79142296700504,12.567451623828074,9.563708676507156,591.0933426951187,,,
2048,2,ot-sum,mixture,1.1086297519505024,0.7044692635536194,1790,0.9328589401709272,-2.126095391918161,7.65438354031943,7.54146349704027,7.784621096500119,,,
2048,3,random,direct,0.0,0.03599113970994949,1806,0.09611039377550622,-29.773534175433458,9.567573629008146,7.300214293800168,4045.637946947882,,,
2048,3,random,mixture,0.0,0.6932447552680969,1806,0.9955715573086648,-0.20836020783332496,12.576148378721006,12.373697678189176,13.500118486987914,,,
2048,3,ot,direct,1.1729666665196419,0.04042081907391548,1806,0.10100300882440356,-29.6878539092781,9.852407450867151,7.605946090505952,-133.54088835181543,,,
2048,3,ot,mixture,1.1729666665196419,0.6727575063705444,1806,0.9272993092810883,-2.3132752749082917,7.392806661480554,7.287101448686853,7.514301996815782,,,
2048,3,sb,direct,0.4219961650669575,0.04208194836974144,1806,0.10007953400280371,-29.706780688707216,9.786643913942504,7.693188556306357,-152.27594305621727,1.6949859325193162,0.0009296179050579667,1.0000148489796294
2048,3,sb,mixture,0.4219961650669575,0.673311173915863,1806,0.926205009249401,-2.3376959539859135,7.49317698562349,7.308170652283484,7.57738588265586,1.6949859325193162,0.0009296179050579667,1.0000148489796294
2048,3,ot-sum,direct,1.088719554245472,0.12458471953868866,1806,0.23071615297724016,-25.519172309376998,13.02945526807322,10.839828479899753,448.23335311304874,,,
2048,3,ot-sum,mixture,1.088719554245472,0.6843854188919067,1806,0.9386199718159218,-1.9551246902871369,7.505082263205142,7.146293804148907,7.658457048070531,,,
