truth,model,readout,name,reference,observable,bias,rmse,rel_bias,rel_rmse,rel_res,corr,w1_sigma,within_1sd,sd_err_corr
val,OT-CFM-unet-s0,image,OT-CFM-unet-s0,full,et,-1.4731365442276,3.7173666954040527,-0.22888076305389404,0.5775660872459412,0.5302793383598328,0.8690752756602851,0.22894922150318672,,
val,OT-CFM-unet-s0,image,OT-CFM-unet-s0,full,mass,0.3152253031730652,1.1521891355514526,0.23402740061283112,0.8554003238677979,0.8227640986442566,0.619842381392655,0.25096278186993426,,
val,OT-CFM-unet-s0,image,OT-CFM-unet-s0,full,girth,0.008765577338635921,0.014883116818964481,0.19240702688694,0.32668885588645935,0.2640173137187958,0.9675086452501243,0.19759022511004393,,
val,OT-CFM-unet-s0,image,OT-CFM-unet-s0,full,ptd,-0.03987341374158859,0.05094888433814049,-0.38419803977012634,0.49091511964797974,0.3055970072746277,0.9526359853854061,0.3841980417673968,,
val,OT-CFM-unet-s0,image,OT-CFM-unet-s0,full,core,-0.030545875430107117,0.06279464066028595,-0.12738217413425446,0.2618657350540161,0.2287956327199936,0.9773090502881424,0.1418119661382247,,
val,OT-CFM-unet-s0,image,OT-CFM-unet-s0,full,zlead,-0.02868475392460823,0.04453374072909355,-0.2146541327238083,0.33325546979904175,0.2549172639846802,0.9682527741544464,0.2146541129079333,,
val,OT-CFM-unet-s0,image,OT-CFM-unet-s0,full,n1,-0.9041576981544495,2.089506149291992,-0.4088452458381653,0.9448403120040894,0.8518032431602478,0.6194324216077556,0.40894768908192713,,
val,OT-CFM-unet-s0,image,OT-CFM-unet-s0,full,zg,-0.02280636300364295,0.12247462315639616,-0.20299284598120276,1.0901112251445333,1.0710445311314405,0.3872499049600124,0.20299296484467136,,
val,OT-CFM-unet-s0,image,OT-CFM-unet-s0,full,rg,0.023910358127631138,0.09226288391542975,0.23982933597851142,0.9254293083686327,0.893812784867028,0.5592704986773446,0.2695704047332516,,
val,OT-CFM-unet-s0,thr0.5,"OT-CFM-unet-s0, thr0.5",thr,et,-3.741070508956909,4.99294376373291,-0.5649803280830383,0.7540395855903625,0.49937254190444946,0.882249311992738,0.5649803254312472,,
val,OT-CFM-unet-s0,thr0.5,"OT-CFM-unet-s0, thr0.5",thr,mass,-0.5670456290245056,1.2398326396942139,-0.40974292159080505,0.8958937525749207,0.7967033982276917,0.6447818281802133,0.40978028637120384,,
val,OT-CFM-unet-s0,thr0.5,"OT-CFM-unet-s0, thr0.5",thr,girth,0.001034672954119742,0.013361817225813866,0.02076253853738308,0.2681284248828888,0.26732337474823,0.963866044553221,0.021915527899736508,,
val,OT-CFM-unet-s0,thr0.5,"OT-CFM-unet-s0, thr0.5",thr,ptd,-0.007057860027998686,0.04125059396028519,-0.06512286514043808,0.3806191682815552,0.3750065863132477,0.9297822046597216,0.06512286552534889,,
val,OT-CFM-unet-s0,thr0.5,"OT-CFM-unet-s0, thr0.5",thr,core,-0.0035718220751732588,0.06016981974244118,-0.013504703529179096,0.22749608755111694,0.22709490358829498,0.9739535715068249,0.01785728318367717,,
val,OT-CFM-unet-s0,thr0.5,"OT-CFM-unet-s0, thr0.5",thr,zlead,-0.0017109353793784976,0.04188132286071777,-0.012002959847450256,0.2938157916069031,0.29357051849365234,0.9567865391907081,0.015352001172788095,,
val,OT-CFM-unet-s0,thr0.5,"OT-CFM-unet-s0, thr0.5",thr,n1,-0.9041576981544495,2.089506149291992,-0.4088452458381653,0.9448403120040894,0.8518032431602478,0.6194324216077556,0.40894768908192713,,
val,OT-CFM-unet-s0,thr0.5,"OT-CFM-unet-s0, thr0.5",thr,zg,-0.008100392939975574,0.12090755522725997,-0.0706598536722794,1.0546784857892328,1.0523088393934934,0.44331856321523533,0.0709795131172032,,
val,OT-CFM-unet-s0,thr0.5,"OT-CFM-unet-s0, thr0.5",thr,rg,-0.004806588162974991,0.08942595358965472,-0.0460884999891894,0.8574706051993201,0.8562310955283244,0.6197542003983378,0.04638630414597358,,
jewel,OT-CFM-unet-s0,image,OT-CFM-unet-s0,full,et,0.0058444347232580185,3.356300115585327,0.0006070401286706328,0.3486066460609436,0.348606139421463,0.9388172729303531,0.022833455630274987,,
jewel,OT-CFM-unet-s0,image,OT-CFM-unet-s0,full,mass,0.7606668472290039,1.3157683610916138,0.576291024684906,0.9968430399894714,0.8133787512779236,0.6695873128605334,0.5764436473943477,,
jewel,OT-CFM-unet-s0,image,OT-CFM-unet-s0,full,girth,0.012805571779608727,0.020468488335609436,0.25181522965431213,0.4025026857852936,0.3140024244785309,0.9531848029017213,0.26428897770828724,,
jewel,OT-CFM-unet-s0,image,OT-CFM-unet-s0,full,ptd,-0.064567930996418,0.07939910143613815,-0.5535040497779846,0.6806432008743286,0.396116703748703,0.9182579930055002,0.5535040347361472,,
jewel,OT-CFM-unet-s0,image,OT-CFM-unet-s0,full,core,-0.04476553201675415,0.08594120293855667,-0.1685193032026291,0.3235246241092682,0.27616918087005615,0.9675697379915522,0.19670117326218178,,
jewel,OT-CFM-unet-s0,image,OT-CFM-unet-s0,full,zlead,-0.053453635424375534,0.07324708998203278,-0.3593024015426636,0.492349237203598,0.33661484718322754,0.9427647694307033,0.35930240563738336,,
jewel,OT-CFM-unet-s0,image,OT-CFM-unet-s0,full,n1,-0.661332368850708,1.8613955974578857,-0.31316694617271423,0.8814442157745361,0.8239359259605408,0.6659287489423175,0.31339149356629575,,
jewel,OT-CFM-unet-s0,image,OT-CFM-unet-s0,full,zg,-0.019786182478474794,0.12610924933036685,-0.179110157735157,1.141576833428931,1.127438343333112,0.3263953478884095,0.17911170964639309,,
jewel,OT-CFM-unet-s0,image,OT-CFM-unet-s0,full,rg,0.03937549599158294,0.10661027919485806,0.34782995331403294,0.9417595258500451,0.8751715992346069,0.567304558006833,0.3998539052295187,,
jewel,OT-CFM-unet-s0,thr0.5,"OT-CFM-unet-s0, thr0.5",thr,et,-2.541029453277588,4.087087154388428,-0.2630791962146759,0.42314645648002625,0.3314245641231537,0.9449108959124735,0.2631135279003681,,
jewel,OT-CFM-unet-s0,thr0.5,"OT-CFM-unet-s0, thr0.5",thr,mass,-0.18464341759681702,1.0913666486740112,-0.14174433052539825,0.8378041982650757,0.8257267475128174,0.648973487506248,0.14177245577739345,,
jewel,OT-CFM-unet-s0,thr0.5,"OT-CFM-unet-s0, thr0.5",thr,girth,0.004191641230136156,0.018641415983438492,0.07488231360912323,0.3330228626728058,0.32449477910995483,0.9462178249771259,0.0762233472042061,,
jewel,OT-CFM-unet-s0,thr0.5,"OT-CFM-unet-s0, thr0.5",thr,ptd,-0.019525859504938126,0.06206493079662323,-0.16326804459095,0.5189640522003174,0.49261265993118286,0.8754052258599385,0.16326804527582783,,
jewel,OT-CFM-unet-s0,thr0.5,"OT-CFM-unet-s0, thr0.5",thr,core,-0.014378256164491177,0.08110296726226807,-0.048773787915706635,0.2751167416572571,0.27075883746147156,0.9626487386379635,0.0559231812803731,,
jewel,OT-CFM-unet-s0,thr0.5,"OT-CFM-unet-s0, thr0.5",thr,zlead,-0.015936793759465218,0.06478630006313324,-0.10123634338378906,0.4115462899208069,0.3989003896713257,0.9184859787246847,0.10123634553168526,,
jewel,OT-CFM-unet-s0,thr0.5,"OT-CFM-unet-s0, thr0.5",thr,n1,-0.661332368850708,1.8613955974578857,-0.31316694617271423,0.8814442157745361,0.8239359259605408,0.6659287489423175,0.31339149356629575,,
jewel,OT-CFM-unet-s0,thr0.5,"OT-CFM-unet-s0, thr0.5",thr,zg,-0.0059565293407097,0.12526039130200217,-0.05269911473414956,1.1082144240864567,1.106960709808399,0.38597803501863825,0.0527822740066843,,
jewel,OT-CFM-unet-s0,thr0.5,"OT-CFM-unet-s0, thr0.5",thr,rg,0.007651891115882667,0.10259496902166318,0.06532348402611812,0.8758437252375381,0.8734043012675502,0.6139993075587024,0.07702718613207353,,
val,OT-CFM-unet-s1,image,OT-CFM-unet-s1,full,et,-1.4827055931091309,3.7126779556274414,-0.2303674966096878,0.5768375992774963,0.5288406610488892,0.8685202876791133,0.23054534889898012,,
val,OT-CFM-unet-s1,image,OT-CFM-unet-s1,full,mass,0.3215710520744324,1.1539725065231323,0.23873856663703918,0.8567243218421936,0.8227882981300354,0.6207875788650239,0.25286571415127845,,
val,OT-CFM-unet-s1,image,OT-CFM-unet-s1,full,girth,0.008824147284030914,0.014924611896276474,0.1936926543712616,0.3275996744632721,0.26420578360557556,0.9672888948738334,0.19857311195360516,,
val,OT-CFM-unet-s1,image,OT-CFM-unet-s1,full,ptd,-0.039529599249362946,0.05073588341474533,-0.3808852434158325,0.4888627827167511,0.3064526617527008,0.9523908189776724,0.3808852478321495,,
val,OT-CFM-unet-s1,image,OT-CFM-unet-s1,full,core,-0.03056611493229866,0.06276170909404755,-0.1274665743112564,0.2617283761501312,0.22859139740467072,0.9771813538053392,0.14147442588629697,,
val,OT-CFM-unet-s1,image,OT-CFM-unet-s1,full,zlead,-0.028476539999246597,0.044449664652347565,-0.213096022605896,0.3326263129711151,0.2554023265838623,0.9681083018310376,0.21309601608033807,,
val,OT-CFM-unet-s1,image,OT-CFM-unet-s1,full,n1,-0.8630338907241821,2.0674586296081543,-0.39024972915649414,0.9348707795143127,0.849522590637207,0.6218378577963186,0.3903521722164957,,
val,OT-CFM-unet-s1,image,OT-CFM-unet-s1,full,zg,-0.023261779353769666,0.12226163116598963,-0.20705076866124802,1.0882385360857554,1.068360000476831,0.38816682376141903,0.2070508434387467,,
val,OT-CFM-unet-s1,image,OT-CFM-unet-s1,full,rg,0.024930903002376045,0.09271016171773773,0.2500914580932779,0.9300112202852369,0.8957539463743454,0.5589146086454528,0.2779525204270608,,
val,OT-CFM-unet-s1,thr0.5,"OT-CFM-unet-s1, thr0.5",thr,et,-3.678091287612915,4.938645362854004,-0.5554691553115845,0.7458393573760986,0.49772509932518005,0.8816383738757727,0.5554692034029188,,
val,OT-CFM-unet-s1,thr0.5,"OT-CFM-unet-s1, thr0.5",thr,mass,-0.5366633534431458,1.2262629270553589,-0.38778892159461975,0.8860883712768555,0.7967259883880615,0.6450456567536738,0.38784890762882407,,
val,OT-CFM-unet-s1,thr0.5,"OT-CFM-unet-s1, thr0.5",thr,girth,0.001302784658037126,0.013413929380476475,0.026142673566937447,0.26917415857315063,0.2679016590118408,0.9637022548327234,0.02678177145094376,,
val,OT-CFM-unet-s1,thr0.5,"OT-CFM-unet-s1, thr0.5",thr,ptd,-0.007929157465696335,0.04126498103141785,-0.07316232472658157,0.38075190782546997,0.37365666031837463,0.9300623988406934,0.07316231976197704,,
val,OT-CFM-unet-s1,thr0.5,"OT-CFM-unet-s1, thr0.5",thr,core,-0.00439081434160471,0.06025048717856407,-0.016601230949163437,0.22780108451843262,0.2271953672170639,0.9739184206411182,0.01995869716106384,,
val,OT-CFM-unet-s1,thr0.5,"OT-CFM-unet-s1, thr0.5",thr,zlead,-0.002501607406884432,0.04178200289607048,-0.017549868673086166,0.29311901330947876,0.2925931513309479,0.9569806096100941,0.01936226878610376,,
val,OT-CFM-unet-s1,thr0.5,"OT-CFM-unet-s1, thr0.5",thr,n1,-0.8630338907241821,2.0674586296081543,-0.39024972915649414,0.9348707795143127,0.849522590637207,0.6218378577963186,0.3903521722164957,,
val,OT-CFM-unet-s1,thr0.5,"OT-CFM-unet-s1, thr0.5",thr,zg,-0.009144624314445541,0.12101649886421403,-0.07977256130947113,1.0556798992664127,1.0526615734305447,0.44123016504940393,0.07997583369759277,,
val,OT-CFM-unet-s1,thr0.5,"OT-CFM-unet-s1, thr0.5",thr,rg,-0.003822065477184748,0.09001899223098479,-0.036650604371415096,0.8632113944320678,0.8624329798173103,0.6155215979883911,0.03726244548226588,,
jewel,OT-CFM-unet-s1,image,OT-CFM-unet-s1,full,et,0.00823927577584982,3.3738772869110107,0.0008557835244573653,0.3504323363304138,0.35043132305145264,0.9378445052841594,0.027698571772982523,,
jewel,OT-CFM-unet-s1,image,OT-CFM-unet-s1,full,mass,0.7670837044715881,1.3227497339248657,0.5811524987220764,1.0021321773529053,0.816413402557373,0.6663359043866395,0.5812041259115879,,
jewel,OT-CFM-unet-s1,image,OT-CFM-unet-s1,full,girth,0.012833157554268837,0.02050306648015976,0.25235769152641296,0.40318265557289124,0.31443890929222107,0.952842005435505,0.2645304963741431,,
jewel,OT-CFM-unet-s1,image,OT-CFM-unet-s1,full,ptd,-0.06405506283044815,0.07913408428430557,-0.549107551574707,0.6783713698387146,0.398332417011261,0.9173057551312238,0.5491075026034786,,
jewel,OT-CFM-unet-s1,image,OT-CFM-unet-s1,full,core,-0.04468120262026787,0.08590319007635117,-0.16820184886455536,0.3233815133571625,0.27619513869285583,0.9673083365860574,0.19578736261215884,,
jewel,OT-CFM-unet-s1,image,OT-CFM-unet-s1,full,zlead,-0.05316739156842232,0.07325128465890884,-0.35737836360931396,0.4923774302005768,0.3386979103088379,0.9419729400920248,0.357378323766056,,
jewel,OT-CFM-unet-s1,image,OT-CFM-unet-s1,full,n1,-0.6239924430847168,1.853577971458435,-0.2954850196838379,0.8777422308921814,0.8265108466148376,0.6638485123651824,0.29570954470844457,,
jewel,OT-CFM-unet-s1,image,OT-CFM-unet-s1,full,zg,-0.019965213076735606,0.12631018955448609,-0.18073102299185465,1.1433972522476,1.129023283097244,0.3244757960593046,0.1807341228497187,,
jewel,OT-CFM-unet-s1,image,OT-CFM-unet-s1,full,rg,0.04015699879105325,0.1068140609316601,0.3547291139191826,0.9435480322010283,0.8743283964326816,0.5689555297069135,0.4046737631825003,,
jewel,OT-CFM-unet-s1,thr0.5,"OT-CFM-unet-s1, thr0.5",thr,et,-2.469933032989502,4.057711124420166,-0.2557184100151062,0.42010509967803955,0.3333112299442291,0.9439736315911802,0.2557409857874257,,
jewel,OT-CFM-unet-s1,thr0.5,"OT-CFM-unet-s1, thr0.5",thr,mass,-0.15748465061187744,1.092081904411316,-0.12089549005031586,0.8383532762527466,0.8295904994010925,0.6458140918721921,0.12094624368116008,,
jewel,OT-CFM-unet-s1,thr0.5,"OT-CFM-unet-s1, thr0.5",thr,girth,0.004421453922986984,0.018718140199780464,0.07898783683776855,0.3343935012817383,0.32493066787719727,0.9460530563603737,0.08037499193912388,,
jewel,OT-CFM-unet-s1,thr0.5,"OT-CFM-unet-s1, thr0.5",thr,ptd,-0.020675819367170334,0.06241040304303169,-0.17288358509540558,0.5218527913093567,0.49238356947898865,0.8751183051549817,0.1728835860375166,,
jewel,OT-CFM-unet-s1,thr0.5,"OT-CFM-unet-s1, thr0.5",thr,core,-0.015201561152935028,0.08142650872468948,-0.05156659707427025,0.27621424198150635,0.27135807275772095,0.9624813921527398,0.058803978520201944,,
jewel,OT-CFM-unet-s1,thr0.5,"OT-CFM-unet-s1, thr0.5",thr,zlead,-0.017078271135687828,0.06500591337680817,-0.10848742723464966,0.4129413366317749,0.39843571186065674,0.918519253745452,0.10848742250760687,,
jewel,OT-CFM-unet-s1,thr0.5,"OT-CFM-unet-s1, thr0.5",thr,n1,-0.6239924430847168,1.853577971458435,-0.2954850196838379,0.8777422308921814,0.8265108466148376,0.6638485123651824,0.29570954470844457,,
jewel,OT-CFM-unet-s1,thr0.5,"OT-CFM-unet-s1, thr0.5",thr,zg,-0.007331825132392569,0.12481473795509328,-0.06486207064228362,1.1041919582443074,1.1022852591064591,0.39046283579133545,0.06488389723341544,,
jewel,OT-CFM-unet-s1,thr0.5,"OT-CFM-unet-s1, thr0.5",thr,rg,0.009515406506156694,0.10285447702214592,0.08123387583071087,0.8780778634778924,0.8743121820879661,0.6141748237797108,0.09244271055564075,,
val,OT-CFM-unet-s2,image,OT-CFM-unet-s2,full,et,-1.544880986213684,3.7360525131225586,-0.24002766609191895,0.5804693102836609,0.52851802110672,0.8687488957382095,0.24006797499618876,,
val,OT-CFM-unet-s2,image,OT-CFM-unet-s2,full,mass,0.29663893580436707,1.1445789337158203,0.2202286273241043,0.8497503995895386,0.820716142654419,0.6198626453578142,0.2415063785146137,,
val,OT-CFM-unet-s2,image,OT-CFM-unet-s2,full,girth,0.008677592501044273,0.014825580641627312,0.190475732088089,0.3254258930683136,0.2638579308986664,0.9674964421421727,0.1956568557115992,,
val,OT-CFM-unet-s2,image,OT-CFM-unet-s2,full,ptd,-0.039929360151290894,0.050982389599084854,-0.384737104177475,0.49123796820640564,0.30543753504753113,0.9526898545185074,0.3847371106367898,,
val,OT-CFM-unet-s2,image,OT-CFM-unet-s2,full,core,-0.030244195833802223,0.0626458153128624,-0.12612411379814148,0.26124510169029236,0.22878311574459076,0.9772766856070981,0.14073092841539447,,
val,OT-CFM-unet-s2,image,OT-CFM-unet-s2,full,zlead,-0.02876243181526661,0.04455679655075073,-0.2152354121208191,0.3334279954433441,0.25465258955955505,0.968312386812437,0.21523540740997957,,
val,OT-CFM-unet-s2,image,OT-CFM-unet-s2,full,n1,-0.9186586737632751,2.085218667984009,-0.4154023230075836,0.9429015517234802,0.8464657068252563,0.6233950275841814,0.41550478593805723,,
val,OT-CFM-unet-s2,image,OT-CFM-unet-s2,full,zg,-0.02249379676293099,0.1231839010226816,-0.20021154782431286,1.09642848429357,1.0779938577228019,0.381387788766221,0.20021288234766305,,
val,OT-CFM-unet-s2,image,OT-CFM-unet-s2,full,rg,0.023549705402398508,0.09221383167802732,0.23622498685340168,0.9249886910952698,0.8943164061115342,0.5600002657970421,0.26544706216349084,,
val,OT-CFM-unet-s2,thr0.5,"OT-CFM-unet-s2, thr0.5",thr,et,-3.817115306854248,5.0450592041015625,-0.5764647126197815,0.761910080909729,0.49819216132164,0.8819544362789811,0.5764647336226083,,
val,OT-CFM-unet-s2,thr0.5,"OT-CFM-unet-s2, thr0.5",thr,mass,-0.5854377746582031,1.2459036111831665,-0.4230329394340515,0.9002805948257446,0.7947001457214355,0.6449408023933677,0.42307056692285816,,
val,OT-CFM-unet-s2,thr0.5,"OT-CFM-unet-s2, thr0.5",thr,girth,0.0009237443446181715,0.013354766182601452,0.018536560237407684,0.2679869532585144,0.2673451006412506,0.9638797837841958,0.01967714372921081,,
val,OT-CFM-unet-s2,thr0.5,"OT-CFM-unet-s2, thr0.5",thr,ptd,-0.006861988455057144,0.041167326271533966,-0.06331555545330048,0.3798508644104004,0.37453678250312805,0.9299629413027699,0.06331555716433476,,
val,OT-CFM-unet-s2,thr0.5,"OT-CFM-unet-s2, thr0.5",thr,core,-0.0031131969299167395,0.06005733087658882,-0.011770687066018581,0.22707077860832214,0.2267654985189438,0.974037972384883,0.017230610828983424,,
val,OT-CFM-unet-s2,thr0.5,"OT-CFM-unet-s2, thr0.5",thr,zlead,-0.0015893192030489445,0.04181388393044472,-0.011149768717586994,0.2933426797389984,0.29313069581985474,0.9569409485801459,0.01520223943658297,,
val,OT-CFM-unet-s2,thr0.5,"OT-CFM-unet-s2, thr0.5",thr,n1,-0.9186586737632751,2.085218667984009,-0.4154023230075836,0.9429015517234802,0.8464657068252563,0.6233950275841814,0.41550478593805723,,
val,OT-CFM-unet-s2,thr0.5,"OT-CFM-unet-s2, thr0.5",thr,zg,-0.008090712248278169,0.12141260275154143,-0.07057695048507641,1.0591071576527018,1.0567529822297226,0.44024482120415187,0.0709757942771509,,
val,OT-CFM-unet-s2,thr0.5,"OT-CFM-unet-s2, thr0.5",thr,rg,-0.005183382199819697,0.08937479364707986,-0.049704052822775686,0.857025257487989,0.8555827248754759,0.6201220762729897,0.05002479274928933,,
jewel,OT-CFM-unet-s2,image,OT-CFM-unet-s2,full,et,-0.06588438898324966,3.3562874794006348,-0.006843171082437038,0.34860533475875854,0.34853819012641907,0.9387000623635199,0.02465548526259839,,
jewel,OT-CFM-unet-s2,image,OT-CFM-unet-s2,full,mass,0.7419028282165527,1.303435206413269,0.562075138092041,0.9874992966651917,0.8119275569915771,0.6691537494209541,0.5623055184823625,,
jewel,OT-CFM-unet-s2,image,OT-CFM-unet-s2,full,girth,0.012716683559119701,0.02039906568825245,0.2500672936439514,0.4011375308036804,0.3136521577835083,0.9532402681118813,0.2625933486720141,,
jewel,OT-CFM-unet-s2,image,OT-CFM-unet-s2,full,ptd,-0.0646120086312294,0.07945530861616135,-0.5538818836212158,0.6811250448226929,0.39641669392585754,0.9181288751319746,0.5538819285055914,,
jewel,OT-CFM-unet-s2,image,OT-CFM-unet-s2,full,core,-0.04447057843208313,0.08576039969921112,-0.16740895807743073,0.322843998670578,0.2760480046272278,0.9675557306403209,0.19575082117017473,,
jewel,OT-CFM-unet-s2,image,OT-CFM-unet-s2,full,zlead,-0.05351715907454491,0.0733020082116127,-0.3597294092178345,0.492718368768692,0.33669888973236084,0.942729480823627,0.3597293945600777,,
jewel,OT-CFM-unet-s2,image,OT-CFM-unet-s2,full,n1,-0.6807729005813599,1.866356372833252,-0.32237282395362854,0.8837933540344238,0.82290118932724,0.6664612922121906,0.32259733360657383,,
jewel,OT-CFM-unet-s2,image,OT-CFM-unet-s2,full,zg,-0.019263703934428687,0.12613667869246864,-0.17438404736705143,1.1418481423251976,1.1284535365514128,0.3256873979854441,0.1743852947069621,,
jewel,OT-CFM-unet-s2,image,OT-CFM-unet-s2,full,rg,0.03860384113711887,0.10671981681267317,0.3410573816380754,0.9428486963704731,0.8790014372443771,0.5646280398813415,0.39322263023100673,,
jewel,OT-CFM-unet-s2,thr0.5,"OT-CFM-unet-s2, thr0.5",thr,et,-2.6230671405792236,4.136255741119385,-0.2715727686882019,0.42823702096939087,0.33111196756362915,0.9448977921248178,0.2716071396194455,,
jewel,OT-CFM-unet-s2,thr0.5,"OT-CFM-unet-s2, thr0.5",thr,mass,-0.20669814944267273,1.0930687189102173,-0.15867498517036438,0.8391108512878418,0.8239716291427612,0.6487685810020497,0.15870261150658838,,
jewel,OT-CFM-unet-s2,thr0.5,"OT-CFM-unet-s2, thr0.5",thr,girth,0.0040393248200416565,0.018547940999269485,0.0721612274646759,0.33135294914245605,0.32339999079704285,0.946623171467137,0.07339193860193052,,
jewel,OT-CFM-unet-s2,thr0.5,"OT-CFM-unet-s2, thr0.5",thr,ptd,-0.018910124897956848,0.061907652765512466,-0.15811948478221893,0.5176489949226379,0.49290841817855835,0.8753705333995367,0.15811948863622644,,
jewel,OT-CFM-unet-s2,thr0.5,"OT-CFM-unet-s2, thr0.5",thr,core,-0.01390246395021677,0.0808703675866127,-0.04715980961918831,0.27432772517204285,0.27024367451667786,0.962791986608149,0.05394069575787706,,
jewel,OT-CFM-unet-s2,thr0.5,"OT-CFM-unet-s2, thr0.5",thr,zlead,-0.015440024435520172,0.06465132534503937,-0.09808068722486496,0.4106888771057129,0.3988051414489746,0.9186019791311103,0.0980806757872359,,
jewel,OT-CFM-unet-s2,thr0.5,"OT-CFM-unet-s2, thr0.5",thr,n1,-0.6807729005813599,1.866356372833252,-0.32237282395362854,0.8837933540344238,0.82290118932724,0.6664612922121906,0.32259733360657383,,
jewel,OT-CFM-unet-s2,thr0.5,"OT-CFM-unet-s2, thr0.5",thr,zg,-0.006324420127314632,0.12476498844037573,-0.05594934007809007,1.103740521275823,1.102321554561577,0.3895866256388189,0.05597593938683161,,
jewel,OT-CFM-unet-s2,thr0.5,"OT-CFM-unet-s2, thr0.5",thr,rg,0.007649794178231797,0.10201325189671769,0.06530080584170118,0.87081395919699,0.8683621112696944,0.6190983337392216,0.07594114530239197,,
val,OT-CFM-uvcgan-s0,image,OT-CFM-uvcgan-s0,full,et,-2.180328607559204,3.9974312782287598,-0.3387569487094879,0.6210796236991882,0.5205608606338501,0.8700217554023733,0.33879189289565376,,
val,OT-CFM-uvcgan-s0,image,OT-CFM-uvcgan-s0,full,mass,0.14897537231445312,1.1043089628219604,0.1106012687087059,0.8198534250259399,0.8123589754104614,0.6206289232871033,0.1754218479689894,,
val,OT-CFM-uvcgan-s0,image,OT-CFM-uvcgan-s0,full,girth,0.008138378150761127,0.014372183009982109,0.17863981425762177,0.3154737055301666,0.26002204418182373,0.9679843947395458,0.18329724272651132,,
val,OT-CFM-uvcgan-s0,image,OT-CFM-uvcgan-s0,full,ptd,-0.03632305935025215,0.047994960099458694,-0.34998881816864014,0.46245276927948,0.30227530002593994,0.9535051177071864,0.3499888260360929,,
val,OT-CFM-uvcgan-s0,image,OT-CFM-uvcgan-s0,full,core,-0.028076818212866783,0.06062595546245575,-0.11708572506904602,0.2528218924999237,0.2240755259990692,0.9775837884382355,0.1301424355397149,,
val,OT-CFM-uvcgan-s0,image,OT-CFM-uvcgan-s0,full,zlead,-0.02535264566540718,0.04214714094996452,-0.18971924483776093,0.3153960406780243,0.25195491313934326,0.9686749962835096,0.18971925812249962,,
val,OT-CFM-uvcgan-s0,image,OT-CFM-uvcgan-s0,full,n1,-1.1001472473144531,2.175098180770874,-0.4974684715270996,0.9835436344146729,0.8484593033790588,0.6120235129094023,0.4974684966396836,,
val,OT-CFM-uvcgan-s0,image,OT-CFM-uvcgan-s0,full,zg,-0.02228057492836441,0.12200877578297822,-0.19829733218185017,1.0858792835609363,1.0676197761920547,0.3915590860268366,0.198297824173984,,
val,OT-CFM-uvcgan-s0,image,OT-CFM-uvcgan-s0,full,rg,0.021964214804174695,0.09180313908050906,0.2203173341876564,0.9208534451426023,0.8941092437098747,0.5629536609761808,0.25043458267940655,,
val,OT-CFM-uvcgan-s0,thr0.5,"OT-CFM-uvcgan-s0, thr0.5",thr,et,-4.414839744567871,5.479112148284912,-0.6667336821556091,0.8274611830711365,0.4900595545768738,0.8833890493981433,0.6667336017893347,,
val,OT-CFM-uvcgan-s0,thr0.5,"OT-CFM-uvcgan-s0, thr0.5",thr,mass,-0.7246377468109131,1.3063981533050537,-0.5236178040504456,0.9439935088157654,0.7854604721069336,0.646939280301675,0.5236195939394103,,
val,OT-CFM-uvcgan-s0,thr0.5,"OT-CFM-uvcgan-s0, thr0.5",thr,girth,0.00011614264076342806,0.013325782492756844,0.00233060703612864,0.26740533113479614,0.2673951983451843,0.9641557107029162,0.010358020918480822,,
val,OT-CFM-uvcgan-s0,thr0.5,"OT-CFM-uvcgan-s0, thr0.5",thr,ptd,-0.0013438332825899124,0.04057485610246658,-0.01239954773336649,0.3743841350078583,0.37417876720428467,0.9305975016312886,0.019451951629526527,,
val,OT-CFM-uvcgan-s0,thr0.5,"OT-CFM-uvcgan-s0, thr0.5",thr,core,0.00012552121188491583,0.06014642491936684,0.0004745831829495728,0.22740763425827026,0.22740712761878967,0.9741384705365459,0.017886274799488042,,
val,OT-CFM-uvcgan-s0,thr0.5,"OT-CFM-uvcgan-s0, thr0.5",thr,zlead,0.003451962722465396,0.04205134138464928,0.0242170263081789,0.2950085401535034,0.2940129041671753,0.9570631900835262,0.028940911207012775,,
val,OT-CFM-uvcgan-s0,thr0.5,"OT-CFM-uvcgan-s0, thr0.5",thr,n1,-1.1001472473144531,2.175098180770874,-0.4974684715270996,0.9835436344146729,0.8484593033790588,0.6120235129094023,0.4974684966396836,,
val,OT-CFM-uvcgan-s0,thr0.5,"OT-CFM-uvcgan-s0, thr0.5",thr,zg,-0.006856092715327093,0.12053086617181527,-0.05980673441890217,1.0514089878485675,1.0497066324678033,0.4474190937566244,0.06024004396075603,,
val,OT-CFM-uvcgan-s0,thr0.5,"OT-CFM-uvcgan-s0, thr0.5",thr,rg,-0.008111212479144467,0.08930792232231188,-0.07777665076873083,0.8563542261040648,0.8528149583359161,0.6225771289730457,0.07780785582491116,,
jewel,OT-CFM-uvcgan-s0,image,OT-CFM-uvcgan-s0,full,et,-0.6328192949295044,3.367021322250366,-0.06572863459587097,0.34972020983695984,0.3434879779815674,0.9398541889283765,0.06596210148344955,,
jewel,OT-CFM-uvcgan-s0,image,OT-CFM-uvcgan-s0,full,mass,0.6130324602127075,1.221539855003357,0.46444129943847656,0.925454318523407,0.8004748821258545,0.6700556836636843,0.46561355859312126,,
jewel,OT-CFM-uvcgan-s0,image,OT-CFM-uvcgan-s0,full,girth,0.012276427820324898,0.019991859793663025,0.24140986800193787,0.39313003420829773,0.3102780878543854,0.9537773077745014,0.2534037526908235,,
jewel,OT-CFM-uvcgan-s0,image,OT-CFM-uvcgan-s0,full,ptd,-0.06095732003450394,0.07631220668554306,-0.5225523710250854,0.6541810631752014,0.39356306195259094,0.9193066697780212,0.5225523364575483,,
jewel,OT-CFM-uvcgan-s0,image,OT-CFM-uvcgan-s0,full,core,-0.04261231794953346,0.0837356299161911,-0.16041356325149536,0.31522175669670105,0.271352618932724,0.9679566101717674,0.18700444425328236,,
jewel,OT-CFM-uvcgan-s0,image,OT-CFM-uvcgan-s0,full,zlead,-0.049976833164691925,0.07043464481830597,-0.335932195186615,0.4734446406364441,0.33361566066741943,0.9435459379888572,0.3359321876330325,,
jewel,OT-CFM-uvcgan-s0,image,OT-CFM-uvcgan-s0,full,n1,-0.8213608264923096,1.9084362983703613,-0.3889467418193817,0.9037198424339294,0.81573885679245,0.6645170971380215,0.38894674170174887,,
jewel,OT-CFM-uvcgan-s0,image,OT-CFM-uvcgan-s0,full,zg,-0.019863624195572513,0.12678290009179902,-0.17980434452704055,1.1476312692889303,1.1334583926809674,0.32101936376064566,0.17980481873591686,,
jewel,OT-CFM-uvcgan-s0,image,OT-CFM-uvcgan-s0,full,rg,0.03784749300641054,0.10619258033206405,0.33432359841545584,0.9380458984594999,0.8764461416192277,0.5699758653529318,0.38575110104380206,,
jewel,OT-CFM-uvcgan-s0,thr0.5,"OT-CFM-uvcgan-s0, thr0.5",thr,et,-3.137570858001709,4.445060729980469,-0.32484063506126404,0.46020838618278503,0.3259912431240082,0.9459913940125833,0.3248474046975022,,
jewel,OT-CFM-uvcgan-s0,thr0.5,"OT-CFM-uvcgan-s0, thr0.5",thr,mass,-0.32280460000038147,1.1076092720031738,-0.2478058636188507,0.8502731323242188,0.8133612275123596,0.6485708321468862,0.24780587134315693,,
jewel,OT-CFM-uvcgan-s0,thr0.5,"OT-CFM-uvcgan-s0, thr0.5",thr,girth,0.003294890047982335,0.01845397800207138,0.05886214226484299,0.3296743333339691,0.3243769705295563,0.9466386653001587,0.05968724027346381,,
jewel,OT-CFM-uvcgan-s0,thr0.5,"OT-CFM-uvcgan-s0, thr0.5",thr,ptd,-0.012323870323598385,0.0611020028591156,-0.10304766148328781,0.5109124183654785,0.5004125237464905,0.8721691008816769,0.10304765901452356,,
jewel,OT-CFM-uvcgan-s0,thr0.5,"OT-CFM-uvcgan-s0, thr0.5",thr,core,-0.01096593588590622,0.08046779036521912,-0.03719854727387428,0.2729620933532715,0.2704155743122101,0.9628158250413558,0.04074846093537659,,
jewel,OT-CFM-uvcgan-s0,thr0.5,"OT-CFM-uvcgan-s0, thr0.5",thr,zlead,-0.00921974703669548,0.06458211690187454,-0.05856720730662346,0.4102492332458496,0.40604719519615173,0.9160713544074888,0.05856720821346132,,
jewel,OT-CFM-uvcgan-s0,thr0.5,"OT-CFM-uvcgan-s0, thr0.5",thr,n1,-0.8213608264923096,1.9084362983703613,-0.3889467418193817,0.9037198424339294,0.81573885679245,0.6645170971380215,0.38894674170174887,,
jewel,OT-CFM-uvcgan-s0,thr0.5,"OT-CFM-uvcgan-s0, thr0.5",thr,zg,-0.0063570131203218245,0.12413649462873806,-0.05624426769682131,1.0983092377966182,1.0968681617134473,0.3976908692754325,0.05626383471857962,,
jewel,OT-CFM-uvcgan-s0,thr0.5,"OT-CFM-uvcgan-s0, thr0.5",thr,rg,0.005331995727790221,0.10233085978996576,0.04552510985269113,0.873711058877617,0.8725241995371515,0.6172167990483126,0.055035739669624266,,
val,UVCGAN-S,image,UVCGAN-S,full,et,-2.0052850246429443,3.9570536613464355,-0.3115604817867279,0.6148061752319336,0.5300157070159912,0.8715348701846604,0.31168145614465875,,
val,UVCGAN-S,image,UVCGAN-S,full,mass,-0.8955075740814209,1.4305317401885986,-0.6648365259170532,1.0620454549789429,0.828210711479187,0.661007736456907,0.6648365560480377,,
val,UVCGAN-S,image,UVCGAN-S,full,girth,-0.00424220459535718,0.012920321896672249,-0.09311765432357788,0.2836049199104309,0.2678821384906769,0.9669387178981924,0.09802630243795431,,
val,UVCGAN-S,image,UVCGAN-S,full,ptd,0.01963013969361782,0.04238869249820709,0.18914511799812317,0.4084338843822479,0.36199772357940674,0.9397049090497969,0.18914670055790567,,
val,UVCGAN-S,image,UVCGAN-S,full,core,0.013357073999941349,0.056386712938547134,0.055701564997434616,0.23514343798160553,0.22845080494880676,0.9762950577713226,0.06437482908194728,,
val,UVCGAN-S,image,UVCGAN-S,full,zlead,0.017308397218585014,0.04278787970542908,0.1295224279165268,0.32019081711769104,0.29282432794570923,0.9605514986855517,0.1295232147911674,,
val,UVCGAN-S,image,UVCGAN-S,full,n1,-0.5125184059143066,1.902042031288147,-0.2317523956298828,0.860072135925293,0.8282601237297058,0.652862910706579,0.23185484664722564,,
val,UVCGAN-S,image,UVCGAN-S,full,zg,0.009827625960114206,0.12338540486103595,0.08746190375640644,1.0980802941319678,1.0945915894763005,0.4088182570466385,0.0874945086214293,,
val,UVCGAN-S,image,UVCGAN-S,full,rg,-0.02319990952565907,0.08881552622843056,-0.23331569124678694,0.8931955477030997,0.8621844783192714,0.5970941693950685,0.23331569124678703,,
val,UVCGAN-S,thr0.5,"UVCGAN-S, thr0.5",thr,et,-1.453346610069275,3.637338399887085,-0.21948590874671936,0.5493146181106567,0.5035598278045654,0.8824598876969993,0.21966392119783998,,
val,UVCGAN-S,thr0.5,"UVCGAN-S, thr0.5",thr,mass,-0.638764500617981,1.2881137132644653,-0.46156641840934753,0.9307813048362732,0.8082761168479919,0.6607637833716775,0.46157145853107695,,
val,UVCGAN-S,thr0.5,"UVCGAN-S, thr0.5",thr,girth,-0.002912864089012146,0.014483184553682804,-0.058451756834983826,0.29063063859939575,0.28469204902648926,0.9612158890822614,0.06276569482407825,,
val,UVCGAN-S,thr0.5,"UVCGAN-S, thr0.5",thr,ptd,0.01607477478682995,0.047948356717824936,0.14832192659378052,0.4424194097518921,0.41681599617004395,0.9185666591551421,0.14938919906225165,,
val,UVCGAN-S,thr0.5,"UVCGAN-S, thr0.5",thr,core,0.0085136154666543,0.06270194053649902,0.032189130783081055,0.23706978559494019,0.23487432301044464,0.9738559021752285,0.041010160594941836,,
val,UVCGAN-S,thr0.5,"UVCGAN-S, thr0.5",thr,zlead,0.014786411076784134,0.04962354898452759,0.1037331372499466,0.34813088178634644,0.33231696486473083,0.9479392285089907,0.10405021402166008,,
val,UVCGAN-S,thr0.5,"UVCGAN-S, thr0.5",thr,n1,-0.5125184059143066,1.902042031288147,-0.2317523956298828,0.860072135925293,0.8282601237297058,0.652862910706579,0.23185484664722564,,
val,UVCGAN-S,thr0.5,"UVCGAN-S, thr0.5",thr,zg,0.006753278446352786,0.11968275865584815,0.05891100455173647,1.0440309245277533,1.042367528711913,0.4571842021371672,0.05893306418964063,,
val,UVCGAN-S,thr0.5,"UVCGAN-S, thr0.5",thr,rg,-0.01654784506406245,0.08824789578513553,-0.15902493151898103,0.8480630275178646,0.8330197895597378,0.62309656687876,0.15902493151898098,,
jewel,UVCGAN-S,image,UVCGAN-S,full,et,-1.2007938623428345,4.104465961456299,-0.12472207844257355,0.42631590366363525,0.40766364336013794,0.9248480279260963,0.12514230704990095,,
jewel,UVCGAN-S,image,UVCGAN-S,full,mass,-0.6212356686592102,1.3235836029052734,-0.470656156539917,1.0027639865875244,0.885448157787323,0.6414755826466347,0.4707870587232715,,
jewel,UVCGAN-S,image,UVCGAN-S,full,girth,-0.0025682614650577307,0.017156606540083885,-0.05050358921289444,0.3373761773109436,0.33357471227645874,0.9480100743288791,0.06850501755091426,,
jewel,UVCGAN-S,image,UVCGAN-S,full,ptd,0.018252413719892502,0.06970974057912827,0.15646754205226898,0.5975818634033203,0.5767338871955872,0.8447401025924983,0.15662056411249403,,
jewel,UVCGAN-S,image,UVCGAN-S,full,core,0.007972586899995804,0.0726577490568161,0.03001270815730095,0.27351921796798706,0.2718676030635834,0.9649583596026311,0.04216480730300529,,
jewel,UVCGAN-S,image,UVCGAN-S,full,zlead,0.0168796144425869,0.07648767530918121,0.11346068978309631,0.5141316652297974,0.5014559626579285,0.8821405558118633,0.1135432223386308,,
jewel,UVCGAN-S,image,UVCGAN-S,full,n1,-0.26920342445373535,1.846882939338684,-0.1274784356355667,0.8745719194412231,0.8652313351631165,0.6651191235230958,0.12848882836705192,,
jewel,UVCGAN-S,image,UVCGAN-S,full,zg,0.007834292819655872,0.1282485633082197,0.0709702116632022,1.1617931436836115,1.1596234465406128,0.33929226380906313,0.07125340383826521,,
jewel,UVCGAN-S,image,UVCGAN-S,full,rg,-0.020557195873711243,0.10180135088946299,-0.1823194937293899,0.9028649077022253,0.8842650302745252,0.5638807703663953,0.18280261038477938,,
jewel,UVCGAN-S,thr0.5,"UVCGAN-S, thr0.5",thr,et,-0.7363905310630798,3.722609519958496,-0.07624037563800812,0.38541117310523987,0.37779515981674194,0.9347806015233016,0.07701232641201981,,
jewel,UVCGAN-S,thr0.5,"UVCGAN-S, thr0.5",thr,mass,-0.3802010416984558,1.2036962509155273,-0.29186710715293884,0.9240357279777527,0.8767301440238953,0.6314173704841196,0.2919737115273966,,
jewel,UVCGAN-S,thr0.5,"UVCGAN-S, thr0.5",thr,girth,-0.004021049942821264,0.032308291643857956,-0.0718347504734993,0.5771771669387817,0.572689414024353,0.8512207314444348,0.08463227745985547,,
jewel,UVCGAN-S,thr0.5,"UVCGAN-S, thr0.5",thr,ptd,0.01123214140534401,0.09898929297924042,0.09391902387142181,0.8277119398117065,0.8223663568496704,0.7425403497021476,0.1602702111260913,,
jewel,UVCGAN-S,thr0.5,"UVCGAN-S, thr0.5",thr,core,-4.173014895059168e-05,0.09538929909467697,-0.00014155662211123854,0.32357871532440186,0.32357868552207947,0.9498049284925213,0.02897366337984143,,
jewel,UVCGAN-S,thr0.5,"UVCGAN-S, thr0.5",thr,zlead,0.013248900882899761,0.10402089357376099,0.08416186273097992,0.6607787609100342,0.6553970575332642,0.8186883778484736,0.11344139471419054,,
jewel,UVCGAN-S,thr0.5,"UVCGAN-S, thr0.5",thr,n1,-0.26920342445373535,1.846882939338684,-0.1274784356355667,0.8745719194412231,0.8652313351631165,0.6651191235230958,0.12848882836705192,,
jewel,UVCGAN-S,thr0.5,"UVCGAN-S, thr0.5",thr,zg,0.005185668696077446,0.12351993810279167,0.04594177051996011,1.0943091399669669,1.0933443407896406,0.4142630702427251,0.046142584892109845,,
jewel,UVCGAN-S,thr0.5,"UVCGAN-S, thr0.5",thr,rg,-0.014079904546627236,0.1026690530024717,-0.122004443762733,0.8896424447858681,0.8812369688493116,0.5628559621257301,0.12205078146045306,,
val,regress_mse-jets,image,regress_mse-jets,full,et,-1.7264710664749146,3.7271695137023926,-0.2682412564754486,0.5790891647338867,0.5132161974906921,0.8719643067066422,0.2683653536072263,,
val,regress_mse-jets,image,regress_mse-jets,full,mass,-0.7520368099212646,1.2842761278152466,-0.5583219528198242,0.9534634351730347,0.7728965282440186,0.6421705511081139,0.5583219549917255,,
val,regress_mse-jets,image,regress_mse-jets,full,girth,-0.003258791286498308,0.011493043974041939,-0.07153143733739853,0.2522757351398468,0.24192208051681519,0.970942864207107,0.0726265741912751,,
val,regress_mse-jets,image,regress_mse-jets,full,ptd,0.0035194160882383585,0.03223228454589844,0.03391113877296448,0.31057238578796387,0.30871546268463135,0.9548107503950137,0.0557274993260888,,
val,regress_mse-jets,image,regress_mse-jets,full,core,0.00969025306403637,0.05029985308647156,0.04041021689772606,0.20976005494594574,0.20583073794841766,0.9792043338312264,0.04355980093376156,,
val,regress_mse-jets,image,regress_mse-jets,full,zlead,0.010210498236119747,0.035216353833675385,0.07640733569860458,0.26353147625923157,0.2522117495536804,0.9688258134404729,0.07774686800954342,,
val,regress_mse-jets,image,regress_mse-jets,full,n1,-1.4086326360702515,2.3296377658843994,-0.636960506439209,1.0534238815307617,0.8390370011329651,0.6044988730958205,0.6369604867900142,,
val,regress_mse-jets,image,regress_mse-jets,full,zg,0.009686306764848166,0.12603427349274995,0.0861904503267208,1.1214749906913037,1.1181580214882583,0.39161507493005576,0.08642673031355828,,
val,regress_mse-jets,image,regress_mse-jets,full,rg,-0.03865235612377973,0.09307600675321183,-0.3887421571006143,0.9361025114144246,0.8515676409828841,0.5720034682057765,0.3887421571006143,,
val,regress_mse-jets,thr0.5,"regress_mse-jets, thr0.5",thr,et,-3.468816041946411,4.852327823638916,-0.523864209651947,0.7328035831451416,0.5124133825302124,0.8773417066125171,0.5238869518006738,,
val,regress_mse-jets,thr0.5,"regress_mse-jets, thr0.5",thr,mass,-1.4423943758010864,1.829246997833252,-1.042263388633728,1.3218001127243042,0.8129222989082336,0.6008060665288284,1.0422633949044051,,
val,regress_mse-jets,thr0.5,"regress_mse-jets, thr0.5",thr,girth,-0.009827254340052605,0.019027534872293472,-0.1972011923789978,0.38182106614112854,0.326954185962677,0.9549345956214353,0.20518084359499644,,
val,regress_mse-jets,thr0.5,"regress_mse-jets, thr0.5",thr,ptd,0.037569284439086914,0.06140245869755745,0.34665173292160034,0.5665603876113892,0.44813308119773865,0.9090246954569934,0.3492308679590547,,
val,regress_mse-jets,thr0.5,"regress_mse-jets, thr0.5",thr,core,0.03440268710255623,0.07882049679756165,0.13007313013076782,0.2980124354362488,0.26812759041786194,0.9721230233052116,0.14667341044015791,,
val,regress_mse-jets,thr0.5,"regress_mse-jets, thr0.5",thr,zlead,0.03833818435668945,0.06448202580213547,0.268959105014801,0.4523696005344391,0.36372968554496765,0.9404748133242177,0.26976563306245976,,
val,regress_mse-jets,thr0.5,"regress_mse-jets, thr0.5",thr,n1,-1.4086326360702515,2.3296377658843994,-0.636960506439209,1.0534238815307617,0.8390370011329651,0.6044988730958205,0.6369604867900142,,
val,regress_mse-jets,thr0.5,"regress_mse-jets, thr0.5",thr,zg,0.017489832367679824,0.12751882534747766,0.15259573533339357,1.112579498400894,1.1020651894602451,0.40509086383363246,0.15259695230816436,,
val,regress_mse-jets,thr0.5,"regress_mse-jets, thr0.5",thr,rg,-0.04661613495869004,0.10093579198241837,-0.4487401969791974,0.9716366922435759,0.8618062991932168,0.5558406454550832,0.44874527484317384,,
jewel,regress_mse-jets,image,regress_mse-jets,full,et,-0.486642062664032,4.023042678833008,-0.05054573714733124,0.4178587794303894,0.41479042172431946,0.9201686053106545,0.10529514759275606,,
jewel,regress_mse-jets,image,regress_mse-jets,full,mass,-0.3049984872341156,1.1335070133209229,-0.23107078671455383,0.8587595224380493,0.8270878195762634,0.621988387020921,0.2576289653368299,,
jewel,regress_mse-jets,image,regress_mse-jets,full,girth,0.0005776717443950474,0.014464620500802994,0.011359629221260548,0.2844395935535431,0.2842126786708832,0.9588785807616397,0.026095593649858098,,
jewel,regress_mse-jets,image,regress_mse-jets,full,ptd,-0.023274444043636322,0.05482206866145134,-0.19951853156089783,0.4699583351612091,0.4255034625530243,0.9146571291102864,0.19951855222236195,,
jewel,regress_mse-jets,image,regress_mse-jets,full,core,-0.004108702763915062,0.06357071548700333,-0.015467162244021893,0.23931118845939636,0.23881082236766815,0.9710716909722134,0.0378840478916407,,
jewel,regress_mse-jets,image,regress_mse-jets,full,zlead,-0.014205205254256725,0.05266256630420685,-0.09548395127058029,0.3539850413799286,0.3408639430999756,0.9418706550226549,0.09548395898309235,,
jewel,regress_mse-jets,image,regress_mse-jets,full,n1,-1.0324798822402954,2.049297571182251,-0.4889199435710907,0.9704232215881348,0.838259220123291,0.651007731044249,0.48891991921232963,,
jewel,regress_mse-jets,image,regress_mse-jets,full,zg,0.0030166264062431187,0.12847796213464344,0.027304913713992712,1.1629148584577282,1.1625942584190023,0.3411936563120436,0.03368850294370696,,
jewel,regress_mse-jets,image,regress_mse-jets,full,rg,-0.029043608086860042,0.09747355920113804,-0.25688236678660126,0.8621256185463584,0.8229653891799187,0.5937224632302891,0.25688236678660126,,
jewel,regress_mse-jets,thr0.5,"regress_mse-jets, thr0.5",thr,et,-2.373995542526245,4.384254455566406,-0.24578575789928436,0.4539129436016083,0.3816101849079132,0.9345444766877785,0.2459126037926567,,
jewel,regress_mse-jets,thr0.5,"regress_mse-jets, thr0.5",thr,mass,-1.013277292251587,1.473968505859375,-0.7778577208518982,1.131514310836792,0.8217432498931885,0.6105979772734123,0.777857680857563,,
jewel,regress_mse-jets,thr0.5,"regress_mse-jets, thr0.5",thr,girth,-0.012382610701024532,0.04126487672328949,-0.22121132910251617,0.7371836304664612,0.703210711479187,0.7951084602337153,0.23412893007641863,,
jewel,regress_mse-jets,thr0.5,"regress_mse-jets, thr0.5",thr,ptd,0.02449639141559601,0.11524070799350739,0.20482979714870453,0.9636003375053406,0.9415786862373352,0.6925743493066047,0.3213829715805414,,
jewel,regress_mse-jets,thr0.5,"regress_mse-jets, thr0.5",thr,core,0.01948256604373455,0.10661699622869492,0.06608857959508896,0.36166518926620483,0.3555755913257599,0.9463095791567449,0.11110667288628959,,
jewel,regress_mse-jets,thr0.5,"regress_mse-jets, thr0.5",thr,zlead,0.029840268194675446,0.11709345877170563,0.1895563006401062,0.7438204884529114,0.7192615866661072,0.7920704493411043,0.23597772165472725,,
jewel,regress_mse-jets,thr0.5,"regress_mse-jets, thr0.5",thr,n1,-1.0324798822402954,2.049297571182251,-0.4889199435710907,0.9704232215881348,0.838259220123291,0.651007731044249,0.48891991921232963,,
jewel,regress_mse-jets,thr0.5,"regress_mse-jets, thr0.5",thr,zg,0.01577889431057448,0.1273639289397607,0.14007782459866355,1.1306788515760644,1.1219683010036752,0.39776674981648963,0.1400782652834578,,
jewel,regress_mse-jets,thr0.5,"regress_mse-jets, thr0.5",thr,rg,-0.04449666291929813,0.11055837525366612,-0.38967539077440977,0.9682046979229006,0.8863258017821587,0.5058900232552297,0.3896863695224779,,
val,condCFM,sample,"condCFM, sample",full,et,-2.1960983276367188,4.9725341796875,-0.3412070870399475,0.7725810408592224,0.6931516528129578,0.7881194436334648,0.3416646533908874,,
val,condCFM,sample,"condCFM, sample",full,mass,-0.995751678943634,1.7062299251556396,-0.7392590641975403,1.2667274475097656,1.0286372900009155,0.4620084786017175,0.7392590852565247,,
val,condCFM,sample,"condCFM, sample",full,girth,-0.004025239497423172,0.016860481351614,-0.08835520595312119,0.37009257078170776,0.3593909740447998,0.9404500815760858,0.09988071236644246,,
val,condCFM,sample,"condCFM, sample",full,ptd,0.022475715726614,0.05419503152370453,0.21656350791454315,0.522193193435669,0.47516942024230957,0.8949950452432189,0.21657777684589796,,
val,condCFM,sample,"condCFM, sample",full,core,0.012849010527133942,0.07485760748386383,0.05358284339308739,0.3121706247329712,0.30753758549690247,0.9566195893466376,0.06841426841378909,,
val,condCFM,sample,"condCFM, sample",full,zlead,0.02089429274201393,0.05773891136050224,0.15635643899440765,0.43207257986068726,0.40278947353363037,0.9245885237185846,0.15638733398733898,,
val,condCFM,sample,"condCFM, sample",full,n1,-0.6532230377197266,2.2346742153167725,-0.295376718044281,1.010482907295227,0.9663479924201965,0.5252067896606069,0.295376722440986,,
val,condCFM,sample,"condCFM, sample",full,zg,0.011978549374156648,0.1338882801872973,0.10658075262151426,1.1912889636160136,1.1865116678751824,0.3095638030021725,0.10668667013099341,,
val,condCFM,sample,"condCFM, sample",full,rg,-0.029470081754331058,0.09884256772803607,-0.2964752544572976,0.9943771334830267,0.9491513615269178,0.49274800172229793,0.29647525445729755,,
val,condCFM,mean-image,"condCFM, mean-image",full,et,-2.181659698486328,3.940013885498047,-0.3389637768268585,0.6121587157249451,0.509746789932251,0.8701824440375365,0.3390000616981337,,
val,condCFM,mean-image,"condCFM, mean-image",full,mass,-0.8884611129760742,1.3756000995635986,-0.6596051454544067,1.0212634801864624,0.7796796560287476,0.6335139338556477,0.6596051480880705,,
val,condCFM,mean-image,"condCFM, mean-image",full,girth,-0.003915057517588139,0.012006480246782303,-0.08593668043613434,0.26354581117630005,0.24914108216762543,0.969595578678318,0.08740956648957911,,
val,condCFM,mean-image,"condCFM, mean-image",full,ptd,0.00923688430339098,0.0334671288728714,0.08900148421525955,0.32247063517570496,0.3099452555179596,0.9546190740874092,0.09128582754585934,,
val,condCFM,mean-image,"condCFM, mean-image",full,core,0.012059392407536507,0.05241880938410759,0.05028998479247093,0.21859650313854218,0.21273306012153625,0.9782575442373243,0.054357306294238864,,
val,condCFM,mean-image,"condCFM, mean-image",full,zlead,0.01460560504347086,0.03738453611731529,0.10929685831069946,0.27975645661354065,0.2575225234031677,0.9679213074396328,0.1096412061930864,,
val,condCFM,mean-image,"condCFM, mean-image",full,n1,-1.410445213317871,2.314709186553955,-0.6377801299095154,1.0466734170913696,0.8299168348312378,0.608797332683292,0.6377801238970304,,
val,condCFM,mean-image,"condCFM, mean-image",full,zg,0.010066301642960067,0.12901297133566614,0.0895738159781172,1.148006940691367,1.144507084891426,0.3654464711033248,0.08969360646491976,,
val,condCFM,mean-image,"condCFM, mean-image",full,rg,-0.03948057167981825,0.09411665025184279,-0.39743938099045395,0.9474448222366686,0.8600544341034453,0.5650243938574322,0.39743938099045406,,
val,condCFM,mean-obs,"condCFM, mean-obs",full,et,-2.178335666656494,3.9381439685821533,-0.33844733238220215,0.6118682026863098,0.5097411274909973,0.8701821941869232,0.3384837808670577,0.5417469128809335,0.21122587206512503
val,condCFM,mean-obs,"condCFM, mean-obs",full,mass,-0.9875088334083557,1.4515329599380493,-0.7331395149230957,1.0776370763778687,0.7898153066635132,0.6214348546683923,0.7331394638528625,0.4383142630565311,0.25811183091281575
val,condCFM,mean-obs,"condCFM, mean-obs",full,girth,-0.004141077399253845,0.01230399589985609,-0.09089788049459457,0.27007636427879333,0.25432032346725464,0.9686568442290098,0.09293421603980971,0.6030361391186133,0.3133629181462042
val,condCFM,mean-obs,"condCFM, mean-obs",full,ptd,0.02202010154724121,0.040034111589193344,0.2121734619140625,0.38574644923210144,0.3221533000469208,0.9478174349508185,0.21240775606070378,0.5461651750311544,0.478214829541635
val,condCFM,mean-obs,"condCFM, mean-obs",full,core,0.013066268526017666,0.053548719733953476,0.05448885262012482,0.22330845892429352,0.21655860543251038,0.9777878913283116,0.06052162069972343,0.6305653109776821,0.28011703475559063
val,condCFM,mean-obs,"condCFM, mean-obs",full,zlead,0.020346779376268387,0.04140830785036087,0.15225929021835327,0.3098672032356262,0.26987922191619873,0.9639279549760097,0.15244709361100245,0.5867225557947208,0.5129134382502857
val,condCFM,mean-obs,"condCFM, mean-obs",full,n1,-0.6418800354003906,1.715503454208374,-0.2902475893497467,0.7757224440574646,0.7193758487701416,0.6960359632082468,0.32001065955576397,0.5879220484930886,0.18223036498678852
val,condCFM,mean-obs,"condCFM, mean-obs",full,zg,0.011045289554202215,0.09820611884910356,0.09829614136958803,0.8739727912408982,0.8684274917465804,0.5098466590011212,0.3658171052589493,0.6218065693430657,0.4322792179535546
val,condCFM,mean-obs,"condCFM, mean-obs",full,rg,-0.02982508329485177,0.08194578801151446,-0.29897714785024476,0.8214534637109431,0.7651133629116921,0.6439242944580935,0.37173786471313436,0.6027600364963503,0.40951542902031196
jewel,condCFM,sample,"condCFM, sample",full,et,-0.7200198173522949,5.163975238800049,-0.07478582859039307,0.5363632440567017,0.5311239361763,0.8699839273392075,0.11995873095021646,,
jewel,condCFM,sample,"condCFM, sample",full,mass,-0.48899805545806885,1.4983537197113037,-0.3704712390899658,1.1351721286773682,1.0730175971984863,0.46950663858292363,0.37056027028155564,,
jewel,condCFM,sample,"condCFM, sample",full,girth,0.0006666539702564478,0.02487940713763237,0.0131094204261899,0.48924121260643005,0.489065557718277,0.8907475869686582,0.04700598005085951,,
jewel,condCFM,sample,"condCFM, sample",full,ptd,0.013457749038934708,0.09191830456256866,0.11536560952663422,0.7879632115364075,0.7794719934463501,0.7317945984134491,0.12102387161917476,,
jewel,condCFM,sample,"condCFM, sample",full,core,-0.002723256591707468,0.10332810133695602,-0.01025166641920805,0.38897737860679626,0.38884225487709045,0.9267959109128676,0.026757302769747682,,
jewel,condCFM,sample,"condCFM, sample",full,zlead,0.013732468709349632,0.1043955534696579,0.09230633080005646,0.7017216682434082,0.695624053478241,0.7810928837611374,0.09614399477415102,,
jewel,condCFM,sample,"condCFM, sample",full,n1,-0.15256045758724213,2.1347172260284424,-0.07224339246749878,1.010872721672058,1.008288025856018,0.5530631872070533,0.07853030619725025,,
jewel,condCFM,sample,"condCFM, sample",full,zg,0.007113815613899956,0.13294747220181866,0.06446683111482138,1.2047967929939638,1.2030707959611324,0.28919774979016694,0.06477098399614073,,
jewel,condCFM,sample,"condCFM, sample",full,rg,-0.01952179407530291,0.1091778197423985,-0.17317483857829105,0.9684996797573406,0.9528914444853908,0.4797862392907089,0.1732370703393512,,
jewel,condCFM,mean-image,"condCFM, mean-image",full,et,-0.7855840921401978,4.047761917114258,-0.0815957561135292,0.42042624950408936,0.4124322533607483,0.9166211958347953,0.13269940739675418,,
jewel,condCFM,mean-image,"condCFM, mean-image",full,mass,-0.4075077474117279,1.176835298538208,-0.30873310565948486,0.8915855884552002,0.8364261984825134,0.6037709980045967,0.3130386861980362,,
jewel,condCFM,mean-image,"condCFM, mean-image",full,girth,-0.00020469720766413957,0.01492946594953537,-0.00402526929974556,0.293580561876297,0.293552964925766,0.9564839405775687,0.012056870939894505,,
jewel,condCFM,mean-image,"condCFM, mean-image",full,ptd,-0.01289594266563654,0.048708438873291016,-0.11054956167936325,0.41754966974258423,0.4026493728160858,0.9210667162339377,0.11054956019466115,,
jewel,condCFM,mean-image,"condCFM, mean-image",full,core,-0.0012298324145376682,0.06581328809261322,-0.004629689268767834,0.2477533221244812,0.24771007895469666,0.9689297070967574,0.01920560788458234,,
jewel,condCFM,mean-image,"condCFM, mean-image",full,zlead,-0.0057365852408111095,0.05095928534865379,-0.038559939712285995,0.34253600239753723,0.340358704328537,0.9417915360503694,0.03857901521343096,,
jewel,condCFM,mean-image,"condCFM, mean-image",full,n1,-0.9548364281654358,1.9949259757995605,-0.45215269923210144,0.9446761012077332,0.8294401168823242,0.6485814712184432,0.45215269222219473,,
jewel,condCFM,mean-image,"condCFM, mean-image",full,zg,0.0038629700906251036,0.1287143779814496,0.03496111831527397,1.164906404118228,1.164381660179258,0.3332327892284431,0.03540707276979092,,
jewel,condCFM,mean-image,"condCFM, mean-image",full,rg,-0.030023602800581462,0.09854356758284699,-0.26549252595313305,0.8714004394401541,0.8299713516257766,0.5901761257885261,0.26549252595313305,,
jewel,condCFM,mean-obs,"condCFM, mean-obs",full,et,-0.7820618152618408,4.0469841957092285,-0.08122991025447845,0.4203454852104187,0.41242218017578125,0.9166228800137042,0.13263640878739133,0.5777619724988146,0.14556258265249217
jewel,condCFM,mean-obs,"condCFM, mean-obs",full,mass,-0.5074449777603149,1.2170215845108032,-0.3844468593597412,0.9220312237739563,0.838058590888977,0.6018575789124504,0.38444685081130964,0.5346135609293504,0.09198833988383154
jewel,condCFM,mean-obs,"condCFM, mean-obs",full,girth,0.0007114250911399722,0.01674650050699711,0.013989822007715702,0.32931163907051086,0.3290143609046936,0.9463822534856905,0.020637424546678936,0.6332385016595543,0.518195269044291
jewel,condCFM,mean-obs,"condCFM, mean-obs",full,ptd,0.014007724821567535,0.06608811765909195,0.12008024007081985,0.5665357708930969,0.5536637902259827,0.841701840579159,0.12511522168265737,0.60941204362257,0.7168619684733896
jewel,condCFM,mean-obs,"condCFM, mean-obs",full,core,-0.0033818490337580442,0.07116173952817917,-0.012730930000543594,0.26788750290870667,0.2675848603248596,0.9639110487994698,0.028038092170488645,0.6499525841631105,0.4408723406807372
jewel,condCFM,mean-obs,"condCFM, mean-obs",full,zlead,0.014040485955774784,0.07382365316152573,0.09437675029039383,0.4962247312068939,0.4871673583984375,0.8778829618483159,0.09906787114909717,0.6226884779516358,0.7313427931935458
jewel,condCFM,mean-obs,"condCFM, mean-obs",full,n1,-0.1615324169397354,1.63161301612854,-0.07649196684360504,0.7726330757141113,0.7688373327255249,0.680438625928247,0.20357045287238398,0.6048722519310754,0.1084324098516672
jewel,condCFM,mean-obs,"condCFM, mean-obs",full,zg,0.008119033983564996,0.09938432063118165,0.0734898703237064,0.899582493456714,0.8965756529672239,0.4614182627197979,0.38868402173059113,0.6113184828416617,0.4396523185214326
jewel,condCFM,mean-obs,"condCFM, mean-obs",full,rg,-0.02028138381744166,0.08772569654634745,-0.17916562761989133,0.7749682971140135,0.7539731688935385,0.6575735052291759,0.3187443679639001,0.6022877784467189,0.38425878338080727
