name,reference,observable,jewel,val,delta,fraction
OT-CFM-unet-s0,full,core,0.3874560594558716,0.37752264738082886,0.009933412075042725,0.5253104408030878
OT-CFM-unet-s0,full,et,25.104310989379883,25.661457061767578,-0.5571460723876953,0.34115966606401216
OT-CFM-unet-s0,full,girth,0.1992729902267456,0.20174473524093628,-0.002471745014190674,0.48740611887495444
OT-CFM-unet-s0,full,mass,4.85219144821167,5.124924182891846,-0.2727327346801758,0.39633463120760515
OT-CFM-unet-s0,full,n1,5.3533525466918945,6.00713586807251,-0.6537833213806152,0.6501163358038787
OT-CFM-unet-s0,full,ptd,0.35328418016433716,0.32212623953819275,0.03115794062614441,0.6321236474622838
OT-CFM-unet-s0,full,rg,0.3024962468968118,0.30910428891748076,-0.006608042020668947,0.246873592101516
OT-CFM-unet-s0,full,zg,0.1976778282306303,0.21135737865679544,-0.013679550426165143,1.4345655598718807
OT-CFM-unet-s0,full,zlead,0.27556276321411133,0.23728448152542114,0.038278281688690186,0.6772375123712324
"OT-CFM-unet-s0, thr0.5",thr,core,0.44929206371307373,0.4366713762283325,0.012620687484741211,0.6838694466290184
"OT-CFM-unet-s0, thr0.5",thr,et,19.834142684936523,20.26487159729004,-0.4307289123535156,0.34642531160115053
"OT-CFM-unet-s0, thr0.5",thr,girth,0.18273383378982544,0.18574906885623932,-0.0030152350664138794,0.6050382729338596
"OT-CFM-unet-s0, thr0.5",thr,mass,3.033968925476074,3.316561460494995,-0.2825925350189209,0.46753248290062244
"OT-CFM-unet-s0, thr0.5",thr,n1,5.3533525466918945,6.00713586807251,-0.6537833213806152,0.6501163358038787
"OT-CFM-unet-s0, thr0.5",thr,ptd,0.44491589069366455,0.4049798846244812,0.03993600606918335,0.7774586143096757
"OT-CFM-unet-s0, thr0.5",thr,rg,0.2437943269171258,0.2627235114584833,-0.01892918454135753,0.6564189985528278
"OT-CFM-unet-s0, thr0.5",thr,zg,0.22677610646526863,0.23555294075752958,-0.008776834292260949,1.294725563461236
"OT-CFM-unet-s0, thr0.5",thr,zlead,0.35029280185699463,0.30191707611083984,0.048375725746154785,0.8048636330279596
OT-CFM-unet-s1,full,core,0.387551873922348,0.37752068042755127,0.010031193494796753,0.5304814334413973
OT-CFM-unet-s1,full,et,25.14177131652832,25.69704818725586,-0.5552768707275391,0.3400150897207701
OT-CFM-unet-s1,full,girth,0.19929315149784088,0.2017943263053894,-0.002501174807548523,0.4932094122071908
OT-CFM-unet-s1,full,mass,4.863668918609619,5.137173175811768,-0.27350425720214844,0.39745580609910824
OT-CFM-unet-s1,full,n1,5.39243745803833,6.067466735839844,-0.6750292778015137,0.6712431264198208
OT-CFM-unet-s1,full,ptd,0.3536345660686493,0.32252246141433716,0.031112104654312134,0.6311937399935185
OT-CFM-unet-s1,full,rg,0.30336954420073087,0.30986494002672177,-0.006495395825990902,0.24266517898462717
OT-CFM-unet-s1,full,zg,0.19724546176680036,0.21078370047661313,-0.013538238709812772,1.4197462920472783
OT-CFM-unet-s1,full,zlead,0.27564188838005066,0.23740838468074799,0.03823350369930267,0.676445278947893
"OT-CFM-unet-s1, thr0.5",thr,core,0.44812241196632385,0.4355625510215759,0.012559860944747925,0.6805734762394609
"OT-CFM-unet-s1, thr0.5",thr,et,19.943920135498047,20.38219451904297,-0.4382743835449219,0.3524939597315436
"OT-CFM-unet-s1, thr0.5",thr,girth,0.18302859365940094,0.18610215187072754,-0.003073558211326599,0.6167414184906111
"OT-CFM-unet-s1, thr0.5",thr,mass,3.066643238067627,3.353996992111206,-0.2873537540435791,0.47540963560772803
"OT-CFM-unet-s1, thr0.5",thr,n1,5.39243745803833,6.067466735839844,-0.6750292778015137,0.6712431264198208
"OT-CFM-unet-s1, thr0.5",thr,ptd,0.4435358941555023,0.40374451875686646,0.039791375398635864,0.7746430007374088
"OT-CFM-unet-s1, thr0.5",thr,rg,0.24523044484128673,0.26418116441672856,-0.018950719575441838,0.6571657822019881
"OT-CFM-unet-s1, thr0.5",thr,zg,0.22575470347157212,0.23496900234682347,-0.009214298875251353,1.359258692360116
"OT-CFM-unet-s1, thr0.5",thr,zlead,0.34889817237854004,0.3007053732872009,0.04819279909133911,0.8018201435567077
OT-CFM-unet-s2,full,core,0.3876818120479584,0.37766480445861816,0.01001700758934021,0.5297312376182228
OT-CFM-unet-s2,full,et,25.05792808532715,25.62826919555664,-0.5703411102294922,0.34923944069926605
OT-CFM-unet-s2,full,girth,0.19920110702514648,0.2016913890838623,-0.0024902820587158203,0.4910614590801707
OT-CFM-unet-s2,full,mass,4.839017868041992,5.115244388580322,-0.2762265205383301,0.4014117934016987
OT-CFM-unet-s2,full,n1,5.329520225524902,6.002270698547363,-0.6727504730224609,0.6689771031602466
OT-CFM-unet-s2,full,ptd,0.35317522287368774,0.32191532850265503,0.031259894371032715,0.6341920567279833
OT-CFM-unet-s2,full,rg,0.3020510531278636,0.30908102088840206,-0.007029967760538436,0.2626365552721294
OT-CFM-unet-s2,full,zg,0.1977309683398794,0.21120229123133982,-0.013471322891460413,1.4127288736798351
OT-CFM-unet-s2,full,zlead,0.27540653944015503,0.23700931668281555,0.03839722275733948,0.6793418741632776
"OT-CFM-unet-s2, thr0.5",thr,core,0.4495449364185333,0.436794251203537,0.012750685214996338,0.6909135538506009
"OT-CFM-unet-s2, thr0.5",thr,et,19.77313995361328,20.221891403198242,-0.44875144958496094,0.36092042186001916
"OT-CFM-unet-s2, thr0.5",thr,girth,0.18261763453483582,0.18571005761623383,-0.0030924230813980103,0.6205268508551609
"OT-CFM-unet-s2, thr0.5",thr,mass,3.0162155628204346,3.3051910400390625,-0.28897547721862793,0.47809267980971765
"OT-CFM-unet-s2, thr0.5",thr,n1,5.329520225524902,6.002270698547363,-0.6727504730224609,0.6689771031602466
"OT-CFM-unet-s2, thr0.5",thr,ptd,0.4453212022781372,0.40505585074424744,0.04026535153388977,0.7838701835631523
"OT-CFM-unet-s2, thr0.5",thr,rg,0.24373820020763404,0.2627069273759484,-0.01896872716831438,0.6577902425982569
"OT-CFM-unet-s2, thr0.5",thr,zg,0.22640031164454594,0.23558624194938574,-0.009185930304839801,1.3550738676172047
"OT-CFM-unet-s2, thr0.5",thr,zlead,0.3505539000034332,0.3018472492694855,0.048706650733947754,0.810369482993548
OT-CFM-uvcgan-s0,full,core,0.38974371552467346,0.37979891896247864,0.009944796562194824,0.5259124887116017
OT-CFM-uvcgan-s0,full,et,24.56563377380371,25.077322006225586,-0.511688232421875,0.31332427015739095
OT-CFM-uvcgan-s0,full,girth,0.19869709014892578,0.20117706060409546,-0.0024799704551696777,0.4890281026316099
OT-CFM-uvcgan-s0,full,mass,4.723174571990967,4.983829021453857,-0.2606544494628906,0.3787824927639871
OT-CFM-uvcgan-s0,full,n1,5.209723472595215,5.836847305297852,-0.6271238327026367,0.6236063767288562
OT-CFM-uvcgan-s0,full,ptd,0.3567425310611725,0.3253724277019501,0.03137010335922241,0.6364279460774592
OT-CFM-uvcgan-s0,full,rg,0.3015012157769434,0.30788531864081653,-0.006384102863873142,0.23850732205095593
OT-CFM-uvcgan-s0,full,zg,0.19675876949821403,0.21135524091376492,-0.014596471415550899,1.5307224679220528
OT-CFM-uvcgan-s0,full,zlead,0.2788306176662445,0.24029190838336945,0.03853870928287506,0.681845120870302
"OT-CFM-uvcgan-s0, thr0.5",thr,core,0.4527897834777832,0.44027847051620483,0.01251131296157837,0.6779428364723912
"OT-CFM-uvcgan-s0, thr0.5",thr,et,19.331106185913086,19.720985412597656,-0.3898792266845703,0.3135708533077661
"OT-CFM-uvcgan-s0, thr0.5",thr,girth,0.18179866671562195,0.1848476678133011,-0.003049001097679138,0.6118137782561894
"OT-CFM-uvcgan-s0, thr0.5",thr,mass,2.9115309715270996,3.1858034133911133,-0.27427244186401367,0.45376738535330824
"OT-CFM-uvcgan-s0, thr0.5",thr,n1,5.209723472595215,5.836847305297852,-0.6271238327026367,0.6236063767288562
"OT-CFM-uvcgan-s0, thr0.5",thr,ptd,0.45095008611679077,0.410654753446579,0.04029533267021179,0.784453844649841
"OT-CFM-uvcgan-s0, thr0.5",thr,rg,0.24099420565630036,0.25902205774013787,-0.018027852083837503,0.6251629374247966
"OT-CFM-uvcgan-s0, thr0.5",thr,zg,0.22695788474710663,0.23692552456527632,-0.009967639818169699,1.4703887130850617
"OT-CFM-uvcgan-s0, thr0.5",thr,zlead,0.3557910919189453,0.3069266080856323,0.04886448383331299,0.8129954719540808
UVCGAN-S,full,core,0.44198474287986755,0.42631879448890686,0.015665948390960693,0.8284652033645337
UVCGAN-S,full,et,24.423025131225586,25.095352172851562,-0.6723270416259766,0.4116889275086077
UVCGAN-S,full,girth,0.1833106279373169,0.18725807964801788,-0.003947451710700989,0.7784023459996944
UVCGAN-S,full,mass,3.6513495445251465,4.09468936920166,-0.44333982467651367,0.6442604923052617
UVCGAN-S,full,n1,5.929138660430908,6.640933990478516,-0.7117953300476074,0.7078029626630112
UVCGAN-S,full,ptd,0.42576271295547485,0.38571786880493164,0.04004484415054321,0.8124186784430761
UVCGAN-S,full,rg,0.23715007961642423,0.25695304265345775,-0.019802963037033522,0.7398301348439525
UVCGAN-S,full,zg,0.23104725070002274,0.24546181311399035,-0.014414562413967602,1.5116457891883035
UVCGAN-S,full,zlead,0.3336476683616638,0.2861786186695099,0.04746904969215393,0.8398449384325221
"UVCGAN-S, thr0.5",thr,core,0.4649463891983032,0.44900041818618774,0.01594597101211548,0.8640545441920028
"UVCGAN-S, thr0.5",thr,et,22.042848587036133,22.526647567749023,-0.4837989807128906,0.3891083413231064
"UVCGAN-S, thr0.5",thr,girth,0.17752960324287415,0.18166401982307434,-0.004134416580200195,0.8296136825738548
"UVCGAN-S, thr0.5",thr,mass,2.9587290287017822,3.362154960632324,-0.403425931930542,0.6674441262553349
"UVCGAN-S, thr0.5",thr,n1,5.929138660430908,6.640933990478516,-0.7117953300476074,0.7078029626630112
"UVCGAN-S, thr0.5",thr,ptd,0.4704449474811554,0.42861220240592957,0.04183274507522583,0.8143835906528359
"UVCGAN-S, thr0.5",thr,rg,0.22453285088021147,0.24664421642643886,-0.02211136554622739,0.7667694504630347
"UVCGAN-S, thr0.5",thr,zg,0.24107849679329443,0.2533264457537917,-0.012247948960497274,1.8067713358912323
"UVCGAN-S, thr0.5",thr,zlead,0.3695189654827118,0.31916162371635437,0.05035734176635742,0.8378332814350117
"condCFM, mean-image",full,core,0.4333432614803314,0.42142513394355774,0.011918127536773682,0.6302685102151139
"condCFM, mean-image",full,et,25.03363800048828,25.34576416015625,-0.31212615966796875,0.19112556236072376
"condCFM, mean-image",full,girth,0.18538783490657806,0.18845368921756744,-0.00306585431098938,0.6045591847768597
"condCFM, mean-image",full,mass,3.891995906829834,4.213651657104492,-0.3216557502746582,0.46742945363858673
"condCFM, mean-image",full,n1,5.255163669586182,5.814790725708008,-0.5596270561218262,0.5564881807849383
"condCFM, mean-image",full,ptd,0.40291860699653625,0.3675243854522705,0.03539422154426575,0.7180681383953836
"condCFM, mean-image",full,rg,0.2219091536978181,0.2426459539848812,-0.020736800287063095,0.7747178906469436
"condCFM, mean-image",full,zg,0.22694841343490108,0.24189887076019054,-0.014950457325289462,1.5678447401437736
"condCFM, mean-image",full,zlead,0.32019171118736267,0.27817821502685547,0.0420134961605072,0.7433226981598566
"condCFM, mean-obs",full,core,0.43440553545951843,0.4224793016910553,0.011926233768463135,0.6306971935426422
"condCFM, mean-obs",full,et,25.03717041015625,25.349224090576172,-0.3120536804199219,0.19108118082904701
"condCFM, mean-obs",full,girth,0.1851879209280014,0.18823668360710144,-0.0030487626791000366,0.6011888670796065
"condCFM, mean-obs",full,mass,3.791917324066162,4.1108717918396,-0.3189544677734375,0.46350395564083324
"condCFM, mean-obs",full,n1,6.088536739349365,6.650482654571533,-0.561945915222168,0.5587940337063255
"condCFM, mean-obs",full,ptd,0.4183626174926758,0.3846449553966522,0.03371766209602356,0.684054565857764
"condCFM, mean-obs",full,rg,0.23435173328365524,0.25188759335131305,-0.01753586006765781,0.6551321483657829
"condCFM, mean-obs",full,zg,0.230498503455201,0.24535611991026776,-0.014857616455066752,1.558108578441026
"condCFM, mean-obs",full,zlead,0.32739678025245667,0.28589680790901184,0.041499972343444824,0.7342371912596485
"condCFM, sample",full,core,0.4346364736557007,0.42146986722946167,0.013166606426239014,0.6962920468210452
"condCFM, sample",full,et,25.052440643310547,25.371885299682617,-0.3194446563720703,0.19560692912502978
"condCFM, sample",full,girth,0.18510539829730988,0.18856288492679596,-0.003457486629486084,0.6817855925529789
"condCFM, sample",full,mass,3.8000402450561523,4.110915660858154,-0.31087541580200195,0.45176349446238
"condCFM, sample",full,n1,6.085795879364014,6.649367332458496,-0.5635714530944824,0.5604104541482355
"condCFM, sample",full,ptd,0.41839852929115295,0.3851863443851471,0.03321218490600586,0.6737995849879801
"condCFM, sample",full,rg,0.236403565368473,0.2516660072971513,-0.015262441928678261,0.5701982298823456
"condCFM, sample",full,zg,0.2300759798462927,0.24834367781235564,-0.01826769796606295,1.9157216095443008
"condCFM, sample",full,zlead,0.32770437002182007,0.286577969789505,0.041126400232315063,0.7276277763101906
regress_mse-jets,full,core,0.43042710423469543,0.4189830720424652,0.011444032192230225,0.6051968397212928
regress_mse-jets,full,et,25.2628116607666,25.65488624572754,-0.3920745849609375,0.2400807276702499
regress_mse-jets,full,girth,0.18616294860839844,0.18915978074073792,-0.0029968321323394775,0.5909486254275338
regress_mse-jets,full,mass,3.9795148372650146,4.3192830085754395,-0.3397681713104248,0.49375038544717764
regress_mse-jets,full,n1,5.1452178955078125,5.738890647888184,-0.5936727523803711,0.5903429191633306
regress_mse-jets,full,ptd,0.3973478376865387,0.3615875244140625,0.035760313272476196,0.7254953057206843
regress_mse-jets,full,rg,0.2233988544803845,0.24338065530219544,-0.019981800821810947,0.7465114371409696
regress_mse-jets,full,zg,0.22649949517968274,0.24048647059547062,-0.013986975415787889,1.4668050186711414
regress_mse-jets,full,zlead,0.31633323431015015,0.27405673265457153,0.04227650165557861,0.7479759161039304
"regress_mse-jets, thr0.5",thr,core,0.4905462861061096,0.4781755805015564,0.012370705604553223,0.6703238319168143
"regress_mse-jets, thr0.5",thr,et,20.446203231811523,20.599470138549805,-0.15326690673828125,0.12326903163950144
"regress_mse-jets, thr0.5",thr,girth,0.17063604295253754,0.17389531433582306,-0.0032592713832855225,0.6540066977634255
"regress_mse-jets, thr0.5",thr,mass,2.3080153465270996,2.6251401901245117,-0.3171248435974121,0.5246641264131147
"regress_mse-jets, thr0.5",thr,n1,5.1452178955078125,5.738890647888184,-0.5936727523803711,0.5903429191633306
"regress_mse-jets, thr0.5",thr,ptd,0.4911811351776123,0.44948020577430725,0.041700929403305054,0.811817454483428
"regress_mse-jets, thr0.5",thr,rg,0.18722366326416068,0.21280665277230426,-0.025582989508143583,0.887157094180813
"regress_mse-jets, thr0.5",thr,zg,0.2541350418969777,0.26293039627967685,-0.008795354382699128,1.2974575775029125
"regress_mse-jets, thr0.5",thr,zlead,0.39325958490371704,0.34313714504241943,0.05012243986129761,0.8339250403121039
truth (full),full,core,0.43379732966423035,0.4148877263069153,0.018909603357315063,1.0
truth (full),full,et,24.97968864440918,26.612783432006836,-1.6330947875976562,1.0
truth (full),full,girth,0.1860182285308838,0.1910894513130188,-0.00507122278213501,1.0
truth (full),full,mass,4.111024856567383,4.7991623878479,-0.6881375312805176,1.0
truth (full),full,n1,5.990467071533203,6.996107578277588,-1.0056405067443848,1.0
truth (full),full,ptd,0.41699209809303284,0.3677012026309967,0.04929089546203613,1.0
truth (full),full,rg,0.2540173917649652,0.28078429690219703,-0.026766905137231845,1.0
truth (full),full,zg,0.22643953673321637,0.23597521137145797,-0.009535674638241592,1.0
truth (full),full,zlead,0.3271385431289673,0.2706173360347748,0.056521207094192505,1.0
truth (thr),thr,core,0.4620605409145355,0.4436057209968567,0.018454819917678833,1.0
truth (thr),thr,et,22.231103897094727,23.474456787109375,-1.2433528900146484,1.0
truth (thr),thr,girth,0.1788974404335022,0.1838809847831726,-0.00498354434967041,1.0
truth (thr),thr,mass,3.212651014328003,3.817085027694702,-0.6044340133666992,1.0
truth (thr),thr,n1,5.990467071533203,6.996107578277588,-1.0056405067443848,1.0
truth (thr),thr,ptd,0.46608152985572815,0.41471415758132935,0.051367372274398804,1.0
truth (thr),thr,rg,0.2350900251627445,0.2639270706825873,-0.028837045519842813,1.0
truth (thr),thr,zg,0.23904773301033522,0.24582664781664948,-0.006778914806314262,1.0
truth (thr),thr,zlead,0.36643821001052856,0.3063339591026306,0.06010425090789795,1.0
