model,readout,l1_sig,l1_in,l1_out,abs_err_out_gev,n_jets,jes,bias,jer,jer_iqr,jer_cal,step,jet_in_region,truth
empty image,-,0.04914237785339355,0.6340424513482055,0.02853140840030706,42.33251142578125,,,,,,,,,val
uvcgan-s published,-,0.03339830703735352,0.20874051524679108,0.02721952078106382,40.386042578125,17542.0,0.9397164214894486,-1.966065338570992,3.4000822351024858,3.1908245949147807,3.587960247440479,,,val
regress_l1,-,0.026443557739257814,0.20389623704906007,0.02019040102263875,29.956824072265626,17542.0,0.8616828439063151,-4.505509850536047,3.4251625767186584,3.188862457727838,3.791959242291024,,,val
pilot_otcfm_s0,coarse,0.14960322291056316,0.273586604397498,0.14523424163290938,215.48638984375,17542.0,0.9284451916859268,-2.3772600577285603,3.377834268351041,3.2658527478896042,3.665353981415682,26470.0,,val
pilot_otcfm_s0,converged,0.050545695622762045,0.3122441932729347,0.04132384779363795,61.3128603515625,17542.0,0.687290367251426,-10.15926730204656,3.500169870960766,3.421135174954176,4.1348951542653705,26470.0,,val
pilot_otcfm_s0,coarse_thr0.5,0.06215982437133789,0.254195070252633,0.05539280134230021,82.1871939453125,17542.0,0.7719536696031201,-7.2827401675216805,3.3756731083412066,3.297592994458062,3.604243490990757,26470.0,,val
pilot_otcfm_s0,seeded12_zero,0.05660604616800944,0.2736022706461938,0.048959438613393136,72.641909765625,17542.0,0.9280871465851079,-2.381733320686567,3.384742143992059,3.2680153051423,3.6671699607788617,26470.0,0.9995439516588759,val
pilot_otcfm_s0,seeded12_zero_thr0.5,0.03737033774058024,0.25422693600951823,0.02972864848772203,44.10887587890625,17542.0,0.7717769194043118,-7.284932271660346,3.3773737639809855,3.29861948453028,3.6030288107463453,26470.0,0.9995439516588759,val
pilot_otcfm_s0,seeded12_zero_thr0.7,0.034283924865722654,0.2575755679506853,0.02641547449172219,39.19306611328125,17542.0,0.7109387403108252,-9.195366513374363,3.4291121831727565,3.3251233592220726,3.6397147040838145,26470.0,0.9995439516588759,val
empty image,-,0.032462771542867024,0.4894062875658793,0.016361016174251425,24.275115380859376,,,,,,,,,jewel
uvcgan-s published,-,0.028149138259887695,0.1840442412306534,0.02265571336732814,33.614663671875,16720.0,0.9469121988658432,-1.1822073776470987,3.9382324788948044,3.4772216876053297,3.991919539628322,,,jewel
regress_l1,-,0.019096839872996013,0.17663895474539837,0.013545377794582234,20.0975052734375,16720.0,0.8676936768505473,-3.1437721746389946,4.113402988221806,3.5649673244173745,4.310880154220522,,,jewel
pilot_otcfm_s0,coarse,0.14923817087809244,0.24579651875921066,0.14583565085211508,216.3788125,16720.0,0.9775508575664218,-0.845881350645038,3.3453520425464833,3.2590374052303646,3.549387319460893,26470.0,,jewel
pilot_otcfm_s0,converged,0.0466130552927653,0.26048997432953425,0.03907646895678748,57.9784154296875,16720.0,0.688028604360131,-8.008704997021615,3.514794615717961,3.391779467651277,3.662975253025479,26470.0,,jewel
pilot_otcfm_s0,coarse_thr0.5,0.05700997200012207,0.21449259158722744,0.05146060634817216,76.35296875,16720.0,0.7701604708530309,-5.687470754795668,3.2900249219718227,3.2095822517389365,3.478764509784455,26470.0,,jewel
pilot_otcfm_s0,seeded12_zero,0.04773774388631185,0.24484177349532069,0.040792200410513804,60.52407509765625,16720.0,0.9592755962319433,-1.0765298900706917,3.778588291053716,3.3652151488126694,3.955181235514971,26470.0,0.9755980861244019,jewel
pilot_otcfm_s0,seeded12_zero_thr0.5,0.02928189563751221,0.2160746587369987,0.02269970043633578,33.67992802734375,16720.0,0.7608505785415013,-5.805622297496887,3.44248934995397,3.3128733454676715,3.617922389256629,26470.0,0.9755980861244019,jewel
pilot_otcfm_s0,seeded12_zero_thr0.7,0.025798656018575034,0.21524723858660724,0.019122875116805473,28.37293203125,16720.0,0.687340781303383,-7.566331438812913,3.3642561164732347,3.3043729896630243,3.5426319361001375,26470.0,0.9755980861244019,jewel
ext_otcfm_s1,coarse,0.14997655868530274,0.24496906825651524,0.1466292158650419,217.55623828125,16720.0,0.9772478098775985,-0.8296046492870915,3.3493577608455527,3.264330686508416,3.546140267537746,17860.0,,jewel
ext_otcfm_s1,converged,0.05029498863220215,0.2562687360569921,0.043036894293122706,63.854565234375,16720.0,0.7045747331071335,-7.586932746217582,3.4657955868171446,3.3586666794332247,3.623366080395946,17860.0,,jewel
ext_otcfm_s1,coarse_thr0.5,0.05695467643737793,0.2133251056237765,0.05144450183924918,76.32907421875,16720.0,0.7733832391531514,-5.588530923133832,3.299529027544593,3.1948625997228035,3.480201847467822,17860.0,,jewel
ext_otcfm_s1,seeded12_zero,0.04756763254801432,0.24397200907910818,0.0406467436803011,60.30825849609375,16720.0,0.9585686636823874,-1.0658762308113883,3.795852390795095,3.3683433985162257,3.953101150111078,17860.0,0.9750598086124402,jewel
ext_otcfm_s1,seeded12_zero_thr0.5,0.02918985996246338,0.2149590019008873,0.022643734931266115,33.596891064453125,16720.0,0.7637536615488241,-5.7109712510017685,3.460977015386368,3.2966624727242078,3.6220752663144697,17860.0,0.9750598086124402,jewel
ext_otcfm_s1,seeded12_zero_thr0.7,0.025727372805277506,0.2141210504349274,0.019088764400511292,28.32232138671875,16720.0,0.6898998456607048,-7.4793877195798615,3.377787012031743,3.319026895414201,3.5436449517548763,17860.0,0.9750598086124402,jewel
ext_otcfm_s2,coarse,0.1522419682820638,0.24767095050804488,0.14887924639015523,220.894646484375,16720.0,0.9834844015065808,-0.719157356423054,3.3518929174622834,3.2779889428412323,3.562082632951546,17820.0,,jewel
ext_otcfm_s2,converged,0.04984176712036133,0.2567366275630868,0.042551214278709074,63.13395361328125,16720.0,0.7072445990165577,-7.512861867070769,3.4428569585079023,3.336089730174388,3.6023153138502177,17820.0,,jewel
ext_otcfm_s2,coarse_thr0.5,0.05816885414123535,0.21513201843889954,0.052637792637330025,78.0995798828125,16720.0,0.7752278720082535,-5.5785339606435675,3.2992939965297543,3.2058818151192634,3.493876451023638,17820.0,,jewel
ext_otcfm_s2,seeded12_zero,0.049350600051879884,0.24661702512171105,0.04239933404251374,62.90860634765625,16720.0,0.9668050801797181,-0.9295239246062685,3.7510063688405864,3.3729645479511916,3.9471297900588103,17820.0,0.9779306220095694,jewel
ext_otcfm_s2,seeded12_zero_thr0.5,0.029959445762634276,0.21661462715894725,0.023382098593727637,34.692413671875,16720.0,0.7667576928630989,-5.685865343558161,3.439539397707126,3.2945244819522346,3.6255580185740475,17820.0,0.9779306220095694,jewel
ext_otcfm_s2,seeded12_zero_thr0.7,0.026210496012369792,0.2154930646983959,0.019540564590478465,28.99266494140625,16720.0,0.6908740085948101,-7.4975895714246485,3.364607806872031,3.327742605584034,3.5503773581164473,17820.0,0.9779306220095694,jewel
empty image,-,0.04914237785339355,0.6340424513482055,0.02853140840030706,42.33251142578125,,,,,,,,,val
ext_otcfm_s1,coarse,0.15076389439900717,0.272629129038532,0.1464695517758737,217.319239453125,17860.0,17542.0,0.9292139009246563,-2.3428835501598533,3.409598712047147,3.2889636204453025,3.6810694463627893,,val
ext_otcfm_s1,converged,0.05423793856302897,0.3067343810778508,0.04534035712773464,67.2722201171875,17860.0,17542.0,0.7014946610087376,-9.698218849553117,3.4733172969136743,3.3808986375383134,4.083329770647778,,val
ext_otcfm_s1,coarse_thr0.5,0.06232682418823242,0.2528351819637541,0.05561360579523583,82.514805078125,17860.0,17542.0,0.7755712236642125,-7.156153644154681,3.409171062303414,3.313886050032721,3.6132266722705517,,val
ext_otcfm_s1,seeded12_zero,0.05682233810424805,0.2726397269872771,0.04921726857930339,73.02445625,17860.0,17542.0,0.92889706475814,-2.3468748324682034,3.4158581117834528,3.2918568095779137,3.6825606971685647,0.9996009577015164,val
ext_otcfm_s1,seeded12_zero_thr0.5,0.03742289199829102,0.25286275783012463,0.02983112588090889,44.2609232421875,17860.0,17542.0,0.7754182037702071,-7.1580768640005195,3.4108230276676275,3.315232081091607,3.612237341671567,0.9996009577015164,val
ext_otcfm_s1,seeded12_zero_thr0.7,0.03429069569905599,0.25608042180000373,0.02647517033023382,39.28163779296875,17860.0,17542.0,0.7143682912740895,-9.075086921640356,3.4538058719345948,3.352156562041671,3.637539585992614,0.9996009577015164,val
ext_otcfm_s2,coarse,0.15292485376993814,0.2755711688269597,0.14860298792663273,220.484653125,17820.0,17542.0,0.9320517931830076,-2.2650433819400804,3.385816378465245,3.2668099569514384,3.680402208447393,,val
ext_otcfm_s2,converged,0.053932605361938474,0.3077514157320449,0.044988425262473555,66.750053125,17820.0,17542.0,0.702601784489885,-9.655900136596216,3.465895456406746,3.373257224872609,4.063618267841693,,val
ext_otcfm_s2,coarse_thr0.5,0.06354437026977539,0.255050141110735,0.0567960049532975,84.2691498046875,17820.0,17542.0,0.7753395922942752,-7.174336557879767,3.3877508165200725,3.2961363258672876,3.616002815575155,,val
ext_otcfm_s2,seeded12_zero,0.05816274159749349,0.27557823241396484,0.05050135655685389,74.9296783203125,17820.0,17542.0,0.9317849967490117,-2.2681917832713485,3.390437548746793,3.269252112567469,3.6812667336115066,0.9996579637441568,val
ext_otcfm_s2,seeded12_zero_thr0.5,0.03802928384145101,0.2550706823411412,0.030381082877821677,45.0769033203125,17820.0,17542.0,0.7752100048244871,-7.175839489942374,3.3886386504869104,3.297780335965733,3.6147462423022105,0.9996579637441568,val
ext_otcfm_s2,seeded12_zero_thr0.7,0.034674984296162926,0.25802058887448037,0.026804632024587386,39.7704654296875,17820.0,17542.0,0.7129485974404242,-9.13108567076498,3.433964164128958,3.340441532007759,3.644056580999992,0.9996579637441568,val
empty image,-,0.04914237785339355,0.6340424513482055,0.02853140840030706,42.33251142578125,,,,,,,,,val
pilot_otcfm_s0,seeded8_zero_thr0.5,0.05066714973449707,0.25419818575818587,0.04349503287056877,64.53428271484376,26470.0,17542.0,0.7719331366667826,-7.282967937779581,3.375774219578574,3.297592994458062,3.60400890564217,0.9999429939573595,val
pilot_otcfm_s0,seeded10_zero_thr0.5,0.04214345728556315,0.2542039171303615,0.034670776361309066,51.4415908203125,26470.0,17542.0,0.7719255847517392,-7.283048577542969,3.3757896213748304,3.297592994458062,3.60390113483211,0.9998289818720785,val
pilot_otcfm_s0,seeded8_zero_thr0.7,0.042414816347757976,0.2575521568316208,0.034833711312681,51.6833400390625,26470.0,17542.0,0.7110285270476632,-9.194200826226721,3.4283413029395104,3.321995816467602,3.6405270188324694,0.9999429939573595,val
pilot_otcfm_s0,seeded10_zero_thr0.7,0.03732957134246826,0.25755557632310216,0.02956914900857637,43.87222392578125,26470.0,17542.0,0.7110244924716862,-9.194243395944207,3.428328832782642,3.321995816467602,3.6404446269355146,0.9998289818720785,val
ext_otcfm_s1,seeded8_zero_thr0.5,0.050700351842244466,0.25283823302989356,0.04357732669987956,64.6563833984375,17860.0,17542.0,0.7755507785648649,-7.15638030799924,3.4092788170836834,3.313886050032721,3.6129860771556093,0.9998859879147189,val
ext_otcfm_s1,seeded10_zero_thr0.5,0.042167886225382485,0.2528459942435917,0.03474391718062532,51.55011103515625,17860.0,17542.0,0.7755202933084965,-7.156752847181787,3.409519208518888,3.31368209522154,3.612693401042967,0.9998289818720785,val
ext_otcfm_s1,seeded8_zero_thr0.7,0.0423713919321696,0.2560592711968837,0.034841363656594626,51.6946939453125,17860.0,17542.0,0.7144392344392143,-9.074136761272936,3.4530143935308084,3.3509374283436406,3.6380457221911002,0.9998859879147189,val
ext_otcfm_s1,seeded10_zero_thr0.7,0.037311332066853845,0.25606497315106624,0.02960279400792901,43.9221435546875,17860.0,17542.0,0.7144257363868264,-9.074307985390595,3.4531301257986504,3.3510118347348947,3.6379123513022917,0.9998289818720785,val
ext_otcfm_s2,seeded8_zero_thr0.5,0.052267528788248696,0.25505323326867424,0.045121675590754,66.9477587890625,17820.0,17542.0,0.7753190682504773,-7.174564269830992,3.387858374324432,3.2961363258672876,3.6157727780773055,0.9998859879147189,val
ext_otcfm_s2,seeded10_zero_thr0.5,0.04321160869598389,0.2550582291910229,0.03574646354926952,53.0376052734375,17820.0,17542.0,0.7753149312673141,-7.174607920083988,3.3878712202936465,3.2961363258672876,3.615718456330442,0.9998289818720785,val
ext_otcfm_s2,seeded8_zero_thr0.7,0.04330754191080729,0.25800704165519084,0.03574186499501185,53.03078232421875,17820.0,17542.0,0.7130099671787214,-9.13035957360129,3.4336647245241867,3.3390415960810995,3.6448325467915685,0.9998859879147189,val
ext_otcfm_s2,seeded10_zero_thr0.7,0.03795936622619629,0.2580104340634405,0.030205108717855166,44.8158076171875,17820.0,17542.0,0.7130058301955584,-9.130403223854286,3.433652534780133,3.3390415960810995,3.644748466971651,0.9998289818720785,val
empty image,-,0.032462771542867024,0.4894062875658793,0.016361016174251425,24.275115380859376,,,,,,,,,jewel
pilot_otcfm_s0,seeded8_zero_thr0.5,0.0456887020111084,0.21456723537408204,0.03973776762739889,58.95959541015625,26470.0,16720.0,0.7699743732420323,-5.689751292472821,3.2932204445215185,3.2131933476679233,3.4819138982267535,0.9991626794258374,jewel
pilot_otcfm_s0,seeded10_zero_thr0.5,0.03576585483551025,0.21498145513450556,0.02945066358232789,43.69644580078125,26470.0,16720.0,0.768154819825081,-5.711991692159735,3.3217546575219354,3.236419718030473,3.5091635694610592,0.9935406698564593,jewel
pilot_otcfm_s0,seeded8_zero_thr0.7,0.03575297832489013,0.21373018700590557,0.02948142485300093,43.74208681640625,26470.0,16720.0,0.6938511869928308,-7.483192025845131,3.28070398197243,3.2078788579173048,3.4683320958216126,0.9991626794258374,jewel
pilot_otcfm_s0,seeded10_zero_thr0.7,0.029904580815633137,0.21416515840308972,0.02341161378559191,34.736205859375,26470.0,16720.0,0.6926162943978939,-7.498383534097216,3.2955031094755256,3.2318778352617246,3.4819192180012988,0.9935406698564593,jewel
ext_otcfm_s1,seeded8_zero_thr0.5,0.045406471761067706,0.21340926789316322,0.03948639630463774,58.58663154296875,17860.0,16720.0,0.7731115541964556,-5.5917860722427735,3.3037776903752363,3.1987388015588714,3.484153778098078,0.9989832535885167,jewel
ext_otcfm_s1,seeded10_zero_thr0.5,0.035556129201253256,0.21384631258618933,0.029273547683327347,43.43365595703125,17860.0,16720.0,0.7711934031297517,-5.61534115050398,3.334963178955749,3.2191332222533457,3.512817388748583,0.9930023923444976,jewel
ext_otcfm_s1,seeded8_zero_thr0.7,0.03554168955485026,0.21257145978346992,0.02930352222359677,43.4781296875,17860.0,16720.0,0.6965226441258714,-7.394577218727632,3.2898096621109887,3.2116654539567793,3.4688991080322547,0.9989832535885167,jewel
ext_otcfm_s1,seeded10_zero_thr0.7,0.0297582581837972,0.21301905120169573,0.02330052222660021,34.57137744140625,17860.0,16720.0,0.6952471249710516,-7.410329178560294,3.3057480440660387,3.236202949767116,3.48285090115075,0.9930023923444976,jewel
ext_otcfm_s2,seeded8_zero_thr0.5,0.04708059819539388,0.21520172927591752,0.04115635364700819,61.064375390625,17820.0,16720.0,0.7750747884663921,-5.580404978249062,3.3018306907439396,3.210736611227003,3.4964171170867857,0.9992822966507177,jewel
ext_otcfm_s2,seeded10_zero_thr0.5,0.03680700461069743,0.21560196409553675,0.030506635468911233,45.26320908203125,17820.0,16720.0,0.7733993269056331,-5.600841727097069,3.328658671734258,3.230962954776388,3.522714794756575,0.9941387559808612,jewel
ext_otcfm_s2,seeded8_zero_thr0.7,0.03651231327056885,0.214068522270679,0.03025559547726795,44.89073681640625,17820.0,16720.0,0.6966846975464126,-7.423508224333302,3.2889918935260254,3.2293950300732748,3.4812327516632364,0.9992822966507177,jewel
ext_otcfm_s2,seeded10_zero_thr0.7,0.03051417293548584,0.21447709043209906,0.024031695891912428,35.65623212890625,17820.0,16720.0,0.6955980222010869,-7.436861898767892,3.3024300347264415,3.2526324465152863,3.49391692446038,0.9941387559808612,jewel
