model,readout,l1_sig,l1_in,l1_out,abs_err_out_gev,step,mse_sig,mse_in,mse_out,n_jets,jes,bias,jer,jer_iqr,jer_cal,jet_in_region,truth
empty image,-,0.04914237785339355,0.6340424513482055,0.02853140840030706,42.33251142578125,,,,,,,,,,,,val
ext_otcfm1_s0,coarse,0.15428387603759766,0.2739416417508406,0.15006732314499643,222.6573109375,6850.0,0.07038831481933594,0.20598313406873608,0.0656101652049484,17542.0,0.9439103599410359,-1.8657088616516528,3.443602592437466,3.3305668671808037,3.684915859857175,,val
ext_otcfm1_s0,converged,0.05114918530782064,0.3099468796217068,0.04202955773835177,62.35993359375,6850.0,0.03434649435679118,0.4619201627644698,0.019279463143997002,17542.0,0.6977191256315742,-9.794835865613114,3.503429092246833,3.4155559327710194,4.096453095866048,,val
ext_otcfm1_s0,coarse_thr0.5,0.0648418716430664,0.2527191970899893,0.05822136774190265,86.38398359375,6850.0,0.05378564618428548,0.21960023836904824,0.04794259846614698,17542.0,0.7897710900597463,-6.698330922105567,3.4311432149130208,3.3434649765093827,3.610577177480948,,val
ext_otcfm1_s0,seeded8_zero_thr0.5,0.05314123560587565,0.25272229858697404,0.046108308777802615,68.4116423828125,6850.0,0.0445109001159668,0.21961295814891332,0.03834057601646885,17542.0,0.7897505787591194,-6.698558665860435,3.43128432813742,3.3434649765093827,3.6103591066657628,0.9999429939573595,val
ext_otcfm1_s0,seeded10_zero_thr0.7,0.03843730144500732,0.25502023702034066,0.030805255623481284,45.7062552734375,6850.0,0.034255564053853355,0.23315133382936365,0.02724678669901753,17542.0,0.7271947176353357,-8.66269286795253,3.463480190350152,3.3453094066735813,3.625319548243495,0.9998859879147189,val
ext_otcfm1_s1,coarse,0.15736731491088868,0.2748163829733632,0.15322859234859376,227.347737109375,2270.0,0.07315113677978516,0.20704348881902584,0.06843297839305382,17542.0,0.9429485425225704,-1.9045981802509253,3.4358421866543054,3.336004012597765,3.695753780646604,,val
ext_otcfm1_s1,converged,0.05115979270935059,0.3114642204807866,0.04198706953756788,62.2968931640625,2270.0,0.03494315401713054,0.46889156592003317,0.01965148645988065,17542.0,0.6955954223162036,-9.848100081529575,3.5461054595503385,3.4756169131811325,4.130407089104144,,val
ext_otcfm1_s1,coarse_thr0.5,0.06702067883809408,0.2532316463886853,0.06045889364624258,89.7038369140625,2270.0,0.05621917533874512,0.22035149406347515,0.05043540728481826,17542.0,0.7919767673301221,-6.639529262650803,3.4149674511530788,3.3228575874028867,3.6185510218607364,,val
ext_otcfm1_s1,seeded8_zero_thr0.5,0.05556837819417318,0.25323483380488787,0.048602919843782115,72.112937109375,2270.0,0.04706640294392904,0.22036451269279375,0.04095964693006644,17542.0,0.79195556374727,-6.6397645483809615,3.41510961553036,3.3228575874028867,3.618332730781278,0.9999429939573595,val
ext_otcfm1_s1,seeded10_zero_thr0.7,0.039669330978393556,0.2553657952425797,0.03206852271480212,47.58058505859375,2270.0,0.035836994616190596,0.2336243018465848,0.028867277017364475,17542.0,0.7295077090256039,-8.599981025501826,3.4398614128330207,3.345142743426663,3.624178755600703,0.9998859879147189,val
ext_otcfm1_s2,coarse,0.1536710932413737,0.27447981311539077,0.14941398131264866,221.687937109375,6820.0,0.06974966761271159,0.20764128952164482,0.0648905814706792,17542.0,0.9417805557456457,-1.9415091299681773,3.434630302905811,3.323911295014898,3.696157287353123,,val
ext_otcfm1_s2,converged,0.05065112419128418,0.3097857722160799,0.04151962139961879,61.6033328125,6820.0,0.03441768118540446,0.46295526240117646,0.01931668269046315,17542.0,0.6962066494890264,-9.847340774052283,3.5162901002875837,3.4198043433006293,4.121085766311992,,val
ext_otcfm1_s2,coarse_thr0.5,0.06421057929992675,0.2532932061074428,0.05754760184419372,85.38430625,6820.0,0.053233223470052084,0.22141625964491785,0.04730671438254042,17542.0,0.787421568603502,-6.779047318269257,3.42418575720814,3.3271653816556825,3.6204016744538245,,val
ext_otcfm1_s2,seeded8_zero_thr0.5,0.05240936279296875,0.2532962991992867,0.04533041982225677,67.2574759765625,6820.0,0.04387185503641764,0.22142902938867595,0.03761501693263145,17542.0,0.7874010106761109,-6.77927544094956,3.4243198580007848,3.3271653816556825,3.620181903882085,0.9998859879147189,val
ext_otcfm1_s2,seeded10_zero_thr0.7,0.038097095171610515,0.2557080133552235,0.030428825055355938,45.14773916015625,6820.0,0.03391148789723714,0.23507634596788132,0.026822751514415342,17542.0,0.7249992637304545,-8.738669505210114,3.454555928420797,3.338538071594917,3.633282827495265,0.9998859879147189,val
ext_otcfm1_bias1_s0,coarse,0.14421001942952474,0.2786903348186749,0.1394711423260608,206.935586328125,6790.0,0.0575496883392334,0.21946276902128956,0.05184412400073963,17542.0,0.876679186990598,-4.011257875497088,3.469251798714102,3.3807574244584746,3.7847423755504814,,val
ext_otcfm1_bias1_s0,converged,0.050952371342976886,0.3084510685309912,0.04187851747441298,62.13583271484375,6790.0,0.03407382640838623,0.45564650490782527,0.019218260978997315,17542.0,0.6983548794944271,-9.79813701423377,3.5654204073065743,3.4655402376529816,4.215249362774429,,val
ext_otcfm1_bias1_s0,coarse_thr0.5,0.052356339899698894,0.2563497192451338,0.04516792993685147,67.016387109375,6790.0,0.04249740111033122,0.2361432651331984,0.03567362141515832,17542.0,0.745927445310256,-8.100858027246494,3.4477690478539738,3.345510003476606,3.6871556425136545,,val
ext_otcfm1_bias1_s0,seeded8_zero_thr0.5,0.03818135197957357,0.2563597199619242,0.03049308528822629,45.24308310546875,6790.0,0.03119629014333089,0.2361779816336988,0.023973054354201273,17542.0,0.7458930318784331,-8.10127123755069,3.448039148895127,3.3457920761617403,3.686835099862229,0.9998289818720785,val
ext_otcfm1_bias1_s0,seeded10_zero_thr0.7,0.03282229696909587,0.26104142592475377,0.024780209918352645,36.76679765625,6790.0,0.028264009284973145,0.2526393856078108,0.020357369935564747,17542.0,0.6895130600013625,-9.868577542075029,3.5264313923517108,3.4448077185583434,3.747720295428182,0.9996009577015164,val
ext_pieces_s0,coarse,0.03673507633209228,0.22146314445465115,0.03022554627604731,44.84613115234375,13940.0,0.024412320200602213,0.17996317321143981,0.01893094970392206,17542.0,0.8882956735257369,-3.657600278417274,3.8609592434374744,3.5554653984957754,4.2490963838392775,,val
ext_pieces_s0,converged,0.03284162267049154,0.22779201754954564,0.025971873780721973,38.53488857421875,13940.0,0.026233724021911622,0.21145121006982798,0.019706947984752678,17542.0,0.8804209797676099,-3.9613149695624212,4.064228549626262,3.6934215638971577,4.644799927683478,,val
ext_pieces_s0,coarse_thr0.5,0.02975221824645996,0.23158284021679257,0.0226400209676856,33.59136474609375,13940.0,0.02660292854309082,0.20915974359493897,0.020169910315856236,17542.0,0.7660890965139917,-7.476271710799747,3.8437349820205515,3.5971930682703332,4.13634869823825,,val
ext_pieces_s0,seeded8_zero_thr0.5,0.029202195612589518,0.23168274185348345,0.022067095914401737,32.74130659179688,13940.0,0.02655624802907308,0.20991890946083852,0.02009483271583399,17542.0,0.7659373716963247,-7.479097638294914,3.8520585675383723,3.599280688919961,4.142468033934754,0.9987458670619086,val
ext_pieces_s0,seeded10_zero_thr0.7,0.02938304360707601,0.23846274407483142,0.022015400238659194,32.6646048828125,13940.0,0.02759137096405029,0.22598171830680627,0.020600403103551847,17542.0,0.7344332032962825,-8.459995383915125,3.9064833912831745,3.6722010731962187,4.167516319606204,0.9977197582943792,val
empty image,-,0.032462771542867024,0.4894062875658793,0.016361016174251425,24.275115380859376,,,,,,,,,,,,jewel
ext_otcfm1_s0,coarse,0.15349220835367838,0.24675304920553395,0.15020588776128344,222.863006640625,6850.0,0.07033052736918131,0.17389706628937215,0.06668105381764722,16720.0,0.9922102551463551,-0.45067862514673807,3.390777181457763,3.326819330078306,3.577595472626754,,jewel
ext_otcfm1_s0,converged,0.046917233530680336,0.2582152335146756,0.039471523065325774,58.5645638671875,6850.0,0.024602091153462728,0.37267296450015447,0.012336784817003663,16720.0,0.6965837952780084,-7.725092085012409,3.4340976915734265,3.3552662543317315,3.6267226182296275,,jewel
ext_otcfm1_s0,coarse_thr0.5,0.05966990089416504,0.21394759028631835,0.05423347040049286,80.4671138671875,6850.0,0.05169482714335124,0.1823642743587083,0.04709030296216054,16720.0,0.7881798154217495,-5.219273505684291,3.3265327397720355,3.2283501593248327,3.498297111195575,,jewel
ext_otcfm1_s0,seeded8_zero_thr0.5,0.04818822072347005,0.21400913962227194,0.04234503016234196,62.828034765625,6850.0,0.042515012868245446,0.1827356786921611,0.03757392301321678,16720.0,0.788004588985249,-5.221374733881517,3.3294705773645634,3.229787563553026,3.5009437178804625,0.9992224880382775,jewel
ext_otcfm1_s0,seeded10_zero_thr0.7,0.03130088602701823,0.21281273725228636,0.02490477918839012,36.95164052734375,6850.0,0.030226514943440756,0.19362837906503458,0.02446856762071466,16720.0,0.7083382367356269,-7.085616114179484,3.32023890599792,3.2542513599211946,3.4882158413312965,0.9941985645933015,jewel
ext_otcfm1_s1,coarse,0.15666927490234375,0.2476265987875336,0.1534641245207096,227.697307421875,2270.0,0.07315949923197429,0.1743441263087988,0.06959395917274411,16720.0,0.9917653963776981,-0.48021593555879366,3.410307781066401,3.3391859904318233,3.6097618475654665,,jewel
ext_otcfm1_s1,converged,0.04667964413960775,0.25877580041098924,0.03920580926490034,58.17031982421875,2270.0,0.024765337117513022,0.37401067178789915,0.012458645492968386,16720.0,0.6926225979332912,-7.780929243564606,3.4529458362725647,3.3579685672112443,3.6753381228551993,,jewel
ext_otcfm1_s1,coarse_thr0.5,0.06194774258931478,0.21438897255706427,0.056576025238996915,83.942801953125,2270.0,0.05421309026082357,0.18249439561984238,0.049692718940317016,16720.0,0.7921818779456549,-5.146128281708539,3.346564879100646,3.2455018045638915,3.5318639241137757,,jewel
ext_otcfm1_s1,seeded8_zero_thr0.5,0.05076909014383952,0.2144550219723037,0.045001132180939714,66.7689380859375,2270.0,0.04522142677307129,0.1828591355212554,0.04037135473479576,16720.0,0.792026270928949,-5.148072794978129,3.349485671240948,3.2469657193827928,3.534638547643556,0.9992822966507177,jewel
ext_otcfm1_s1,seeded10_zero_thr0.7,0.03262748463948568,0.21297521640426934,0.026272398596997298,38.98080048828125,2270.0,0.03190620231628418,0.1933477159795986,0.026217333194967423,16720.0,0.7123643011519141,-7.010205812916231,3.3324780651163812,3.26500122771606,3.5127823300513077,0.994677033492823,jewel
ext_otcfm1_s2,coarse,0.152679416402181,0.24698838742889678,0.1493561623213351,221.6022546875,6820.0,0.06947071660359701,0.1751684285771324,0.06574614455581602,16720.0,0.9894154952426546,-0.5241520575073918,3.392216574930006,3.304008203934881,3.5843980695568702,,jewel
ext_otcfm1_s2,converged,0.04642466646830241,0.25779905906587497,0.03897626479089491,57.8297408203125,6820.0,0.02463441270192464,0.3735459920225254,0.012339481045366321,16720.0,0.6951281991177173,-7.765434391589826,3.4543234799292923,3.3577578963837507,3.649770649543728,,jewel
ext_otcfm1_s2,coarse_thr0.5,0.05889557940165202,0.2142295178954345,0.053421928206222435,79.2630150390625,6820.0,0.050936270523071286,0.18377150756789593,0.04625542871227418,16720.0,0.7849931376583534,-5.299862400567132,3.326273266816387,3.219574800325907,3.5022205869709078,,jewel
ext_otcfm1_s2,seeded8_zero_thr0.5,0.04731369374593099,0.2142989761078916,0.041429474415784755,61.46960927734375,6820.0,0.04167257620493571,0.18415816370062582,0.036651674825645644,16720.0,0.7848206376275519,-5.3018686455973025,3.328730932964934,3.2213959011702826,3.504378738858635,0.9992822966507177,jewel
ext_otcfm1_s2,seeded10_zero_thr0.7,0.030831705602010092,0.21323938464684009,0.024404031440533953,36.20867265625,6820.0,0.029675424575805662,0.19523802058254547,0.023841336884270575,16720.0,0.7055011161967932,-7.157569231684699,3.3147500056427273,3.240984753381773,3.486450788297148,0.9942583732057416,jewel
ext_otcfm1_bias1_s0,coarse,0.1425163215637207,0.24882997004651594,0.13877004701486675,205.89545703125,6790.0,0.05618022308349609,0.182406886191763,0.05173225310813179,16720.0,0.9068145121390256,-2.4853338428946774,3.3670973845113217,3.309570832814527,3.5674338677676145,,jewel
ext_otcfm1_bias1_s0,converged,0.04748925514221192,0.2577977772647294,0.040078412282640044,59.465015625,6790.0,0.02458146375020345,0.37026302331630745,0.012400352344013616,16720.0,0.7010099739426157,-7.661328595277795,3.516310775634983,3.4050319352089873,3.7113501814125214,,jewel
ext_otcfm1_bias1_s0,coarse_thr0.5,0.04639727834065755,0.21456715085458938,0.0404713157007518,60.047973046875,6790.0,0.0390459857304891,0.19351700198597085,0.033602742316007767,16720.0,0.735086861288393,-6.4886695638798075,3.2693007112742345,3.1945986426079864,3.4465255098577403,,jewel
ext_otcfm1_bias1_s0,seeded8_zero_thr0.5,0.03145500462849935,0.21501477029032656,0.024986733946974957,37.07323818359375,6790.0,0.026963992309570313,0.19579770959683593,0.021014637218611236,16720.0,0.7336374958679366,-6.506433846990458,3.290692216094133,3.2125106115885536,3.4661202291784656,0.9944976076555024,jewel
ext_otcfm1_bias1_s0,seeded10_zero_thr0.7,0.02418422482808431,0.21684391313289392,0.017395291039379413,25.80968642578125,6790.0,0.022019617144266763,0.21196847204013744,0.015326207322361575,16720.0,0.6612205414317177,-8.17622643703479,3.3356760058697255,3.269444225981467,3.5043455952077025,0.9782894736842105,jewel
ext_pieces_s0,coarse,0.03369457085927328,0.19336624676162398,0.028068067270024432,41.64506435546875,13940.0,0.022424962107340494,0.15230867371010964,0.017848125536627405,16720.0,0.9383300520303803,-1.8136643894266284,4.085533665034644,3.7627485259715674,4.432689371762485,,jewel
ext_pieces_s0,converged,0.028448378499348958,0.1971603314565735,0.022503313887750044,33.38854599609375,13940.0,0.0236251433690389,0.17982589343136843,0.018120948278526408,16720.0,0.9331379912860444,-1.9991253850847912,4.37538468805706,3.943336195553383,4.8333588257351385,,jewel
ext_pieces_s0,coarse_thr0.5,0.022842933400472006,0.1930973239473724,0.016843516390631575,24.99100908203125,13940.0,0.023006047407786053,0.17322107845318593,0.017712776215522523,16720.0,0.7792458863917416,-5.5170124881575555,3.8542930701422042,3.6573736998131756,4.139266137904462,,jewel
ext_pieces_s0,seeded8_zero_thr0.5,0.02173960959116618,0.19410775775079422,0.015665708180986487,23.2434751953125,13940.0,0.022212917232513427,0.17902519031286848,0.016687173517874215,16720.0,0.7757001653102429,-5.564584404401232,3.937206740817486,3.674278443084106,4.218988150145795,0.9749401913875598,jewel
ext_pieces_s0,seeded10_zero_thr0.7,0.02118965237935384,0.19806131625267295,0.014957056508172787,22.192036767578124,13940.0,0.022159643491109212,0.1926467701442769,0.016152025352906368,16720.0,0.7345070564348756,-6.505573877164622,3.9200612315285674,3.704238768592422,4.180584442018474,0.9647727272727272,jewel
