model,observable,jewel,val,delta,delta_over_truth
"OT-CFM 1ch log(E+1), seeds 8 GeV + 0.5 GeV",core,0.4603258967399597,0.44708919525146484,0.013236701488494873,0.6999988967708483
"OT-CFM 1ch log(E+1), seeds 8 GeV + 0.5 GeV",et,18.506237030029297,18.936241149902344,-0.4300041198730469,0.2633062839577114
"OT-CFM 1ch log(E+1), seeds 8 GeV + 0.5 GeV",girth,0.17959143221378326,0.1828782707452774,-0.0032868385314941406,0.6481353063551204
"OT-CFM 1ch log(E+1), seeds 8 GeV + 0.5 GeV",mass,2.6537516117095947,2.941230058670044,-0.2874784469604492,0.41776306899798976
"OT-CFM 1ch log(E+1), seeds 8 GeV + 0.5 GeV",n1,4.9748969078063965,5.595523834228516,-0.6206269264221191,0.6171459107502628
"OT-CFM 1ch log(E+1), seeds 8 GeV + 0.5 GeV",ptd,0.4616803228855133,0.4192509949207306,0.042429327964782715,0.8607944239410663
"OT-CFM 1ch log(E+1), seeds 8 GeV + 0.5 GeV",rg,0.23059232904134877,0.24999522368854055,-0.019402894647191776,0.7248837528176919
"OT-CFM 1ch log(E+1), seeds 8 GeV + 0.5 GeV",zg,0.23060922890706698,0.24255064906842394,-0.011941420161356964,1.2522889689909762
"OT-CFM 1ch log(E+1), seeds 8 GeV + 0.5 GeV",zlead,0.3660892844200134,0.3150940537452698,0.05099523067474365,0.9022318045996466
"OT-CFM 1ch, 4 steps",core,0.3874560594558716,0.37752264738082886,0.009933412075042725,0.5253104408030878
"OT-CFM 1ch, 4 steps",et,25.104310989379883,25.661457061767578,-0.5571460723876953,0.34115966606401216
"OT-CFM 1ch, 4 steps",girth,0.1992729902267456,0.20174473524093628,-0.002471745014190674,0.48740611887495444
"OT-CFM 1ch, 4 steps",mass,4.85219144821167,5.124924182891846,-0.2727327346801758,0.39633463120760515
"OT-CFM 1ch, 4 steps",n1,5.3533525466918945,6.00713586807251,-0.6537833213806152,0.6501163358038787
"OT-CFM 1ch, 4 steps",ptd,0.35328418016433716,0.32212623953819275,0.03115794062614441,0.6321236474622838
"OT-CFM 1ch, 4 steps",rg,0.3024962468968118,0.30910428891748076,-0.006608042020668947,0.246873592101516
"OT-CFM 1ch, 4 steps",zg,0.1976778282306303,0.21135737865679544,-0.013679550426165143,1.4345655598718807
"OT-CFM 1ch, 4 steps",zlead,0.27556276321411133,0.23728448152542114,0.038278281688690186,0.6772375123712324
"OT-CFM 1ch, seeds 10 GeV + 0.7 GeV",core,0.4729000926017761,0.45959845185279846,0.013301640748977661,0.7034330915160102
"OT-CFM 1ch, seeds 10 GeV + 0.7 GeV",et,17.929168701171875,18.26804542541504,-0.33887672424316406,0.20750585135457106
"OT-CFM 1ch, seeds 10 GeV + 0.7 GeV",girth,0.17645129561424255,0.17991071939468384,-0.003459423780441284,0.6821675814811767
"OT-CFM 1ch, seeds 10 GeV + 0.7 GeV",mass,2.413060426712036,2.6960904598236084,-0.28303003311157227,0.4112986434338164
"OT-CFM 1ch, seeds 10 GeV + 0.7 GeV",n1,5.3533525466918945,6.00713586807251,-0.6537833213806152,0.6501163358038787
"OT-CFM 1ch, seeds 10 GeV + 0.7 GeV",ptd,0.488863468170166,0.4457147419452667,0.04314872622489929,0.8753893760792489
"OT-CFM 1ch, seeds 10 GeV + 0.7 GeV",rg,0.22429960024091702,0.24572677098839624,-0.021427170747479213,0.8005098324824544
"OT-CFM 1ch, seeds 10 GeV + 0.7 GeV",zg,0.23771344775783695,0.24672177525709035,-0.009008327499253399,0.944697448372102
"OT-CFM 1ch, seeds 10 GeV + 0.7 GeV",zlead,0.38797619938850403,0.3355344235897064,0.05244177579879761,0.9278247669304632
"OT-CFM 1ch, seeds 8 GeV + 0.5 GeV",core,0.44929206371307373,0.4366713762283325,0.012620687484741211,0.6674221159619922
"OT-CFM 1ch, seeds 8 GeV + 0.5 GeV",et,19.834142684936523,20.26487159729004,-0.4307289123535156,0.26375009927447873
"OT-CFM 1ch, seeds 8 GeV + 0.5 GeV",girth,0.18273383378982544,0.18574906885623932,-0.0030152350664138794,0.5945775202454132
"OT-CFM 1ch, seeds 8 GeV + 0.5 GeV",mass,3.033968925476074,3.316561460494995,-0.2825925350189209,0.41066287213409197
"OT-CFM 1ch, seeds 8 GeV + 0.5 GeV",n1,5.3533525466918945,6.00713586807251,-0.6537833213806152,0.6501163358038787
"OT-CFM 1ch, seeds 8 GeV + 0.5 GeV",ptd,0.44491589069366455,0.4049798846244812,0.03993600606918335,0.8102106016706894
"OT-CFM 1ch, seeds 8 GeV + 0.5 GeV",rg,0.2437943269171258,0.2627235114584833,-0.01892918454135753,0.7071861481299041
"OT-CFM 1ch, seeds 8 GeV + 0.5 GeV",zg,0.22677610646526863,0.23555294075752958,-0.008776834292260949,0.9204209062526723
"OT-CFM 1ch, seeds 8 GeV + 0.5 GeV",zlead,0.35029280185699463,0.30191707611083984,0.048375725746154785,0.8558862811534919
OT-CFM coarse,core,0.3886926770210266,0.37899482250213623,0.00969785451889038,0.5128534076384434
OT-CFM coarse,et,24.714702606201172,25.229793548583984,-0.5150909423828125,0.3154078662761092
OT-CFM coarse,girth,0.19893988966941833,0.2013627141714096,-0.002422824501991272,0.47775942924977377
OT-CFM coarse,mass,4.7596540451049805,5.019855499267578,-0.26020145416259766,0.3781242009550082
OT-CFM coarse,n1,5.218303203582764,5.847875595092773,-0.6295723915100098,0.626041201888495
OT-CFM coarse,ptd,0.3553244471549988,0.32414230704307556,0.031182140111923218,0.6326145999100323
OT-CFM coarse,rg,0.3011527093679346,0.30721695006685035,-0.006064240698915757,0.22655740989945852
OT-CFM coarse,zg,0.19706364003031968,0.21135178560199733,-0.014288145571677652,1.4983885371232035
OT-CFM coarse,zlead,0.27785560488700867,0.2395510971546173,0.03830450773239136,0.6777015159735876
OT-CFM coarse_thr0.5,core,0.45197823643684387,0.4397653341293335,0.012212902307510376,0.6458571381290179
OT-CFM coarse_thr0.5,et,19.40593910217285,19.803739547729492,-0.3978004455566406,0.2435868686727119
OT-CFM coarse_thr0.5,girth,0.18199919164180756,0.18495941162109375,-0.002960219979286194,0.5837290346845947
OT-CFM coarse_thr0.5,mass,2.9265408515930176,3.1997077465057373,-0.2731668949127197,0.3969655519361055
OT-CFM coarse_thr0.5,n1,5.218303203582764,5.847875595092773,-0.6295723915100098,0.626041201888495
OT-CFM coarse_thr0.5,ptd,0.45002439618110657,0.4098382294178009,0.040186166763305664,0.8152857923682288
OT-CFM coarse_thr0.5,rg,0.2412115829875548,0.25950116390137445,-0.01828958091381966,0.6832908332155099
OT-CFM coarse_thr0.5,zg,0.227127672035356,0.23704370619255719,-0.009916034157201187,1.0398880554747758
OT-CFM coarse_thr0.5,zlead,0.3552524745464325,0.30657491087913513,0.04867756366729736,0.861226540795144
OT-CFM converged,core,0.42496582865715027,0.414259135723114,0.010706692934036255,0.5662039933743209
OT-CFM converged,et,17.374013900756836,17.923053741455078,-0.5490398406982422,0.3361959421264827
OT-CFM converged,girth,0.18805229663848877,0.19087421894073486,-0.0028219223022460938,0.55645796358764
OT-CFM converged,mass,2.860821008682251,3.1228013038635254,-0.2619802951812744,0.3807092089480566
OT-CFM converged,n1,3.464569330215454,3.852416515350342,-0.3878471851348877,0.3856718007416852
OT-CFM converged,ptd,0.38649412989616394,0.34833529591560364,0.0381588339805603,0.7741558278232185
OT-CFM converged,rg,0.23211529225262093,0.2495566364307195,-0.01744134417809856,0.6516010756072899
OT-CFM converged,zg,0.21285724675629605,0.2274417952827811,-0.014584548526485053,1.5294721222970007
OT-CFM converged,zlead,0.312448650598526,0.26765406131744385,0.04479458928108215,0.7925271165287047
OT-CFM seeded10_zero,core,0.3886926770210266,0.37899482250213623,0.00969785451889038,0.5128534076384434
OT-CFM seeded10_zero,et,24.714702606201172,25.229793548583984,-0.5150909423828125,0.3154078662761092
OT-CFM seeded10_zero,girth,0.19893988966941833,0.2013627141714096,-0.002422824501991272,0.47775942924977377
OT-CFM seeded10_zero,mass,4.7596540451049805,5.019855499267578,-0.26020145416259766,0.3781242009550082
OT-CFM seeded10_zero,n1,5.218303203582764,5.847875595092773,-0.6295723915100098,0.626041201888495
OT-CFM seeded10_zero,ptd,0.3553244471549988,0.32414230704307556,0.031182140111923218,0.6326145999100323
OT-CFM seeded10_zero,rg,0.3011527093679346,0.30721695006685035,-0.006064240698915757,0.22655740989945852
OT-CFM seeded10_zero,zg,0.19706364003031968,0.21135178560199733,-0.014288145571677652,1.4983885371232035
OT-CFM seeded10_zero,zlead,0.27785560488700867,0.2395510971546173,0.03830450773239136,0.6777015159735876
OT-CFM seeded10_zero_thr0.7,core,0.47554993629455566,0.4626515805721283,0.012898355722427368,0.68210609597148
OT-CFM seeded10_zero_thr0.7,et,17.561389923095703,17.853172302246094,-0.2917823791503906,0.1786683671800909
OT-CFM seeded10_zero_thr0.7,girth,0.1758093535900116,0.17912770807743073,-0.0033183544874191284,0.6543499723792621
OT-CFM seeded10_zero_thr0.7,mass,2.3276607990264893,2.595418691635132,-0.2677578926086426,0.38910520126752357
OT-CFM seeded10_zero_thr0.7,n1,5.218303203582764,5.847875595092773,-0.6295723915100098,0.626041201888495
OT-CFM seeded10_zero_thr0.7,ptd,0.4940534234046936,0.4508841931819916,0.043169230222702026,0.8758053554931049
OT-CFM seeded10_zero_thr0.7,rg,0.2217324066587314,0.24299308291333424,-0.021260676254602845,0.7942896702327373
OT-CFM seeded10_zero_thr0.7,zg,0.2392104916234167,0.24764951129737856,-0.00843901967396185,0.8849945068509627
OT-CFM seeded10_zero_thr0.7,zlead,0.3930823802947998,0.34050601720809937,0.05257636308670044,0.930205949053459
OT-CFM seeded8_zero_thr0.5,core,0.45197823643684387,0.4397653341293335,0.012212902307510376,0.6458571381290179
OT-CFM seeded8_zero_thr0.5,et,19.40593910217285,19.803739547729492,-0.3978004455566406,0.2435868686727119
OT-CFM seeded8_zero_thr0.5,girth,0.18199919164180756,0.18495941162109375,-0.002960219979286194,0.5837290346845947
OT-CFM seeded8_zero_thr0.5,mass,2.9265408515930176,3.1997077465057373,-0.2731668949127197,0.3969655519361055
OT-CFM seeded8_zero_thr0.5,n1,5.218303203582764,5.847875595092773,-0.6295723915100098,0.626041201888495
OT-CFM seeded8_zero_thr0.5,ptd,0.45002439618110657,0.4098382294178009,0.040186166763305664,0.8152857923682288
OT-CFM seeded8_zero_thr0.5,rg,0.2412115829875548,0.25950116390137445,-0.01828958091381966,0.6832908332155099
OT-CFM seeded8_zero_thr0.5,zg,0.227127672035356,0.23704370619255719,-0.009916034157201187,1.0398880554747758
OT-CFM seeded8_zero_thr0.5,zlead,0.3552524745464325,0.30657491087913513,0.04867756366729736,0.861226540795144
regress_l1,core,0.47701603174209595,0.46503832936286926,0.011977702379226685,0.6334190174641174
regress_l1,et,22.65863800048828,22.95914077758789,-0.3005027770996094,0.18400816620182853
regress_l1,girth,0.17367029190063477,0.17653778195381165,-0.00286749005317688,0.5654435185294014
regress_l1,mass,2.7092325687408447,3.0498955249786377,-0.34066295623779297,0.49505068500459765
regress_l1,n1,5.318716049194336,5.88258171081543,-0.5638656616210938,0.5607030124975048
regress_l1,ptd,0.4543991684913635,0.4163261651992798,0.03807300329208374,0.7724145186489375
regress_l1,rg,0.1929814794973972,0.21402535957720029,-0.021043880079803096,0.7861902589004129
regress_l1,zg,0.250599881386097,0.26619067968439,-0.015590798298292963,1.6349968816855474
regress_l1,zlead,0.36021819710731506,0.314208447933197,0.04600974917411804,0.8140263016223781
"true pieces, m - b",core,0.45583850145339966,0.4457135796546936,0.010124921798706055,0.5354380844159427
"true pieces, m - b",et,23.547985076904297,23.630874633789062,-0.08288955688476562,0.05075612114756626
"true pieces, m - b",girth,0.17979750037193298,0.18236398696899414,-0.0025664865970611572,0.5060883158401993
"true pieces, m - b",mass,3.380230665206909,3.622950553894043,-0.2427198886871338,0.35272002710776373
"true pieces, m - b",n1,4.6974897384643555,5.186506748199463,-0.4890170097351074,0.4862741769603425
"true pieces, m - b",ptd,0.4569348096847534,0.42134925723075867,0.03558555245399475,0.7219498067630513
"true pieces, m - b",rg,0.21063341663275362,0.22763891650373524,-0.017005499870981627,0.6353181207836972
"true pieces, m - b",zg,0.24663167142891995,0.26209685430492835,-0.015465182876008399,1.6218236740153946
"true pieces, m - b",zlead,0.3733266294002533,0.33070147037506104,0.04262515902519226,0.7541445276311509
"true pieces, signal panel",core,0.4631512463092804,0.45065948367118835,0.012491762638092041,0.6606041598043186
"true pieces, signal panel",et,24.266695022583008,23.788803100585938,0.4778919219970703,-0.2926296291105474
"true pieces, signal panel",girth,0.17803789675235748,0.18113456666469574,-0.003096669912338257,0.610635747111576
"true pieces, signal panel",mass,3.3390629291534424,3.5519962310791016,-0.21293330192565918,0.3094342224430387
"true pieces, signal panel",n1,4.577375411987305,5.059033393859863,-0.4816579818725586,0.4789564249274887
"true pieces, signal panel",ptd,0.4812871217727661,0.4388677477836609,0.042419373989105225,0.860592480446549
"true pieces, signal panel",rg,0.20653560995421164,0.22530900650202532,-0.01877339654781368,0.7013659760649927
"true pieces, signal panel",zg,0.24440763478876573,0.25879783245561844,-0.014390197666852705,1.5090906739983214
"true pieces, signal panel",zlead,0.4050733745098114,0.35441577434539795,0.05065760016441345,0.8962582854961437
truth,core,0.43379732966423035,0.4148877263069153,0.018909603357315063,1.0
truth,et,24.97968864440918,26.612783432006836,-1.6330947875976562,1.0
truth,girth,0.1860182285308838,0.1910894513130188,-0.00507122278213501,1.0
truth,mass,4.111024856567383,4.7991623878479,-0.6881375312805176,1.0
truth,n1,5.990467071533203,6.996107578277588,-1.0056405067443848,1.0
truth,ptd,0.41699209809303284,0.3677012026309967,0.04929089546203613,1.0
truth,rg,0.2540173917649652,0.28078429690219703,-0.026766905137231845,1.0
truth,zg,0.22643953673321637,0.23597521137145797,-0.009535674638241592,1.0
truth,zlead,0.3271385431289673,0.2706173360347748,0.056521207094192505,1.0
"truth, towers > 0.5 GeV",core,0.4620605409145355,0.4436057209968567,0.018454819917678833,0.9759496044923491
"truth, towers > 0.5 GeV",et,22.231103897094727,23.474456787109375,-1.2433528900146484,0.7613476568887145
"truth, towers > 0.5 GeV",girth,0.1788974404335022,0.1838809847831726,-0.00498354434967041,0.9827105934344919
"truth, towers > 0.5 GeV",mass,3.212651014328003,3.817085027694702,-0.6044340133666992,0.87836222541436
"truth, towers > 0.5 GeV",n1,5.990467071533203,6.996107578277588,-1.0056405067443848,1.0
"truth, towers > 0.5 GeV",ptd,0.46608152985572815,0.41471415758132935,0.051367372274398804,1.0421269849715344
"truth, towers > 0.5 GeV",rg,0.2350900251627445,0.2639270706825873,-0.028837045519842813,1.077339549417369
"truth, towers > 0.5 GeV",zg,0.23904773301033522,0.24582664781664948,-0.006778914806314262,0.7109003886445852
"truth, towers > 0.5 GeV",zlead,0.36643821001052856,0.3063339591026306,0.06010425090789795,1.063392910341322
"truth, towers > 0.7 GeV",core,0.47379595041275024,0.45480722188949585,0.018988728523254395,1.0041843905683363
"truth, towers > 0.7 GeV",et,21.10115623474121,22.177043914794922,-1.075887680053711,0.6588029600145758
"truth, towers > 0.7 GeV",girth,0.1759747713804245,0.1810021996498108,-0.0050274282693862915,0.9913641118463582
"truth, towers > 0.7 GeV",mass,2.8520870208740234,3.428548812866211,-0.5764617919921875,0.8377130526792823
"truth, towers > 0.7 GeV",n1,5.990467071533203,6.996107578277588,-1.0056405067443848,1.0
"truth, towers > 0.7 GeV",ptd,0.4891146421432495,0.4372105598449707,0.05190408229827881,1.0530156089019596
"truth, towers > 0.7 GeV",rg,0.229725004469065,0.2578858676629998,-0.02816086319393482,1.052077670151116
"truth, towers > 0.7 GeV",zg,0.24016008278200957,0.24791467008031182,-0.007754587298302251,0.8132185285772524
"truth, towers > 0.7 GeV",zlead,0.3856513500213623,0.32434526085853577,0.06130608916282654,1.0846564026960719
uvcgan-s published,core,0.44198474287986755,0.42631879448890686,0.015665948390960693,0.8284652033645337
uvcgan-s published,et,24.423025131225586,25.095352172851562,-0.6723270416259766,0.4116889275086077
uvcgan-s published,girth,0.1833106279373169,0.18725807964801788,-0.003947451710700989,0.7784023459996944
uvcgan-s published,mass,3.6513495445251465,4.09468936920166,-0.44333982467651367,0.6442604923052617
uvcgan-s published,n1,5.929138660430908,6.640933990478516,-0.7117953300476074,0.7078029626630112
uvcgan-s published,ptd,0.42576271295547485,0.38571786880493164,0.04004484415054321,0.8124186784430761
uvcgan-s published,rg,0.23715007961642423,0.25695304265345775,-0.019802963037033522,0.7398301348439525
uvcgan-s published,zg,0.23104725070002274,0.24546181311399035,-0.014414562413967602,1.5116457891883035
uvcgan-s published,zlead,0.3336476683616638,0.2861786186695099,0.04746904969215393,0.8398449384325221
