truth_set,model,reference,observable,n,mean_model,mean_truth,rel_shift,w1_sigma,corr,rel_res
val,uvcgan-s published,truth,et,8827,30.77960777282715,32.784420013427734,-0.06115137040615082,0.31160772642422446,0.8715415800549272,0.5300143957138062
val,uvcgan-s published,truth,mass,8827,4.591062068939209,5.486537456512451,-0.16321320831775665,0.6648123599465829,0.6610084682419667,0.8282067775726318
val,uvcgan-s published,truth,girth,8827,0.1824326515197754,0.18667517602443695,-0.022726774215698242,0.0980360935214487,0.9669411095509176,0.26787611842155457
val,uvcgan-s published,truth,ptd,8827,0.41740667819976807,0.39776864647865295,0.04937048628926277,0.1892230366014274,0.9397048281266969,0.3620055913925171
val,uvcgan-s published,truth,core,8827,0.44329434633255005,0.4299358129501343,0.031070994213223457,0.06438752874369262,0.9762968091596961,0.2284483164548874
val,uvcgan-s published,truth,zlead,8827,0.32239970564842224,0.305081844329834,0.0567646399140358,0.12959388128182983,0.9605497614126282,0.29283785820007324
val,uvcgan-s published,truth,n1,8827,6.956157207489014,7.468789100646973,-0.06863654404878616,0.23190607396641416,0.6529765242355188,0.8281478881835938
val,uvcgan-s published,truth,zg,8718,0.24270243952564108,0.23284363580459932,0.04234087690210777,0.08777247295346031,0.40897800498910813,1.0948285488400582
val,uvcgan-s published,truth,rg,8718,0.23563799887008982,0.25885272814828314,-0.08968315475854216,0.2334647297938045,0.5969289188957403,0.8624942002976935
val,regress_l1,truth,et,8827,28.251710891723633,32.784420013427734,-0.13825802505016327,0.7042454015745777,0.8568471799036788,0.5406237244606018
val,regress_l1,truth,mass,8827,3.390202283859253,5.486537456512451,-0.3820871114730835,1.5563465011972808,0.5444590620937423,0.8719596862792969
val,regress_l1,truth,girth,8827,0.17263635993003845,0.18667517602443695,-0.0752045139670372,0.3202162636034177,0.9592364008694486,0.3402983844280243
val,regress_l1,truth,ptd,8827,0.44903647899627686,0.39776864647865295,0.1288885772228241,0.4942056183980751,0.9273573747432733,0.40341129899024963
val,regress_l1,truth,core,8827,0.4793967604637146,0.4299358129501343,0.11504263430833817,0.22648291590265124,0.973263079728706,0.29206934571266174
val,regress_l1,truth,zlead,8827,0.35083937644958496,0.305081844329834,0.1499844491481781,0.3425168258845006,0.94919728979678,0.34522461891174316
val,regress_l1,truth,n1,8827,6.0727314949035645,7.468789100646973,-0.18691886961460114,0.6312742543600888,0.6063478567413733,0.8312474489212036
val,regress_l1,truth,zg,8711,0.2614022821663866,0.23280415815331237,0.12284198117389743,0.25452147414362236,0.3479786178309728,1.1614784826535376
val,regress_l1,truth,rg,8711,0.19794658195468431,0.2586021076231609,-0.2345515519032999,0.6107293405209528,0.49042899270826973,0.909521457328648
val,OT-CFM coarse,truth,et,8827,30.760543823242188,32.784420013427734,-0.06173286586999893,0.3144516124798553,0.8700211888520999,0.5209428071975708
val,OT-CFM coarse,truth,mass,8827,5.665154457092285,5.486537456512451,0.03255550563335419,0.1895159278496645,0.6207115926876371,0.8120485544204712
val,OT-CFM coarse,truth,girth,8827,0.19492952525615692,0.18667517602443695,0.04421771317720413,0.18606011619658658,0.9678671808184501,0.26088711619377136
val,OT-CFM coarse,truth,ptd,8827,0.36059486865997314,0.39776864647865295,-0.09345577657222748,0.3581856879056788,0.9532079308704531,0.3031734824180603
val,OT-CFM coarse,truth,core,8827,0.40135619044303894,0.4299358129501343,-0.06647416204214096,0.13286610517657502,0.977538337658823,0.22506721317768097
val,OT-CFM coarse,truth,zlead,8827,0.2791840732097626,0.305081844329834,-0.08488794416189194,0.19379859352082476,0.9684837209119046,0.2528829872608185
val,OT-CFM coarse,truth,n1,8827,6.379290580749512,7.468789100646973,-0.1458735167980194,0.4926531286359631,0.6139468445046202,0.8468446135520935
val,OT-CFM coarse,truth,zg,8747,0.2102378323857772,0.23250903763294425,-0.09578640673024506,0.19822651711794714,0.39007112909752983,1.0703393997199582
val,OT-CFM coarse,truth,rg,8747,0.2805273596210173,0.25885231851893326,0.08373516306943447,0.24894690205124564,0.5670317438279636,0.8890126704204062
val,OT-CFM converged,truth,et,8827,22.58696937561035,32.784420013427734,-0.31104564666748047,1.58437454075438,0.8393303771313019,0.5466004014015198
val,OT-CFM converged,truth,mass,8827,3.5426199436187744,5.486537456512451,-0.35430678725242615,1.4431895206068837,0.5583302631710485,0.8309094309806824
val,OT-CFM converged,truth,girth,8827,0.18450650572776794,0.18667517602443695,-0.011617346666753292,0.04996907021511175,0.9694868794229873,0.24563761055469513
val,OT-CFM converged,truth,ptd,8827,0.3910997211933136,0.39776864647865295,-0.016765840351581573,0.07042595154109482,0.9527112462703784,0.3182466924190521
val,OT-CFM converged,truth,core,8827,0.43702977895736694,0.4299358129501343,0.01650005765259266,0.041685419482168355,0.9777695535107901,0.21052858233451843
val,OT-CFM converged,truth,zlead,8827,0.3117137551307678,0.305081844329834,0.021738136187195778,0.06130668353702848,0.9660281052018485,0.2635694444179535
val,OT-CFM converged,truth,n1,8827,4.447264194488525,7.468789100646973,-0.40455353260040283,1.3662838300769231,0.4337290679544109,0.9485950469970703
val,OT-CFM converged,truth,zg,8713,0.23092958601460425,0.23289961535065115,-0.008458705838053197,0.024196155673163154,0.3742905405505436,1.127082699909129
val,OT-CFM converged,truth,rg,8713,0.22205461095920995,0.2589480309859321,-0.1424742249873546,0.37125298972088544,0.5827429142063195,0.8495464157177518
val,OT-CFM coarse_thr0.5,truth,et,8827,25.456302642822266,32.784420013427734,-0.22352439165115356,1.1385670521118656,0.8714308721203395,0.5247877240180969
val,OT-CFM coarse_thr0.5,"truth, towers > 0.5 GeV",et,8827,25.456302642822266,29.778549194335938,-0.14514631032943726,0.6527505595827916,0.8833381226091415,0.4906550943851471
val,OT-CFM coarse_thr0.5,truth,mass,8827,3.7799391746520996,5.486537456512451,-0.31105196475982666,1.2670005359119787,0.6400647110630162,0.7981508374214172
val,OT-CFM coarse_thr0.5,"truth, towers > 0.5 GeV",mass,8827,3.7799391746520996,4.498167991638184,-0.15967141091823578,0.5189905960605298,0.6465617658562369,0.7854016423225403
val,OT-CFM coarse_thr0.5,truth,girth,8827,0.1806408315896988,0.18667517602443695,-0.032325372099876404,0.1443399567347726,0.9635092618810821,0.2964498698711395
val,OT-CFM coarse_thr0.5,"truth, towers > 0.5 GeV",girth,8827,0.1806408315896988,0.1804986596107483,0.0007876622257754207,0.010005730546991222,0.9644064760332283,0.2664630115032196
val,OT-CFM coarse_thr0.5,truth,ptd,8827,0.435831218957901,0.39776864647865295,0.09569022804498672,0.3667646248806953,0.9248745115121891,0.40192651748657227
val,OT-CFM coarse_thr0.5,"truth, towers > 0.5 GeV",ptd,8827,0.435831218957901,0.43760597705841064,-0.004055607598274946,0.021445609738558354,0.9306596403123353,0.37445271015167236
val,OT-CFM coarse_thr0.5,truth,core,8827,0.45430538058280945,0.4299358129501343,0.05668187513947487,0.1270052035583205,0.9736871758237834,0.2614867389202118
val,OT-CFM coarse_thr0.5,"truth, towers > 0.5 GeV",core,8827,0.45430538058280945,0.45432958006858826,-5.3264164307620376e-05,0.017424061913376695,0.9743551928666571,0.22636635601520538
val,OT-CFM coarse_thr0.5,truth,zlead,8827,0.3393547534942627,0.305081844329834,0.112340047955513,0.2564834021884376,0.9543220962592704,0.3217473328113556
val,OT-CFM coarse_thr0.5,"truth, towers > 0.5 GeV",zlead,8827,0.3393547534942627,0.3360802233219147,0.009743299335241318,0.02855809857654131,0.9569907426202453,0.29432713985443115
val,OT-CFM coarse_thr0.5,truth,n1,8827,6.379290580749512,7.468789100646973,-0.1458735167980194,0.4926531286359631,0.6139468445046202,0.8468446135520935
val,OT-CFM coarse_thr0.5,"truth, towers > 0.5 GeV",n1,8827,6.379290580749512,7.468789100646973,-0.1458735167980194,0.4926531286359631,0.6139468445046202,0.8468446135520935
val,OT-CFM coarse_thr0.5,truth,zg,8713,0.23729744097637057,0.23289354412006408,0.018909484472597226,0.04007468128330532,0.36928273178766413,1.1344850166706195
val,OT-CFM coarse_thr0.5,"truth, towers > 0.5 GeV",zg,8706,0.2373902153255147,0.24359326776242748,-0.025464794219857232,0.05438327566100885,0.44752061210938787,1.0511522001269031
val,OT-CFM coarse_thr0.5,truth,rg,8713,0.23439277696053815,0.2587393688795927,-0.09409697497710338,0.24483804790455502,0.5877844367309768,0.9107250015996475
val,OT-CFM coarse_thr0.5,"truth, towers > 0.5 GeV",rg,8706,0.23445228302158805,0.24289746090468423,-0.034768489763712114,0.08102750821267539,0.6238213679013132,0.8506580596561762
val,OT-CFM seeded10_zero,truth,et,8827,30.758899688720703,32.784420013427734,-0.061783015727996826,0.3147069434492136,0.8700020681488565,0.5212997198104858
val,OT-CFM seeded10_zero,truth,mass,8827,5.664577960968018,5.486537456512451,0.03245043009519577,0.1896165215442835,0.6203671361762665,0.812825620174408
val,OT-CFM seeded10_zero,truth,girth,8827,0.19489997625350952,0.18667517602443695,0.04405942186713219,0.18544920137136275,0.9652470862570541,0.2694581151008606
val,OT-CFM seeded10_zero,truth,ptd,8827,0.36060625314712524,0.39776864647865295,-0.0934271588921547,0.35807637266995684,0.9526377755536181,0.30485108494758606
val,OT-CFM seeded10_zero,truth,core,8827,0.401342511177063,0.4299358129501343,-0.06650597602128983,0.1327626591882051,0.9775018254894012,0.225171759724617
val,OT-CFM seeded10_zero,truth,zlead,8827,0.2792104184627533,0.305081844329834,-0.08480159193277359,0.1936014928664685,0.9682648710548696,0.2536264955997467
val,OT-CFM seeded10_zero,truth,n1,8827,6.379064083099365,7.468789100646973,-0.1459038406610489,0.49275558327434016,0.6139660716825144,0.8469218015670776
val,OT-CFM seeded10_zero,truth,zg,8746,0.21022722344613856,0.23250912145676508,-0.09583236077372485,0.1983103521433787,0.38972188858234574,1.0705346227293921
val,OT-CFM seeded10_zero,truth,rg,8746,0.2804754569032125,0.25882802910675684,0.08363633518040245,0.24883935170541785,0.5663184404041269,0.8896473247010088
val,OT-CFM seeded8_zero_thr0.5,truth,et,8827,25.455848693847656,32.784420013427734,-0.22353823482990265,1.1386373802659284,0.8714579761356834,0.524817943572998
val,OT-CFM seeded8_zero_thr0.5,"truth, towers > 0.5 GeV",et,8827,25.455848693847656,29.778549194335938,-0.14516155421733856,0.6528189193218497,0.8833523530655597,0.4906938970088959
val,OT-CFM seeded8_zero_thr0.5,truth,mass,8827,3.77982234954834,5.486537456512451,-0.31107327342033386,1.2670875028833888,0.6400807753381216,0.7981922626495361
val,OT-CFM seeded8_zero_thr0.5,"truth, towers > 0.5 GeV",mass,8827,3.77982234954834,4.498167991638184,-0.15969738364219666,0.5190738206094377,0.6465429819696293,0.7854716777801514
val,OT-CFM seeded8_zero_thr0.5,truth,girth,8827,0.18060404062271118,0.18667517602443695,-0.03252245858311653,0.14473189636672265,0.9618260658615564,0.302709698677063
val,OT-CFM seeded8_zero_thr0.5,"truth, towers > 0.5 GeV",girth,8827,0.18060404062271118,0.1804986596107483,0.0005838326760567725,0.009798562660833616,0.9625810481229871,0.2732450067996979
val,OT-CFM seeded8_zero_thr0.5,truth,ptd,8827,0.43576565384864807,0.39776864647865295,0.09552539885044098,0.3665958557756127,0.9251123248143315,0.4015287458896637
val,OT-CFM seeded8_zero_thr0.5,"truth, towers > 0.5 GeV",ptd,8827,0.43576565384864807,0.43760597705841064,-0.004205434583127499,0.02189385003667128,0.9305158864695608,0.37498345971107483
val,OT-CFM seeded8_zero_thr0.5,truth,core,8827,0.45430538058280945,0.4299358129501343,0.05668187513947487,0.1270052035583205,0.9736871758237834,0.2614867389202118
val,OT-CFM seeded8_zero_thr0.5,"truth, towers > 0.5 GeV",core,8827,0.45430538058280945,0.45432958006858826,-5.3264164307620376e-05,0.017424061913376695,0.9743551928666571,0.22636635601520538
val,OT-CFM seeded8_zero_thr0.5,truth,zlead,8827,0.3393150269985199,0.305081844329834,0.11220983415842056,0.2563225887859047,0.9545291116149035,0.32115477323532104
val,OT-CFM seeded8_zero_thr0.5,"truth, towers > 0.5 GeV",zlead,8827,0.3393150269985199,0.3360802233219147,0.009625094011425972,0.028604604330929116,0.9570979393095019,0.2940024733543396
val,OT-CFM seeded8_zero_thr0.5,truth,n1,8827,6.379064083099365,7.468789100646973,-0.1459038406610489,0.49275558327434016,0.6139660716825144,0.8469218015670776
val,OT-CFM seeded8_zero_thr0.5,"truth, towers > 0.5 GeV",n1,8827,6.379064083099365,7.468789100646973,-0.1459038406610489,0.49275558327434016,0.6139660716825144,0.8469218015670776
val,OT-CFM seeded8_zero_thr0.5,truth,zg,8712,0.2372533459039585,0.23289367240629275,0.018719587580980378,0.0396789883167156,0.36916693414547247,1.1343624582464793
val,OT-CFM seeded8_zero_thr0.5,"truth, towers > 0.5 GeV",zg,8705,0.23734609545228041,0.24360170830516928,-0.025679675632866317,0.054834806452652714,0.4477183081367268,1.0507729474478789
val,OT-CFM seeded8_zero_thr0.5,truth,rg,8712,0.23438778716676328,0.2587149717091915,-0.09403083393941801,0.24469304841490433,0.5880739001590235,0.9102640156567587
val,OT-CFM seeded8_zero_thr0.5,"truth, towers > 0.5 GeV",rg,8705,0.23444729605119113,0.2428635702678781,-0.034654329619727815,0.08079713607616036,0.6243250511266643,0.8500486042832378
val,OT-CFM seeded10_zero_thr0.7,truth,et,8827,23.544841766357422,32.784420013427734,-0.2818283140659332,1.4355504201440679,0.8697134954097271,0.5319443941116333
val,OT-CFM seeded10_zero_thr0.7,"truth, towers > 0.7 GeV",et,8827,23.544841766357422,28.537643432617188,-0.17495493590831757,0.7402141071729804,0.8908812410068122,0.47201845049858093
val,OT-CFM seeded10_zero_thr0.7,truth,mass,8827,3.1480231285095215,5.486537456512451,-0.42622771859169006,1.7361435842125579,0.6373631778800366,0.7946802377700806
val,OT-CFM seeded10_zero_thr0.7,"truth, towers > 0.7 GeV",mass,8827,3.1480231285095215,4.109745979309082,-0.23401029407978058,0.6909755877190125,0.6586498517756034,0.7665191888809204
val,OT-CFM seeded10_zero_thr0.7,truth,girth,8827,0.17557428777217865,0.18667517602443695,-0.05946633219718933,0.2627395523971881,0.9583671877623297,0.35305845737457275
val,OT-CFM seeded10_zero_thr0.7,"truth, towers > 0.7 GeV",girth,8827,0.17557428777217865,0.17808498442173004,-0.014098306186497211,0.05386900176183005,0.9622914091202663,0.2801796793937683
val,OT-CFM seeded10_zero_thr0.7,truth,ptd,8827,0.4701005518436432,0.39776864647865295,0.18184415996074677,0.6974132122818751,0.8979723972709653,0.4820092022418976
val,OT-CFM seeded10_zero_thr0.7,"truth, towers > 0.7 GeV",ptd,8827,0.4701005518436432,0.4561048746109009,0.030685218051075935,0.1276175943697068,0.9176687067862146,0.4131135046482086
val,OT-CFM seeded10_zero_thr0.7,truth,core,8827,0.4737491011619568,0.4299358129501343,0.10190658271312714,0.22840642476972844,0.9703481229964442,0.3246292769908905
val,OT-CFM seeded10_zero_thr0.7,"truth, towers > 0.7 GeV",core,8827,0.4737491011619568,0.4638369381427765,0.02136993035674095,0.04795269204086645,0.9732840561328739,0.23773334920406342
val,OT-CFM seeded10_zero_thr0.7,truth,zlead,8827,0.3679032325744629,0.305081844329834,0.20591650903224945,0.47024227462856105,0.9406957885451419,0.3880573809146881
val,OT-CFM seeded10_zero_thr0.7,"truth, towers > 0.7 GeV",zlead,8827,0.3679032325744629,0.3510379195213318,0.04804413393139839,0.11543308877413072,0.9498822167362558,0.32286903262138367
val,OT-CFM seeded10_zero_thr0.7,truth,n1,8827,6.379064083099365,7.468789100646973,-0.1459038406610489,0.49275558327434016,0.6139660716825144,0.8469218015670776
val,OT-CFM seeded10_zero_thr0.7,"truth, towers > 0.7 GeV",n1,8827,6.379064083099365,7.468789100646973,-0.1459038406610489,0.49275558327434016,0.6139660716825144,0.8469218015670776
val,OT-CFM seeded10_zero_thr0.7,truth,zg,8693,0.24634625521858217,0.23309170255423792,0.056864111931483524,0.1179864369582703,0.3380221204374189,1.1642404344973014
val,OT-CFM seeded10_zero_thr0.7,"truth, towers > 0.7 GeV",zg,8683,0.24649530556753788,0.2453009882937717,0.004868782967706049,0.011360204437643477,0.45057540059180934,1.0491516734832183
val,OT-CFM seeded10_zero_thr0.7,truth,rg,8693,0.21968592303474951,0.25859872021769287,-0.15047559844915662,0.3928567350523222,0.5694801243118639,0.9345012819574035
val,OT-CFM seeded10_zero_thr0.7,"truth, towers > 0.7 GeV",rg,8683,0.21971453624696646,0.23776108629669016,-0.07590203397373574,0.17051136883711296,0.6357169792534877,0.8336341519704922
val,"cond. CFM, 1 sample",truth,et,8827,30.660310745239258,32.784420013427734,-0.06479020416736603,0.3302780282012858,0.7850620399003939,0.6928039193153381
val,"cond. CFM, 1 sample",truth,mass,8827,4.519585132598877,5.486537456512451,-0.17624090611934662,0.7180643162228838,0.44273150517874754,1.045780897140503
val,"cond. CFM, 1 sample",truth,girth,8827,0.18256980180740356,0.18667517602443695,-0.021992074325680733,0.10009647877771333,0.9395619044871931,0.3598492741584778
val,"cond. CFM, 1 sample",truth,ptd,8827,0.41920706629753113,0.39776864647865295,0.0538967065513134,0.20656893546810626,0.8994991392896531,0.4623592495918274
val,"cond. CFM, 1 sample",truth,core,8827,0.4429187774658203,0.4299358129501343,0.030197449028491974,0.06883217137539314,0.9568127522019388,0.30622178316116333
val,"cond. CFM, 1 sample",truth,zlead,8827,0.3246457874774933,0.305081844329834,0.0641268715262413,0.1464012669448661,0.9293729090776048,0.38799095153808594
val,"cond. CFM, 1 sample",truth,n1,8827,6.852271556854248,7.468789100646973,-0.08254584670066833,0.2790864349390378,0.5170769061125114,0.9701446890830994
val,"cond. CFM, 1 sample",truth,zg,8711,0.24339202426293877,0.23269870446589275,0.04595349949021038,0.09544194294215326,0.3222681020189394,1.1757012386429566
val,"cond. CFM, 1 sample",truth,rg,8711,0.22893565497237003,0.2587342277634571,-0.115170586623467,0.2994184962035725,0.4707446538451533,0.9670017241874083
val,"cond. CFM, mean of 16",truth,et,8827,30.58000373840332,32.784420013427734,-0.06723975390195847,0.3425759257535058,0.8690706496674108,0.5113774538040161
val,"cond. CFM, mean of 16",truth,mass,8827,4.596107006072998,5.486537456512451,-0.1622937023639679,0.6610672718868311,0.6296508833747679,0.7834669351577759
val,"cond. CFM, mean of 16",truth,girth,8827,0.1827300637960434,0.18667517602443695,-0.02113356627523899,0.08826068734685086,0.9692624642710395,0.2504276633262634
val,"cond. CFM, mean of 16",truth,ptd,8827,0.40707769989967346,0.39776864647865295,0.023403186351060867,0.09181641329702576,0.954415052987238,0.31119441986083984
val,"cond. CFM, mean of 16",truth,core,8827,0.4421730041503906,0.4299358129501343,0.028462832793593407,0.054250525329404914,0.9779908748491297,0.21388299763202667
val,"cond. CFM, mean of 16",truth,zlead,8827,0.31971824169158936,0.305081844329834,0.047975312918424606,0.10984341911152522,0.9677996263280674,0.25836971402168274
val,"cond. CFM, mean of 16",truth,n1,8827,6.069332599639893,7.468789100646973,-0.18737395107746124,0.6328110739357442,0.6079471751594276,0.8302176594734192
val,"cond. CFM, mean of 16",truth,zg,8719,0.2425201285283202,0.23280895068947166,0.041713077654826194,0.08666373657152165,0.38461090063628894,1.124682536808378
val,"cond. CFM, mean of 16",truth,rg,8719,0.21926413288730318,0.2587397806958388,-0.15256891577465304,0.3972067575886071,0.5693820960089212,0.8555410509635832
jewel,uvcgan-s published,truth,et,8436,25.91286277770996,27.113298416137695,-0.044274792075157166,0.1251060147095275,0.9248470597411725,0.40767526626586914
jewel,uvcgan-s published,truth,mass,8436,3.593348741531372,4.21455717086792,-0.14739589393138885,0.4707652722220702,0.6414823597330315,0.8854488730430603
jewel,uvcgan-s published,truth,girth,8436,0.18311627209186554,0.18568547070026398,-0.01383629348129034,0.06850735440915347,0.9480158792171696,0.33355653285980225
jewel,uvcgan-s published,truth,ptd,8436,0.4480631947517395,0.429803729057312,0.042483266443014145,0.15667829040134293,0.8448075134974604,0.5765957832336426
jewel,uvcgan-s published,truth,core,8436,0.4455161690711975,0.43753740191459656,0.018235623836517334,0.04219687240880327,0.9649540516671726,0.2718880772590637
jewel,uvcgan-s published,truth,zlead,8436,0.35814422369003296,0.3412574231624603,0.04948405176401138,0.11358945568389245,0.8821973739845478,0.5013291835784912
jewel,uvcgan-s published,truth,n1,8436,5.6021809577941895,5.871858596801758,-0.04592713341116905,0.12871336105096118,0.6651398962769968,0.8651368021965027
jewel,uvcgan-s published,truth,zg,8235,0.23669215221071374,0.22875888909351075,0.034679584031202734,0.0721395582075137,0.33901993396470953,1.1603610420064834
jewel,uvcgan-s published,truth,rg,8235,0.22948562081076013,0.25011064740170214,-0.08246360882756103,0.1833856328918688,0.5635366160187409,0.8844960255659235
jewel,regress_l1,truth,et,8436,23.91801643371582,27.113298416137695,-0.11784925311803818,0.33193398651562794,0.913924334990913,0.4253552258014679
jewel,regress_l1,truth,mass,8436,2.628624200820923,4.21455717086792,-0.37629884481430054,1.2015231219528295,0.5742611312820876,0.858144223690033
jewel,regress_l1,truth,girth,8436,0.17520293593406677,0.18568547070026398,-0.05645317584276199,0.232175071502862,0.9345809163838981,0.4137030839920044
jewel,regress_l1,truth,ptd,8436,0.47044286131858826,0.429803729057312,0.09455277025699615,0.3692074409369183,0.8267086524395126,0.6304245591163635
jewel,regress_l1,truth,core,8436,0.4753510653972626,0.43753740191459656,0.0864238440990448,0.16016600409911677,0.9569532159866263,0.3356890082359314
jewel,regress_l1,truth,zlead,8436,0.3788917064666748,0.3412574231624603,0.11028121411800385,0.26565148904863856,0.8616620355396464,0.5639222264289856
jewel,regress_l1,truth,n1,8436,4.951280117034912,5.871858596801758,-0.15677803754806519,0.43593020580975345,0.6387068043984071,0.8472748398780823
jewel,regress_l1,truth,zg,8215,0.2534194486764201,0.2289119344004387,0.10706088496508907,0.22181013805490005,0.3223167137136929,1.1919054176362158
jewel,regress_l1,truth,rg,8215,0.19104891778041128,0.24997847453130786,-0.23573852453250377,0.5221814147034535,0.48634438246806805,0.8987256768623407
jewel,OT-CFM coarse,truth,et,8436,26.673675537109375,27.113298416137695,-0.016214290633797646,0.04874980268411544,0.9394896860799896,0.3443767726421356
jewel,OT-CFM coarse,truth,mass,8436,4.869197845458984,4.21455717086792,0.15532845258712769,0.49710674222258966,0.6688639820012517,0.799867570400238
jewel,OT-CFM coarse,truth,girth,8436,0.19814813137054443,0.18568547070026398,0.06711705029010773,0.25765259465280893,0.9532733191068121,0.31226056814193726
jewel,OT-CFM coarse,truth,ptd,8436,0.3672952651977539,0.429803729057312,-0.1454349011182785,0.5358491171240243,0.9180398797060416,0.3964918553829193
jewel,OT-CFM coarse,truth,core,8436,0.3940980136394501,0.43753740191459656,-0.09928154200315475,0.19128809469864974,0.9675964527583241,0.2737434506416321
jewel,OT-CFM coarse,truth,zlead,8436,0.29001834988594055,0.3412574231624603,-0.15014787018299103,0.3444166655425868,0.9427453471462646,0.33587947487831116
jewel,OT-CFM coarse,truth,n1,8436,5.06744909286499,5.871858596801758,-0.13699401915073395,0.3810319645939487,0.6659798508365222,0.8149480819702148
jewel,OT-CFM coarse,truth,zg,8287,0.20910262384854278,0.228666412991457,-0.08555602410943114,0.177097706549777,0.32683576507138823,1.1267234562870603
jewel,OT-CFM coarse,truth,rg,8287,0.2886594092773768,0.25080219139042953,0.15094452595118713,0.3876618362249022,0.567602339088585,0.8772242535604219
jewel,OT-CFM converged,truth,et,8436,19.041330337524414,27.113298416137695,-0.297712504863739,0.8384057237162309,0.9349123972870769,0.3636007606983185
jewel,OT-CFM converged,truth,mass,8436,2.9079246520996094,4.21455717086792,-0.31002843379974365,0.9899216750871807,0.6521798991171055,0.7581238150596619
jewel,OT-CFM converged,truth,girth,8436,0.18782199919223785,0.18568547070026398,0.011506169103085995,0.06070717327216044,0.9600111721251553,0.28008314967155457
jewel,OT-CFM converged,truth,ptd,8436,0.3967912495136261,0.429803729057312,-0.07680826634168625,0.2829968752699574,0.9152295581731786,0.42333903908729553
jewel,OT-CFM converged,truth,core,8436,0.42891043424606323,0.43753740191459656,-0.019717097282409668,0.0597646539754539,0.9710603792712418,0.23981139063835144
jewel,OT-CFM converged,truth,zlead,8436,0.32367008924484253,0.3412574231624603,-0.05153685435652733,0.11821770764965556,0.9424113271257034,0.3381660580635071
jewel,OT-CFM converged,truth,n1,8436,3.3851351737976074,5.871858596801758,-0.4234985113143921,1.177561660761912,0.5807329754871621,0.8567392826080322
jewel,OT-CFM converged,truth,zg,8240,0.2220014944348747,0.2292374196705135,-0.031565201030613145,0.06547763275758803,0.35466777668455707,1.1370068732908598
jewel,OT-CFM converged,truth,rg,8240,0.2281761533076122,0.2508217013447169,-0.09028544147374933,0.20032239082880895,0.6308619902714451,0.8006854221279246
jewel,OT-CFM coarse_thr0.5,truth,et,8436,21.388975143432617,27.113298416137695,-0.21112604439258575,0.5945644460060091,0.9405360628205478,0.3424515426158905
jewel,OT-CFM coarse_thr0.5,"truth, towers > 0.5 GeV",et,8436,21.388975143432617,24.407045364379883,-0.12365569919347763,0.3124684687613768,0.9458099683715153,0.32659462094306946
jewel,OT-CFM coarse_thr0.5,truth,mass,8436,3.0005812644958496,4.21455717086792,-0.2880435287952423,0.9197236323974276,0.6576436088051739,0.7977178692817688
jewel,OT-CFM coarse_thr0.5,"truth, towers > 0.5 GeV",mass,8436,3.0005812644958496,3.305522918701172,-0.09225216507911682,0.2340930221884091,0.6477941171461057,0.8131870627403259
jewel,OT-CFM coarse_thr0.5,truth,girth,8436,0.18248304724693298,0.18568547070026398,-0.017246494069695473,0.09120687336392962,0.9493885666321026,0.34013473987579346
jewel,OT-CFM coarse_thr0.5,"truth, towers > 0.5 GeV",girth,8436,0.18248304724693298,0.17902955412864685,0.019290072843432426,0.06282919363412694,0.9470176020199238,0.3229796588420868
jewel,OT-CFM coarse_thr0.5,truth,ptd,8436,0.4669926166534424,0.429803729057312,0.08652527630329132,0.31891087121261424,0.8721591075536664,0.5056907534599304
jewel,OT-CFM coarse_thr0.5,"truth, towers > 0.5 GeV",ptd,8436,0.4669926166534424,0.48103123903274536,-0.029184428974986076,0.11738530979671027,0.8755538396408672,0.4933641254901886
jewel,OT-CFM coarse_thr0.5,truth,core,8436,0.45234373211860657,0.43753740191459656,0.03384014591574669,0.08630116750986168,0.9645483345659752,0.2873905599117279
jewel,OT-CFM coarse_thr0.5,"truth, towers > 0.5 GeV",core,8436,0.45234373211860657,0.4638945162296295,-0.024899592623114586,0.04399385843585201,0.9630615910022853,0.2694193720817566
jewel,OT-CFM coarse_thr0.5,truth,zlead,8436,0.3718126714229584,0.3412574231624603,0.08953724056482315,0.2054901295850456,0.920737030014817,0.4063732624053955
jewel,OT-CFM coarse_thr0.5,"truth, towers > 0.5 GeV",zlead,8436,0.3718126714229584,0.3825368285179138,-0.028034312650561333,0.0681235133246197,0.9186399419223708,0.3994498550891876
jewel,OT-CFM coarse_thr0.5,truth,n1,8436,5.06744909286499,5.871858596801758,-0.13699401915073395,0.3810319645939487,0.6659798508365222,0.8149480819702148
jewel,OT-CFM coarse_thr0.5,"truth, towers > 0.5 GeV",n1,8436,5.06744909286499,5.871858596801758,-0.13699401915073395,0.3810319645939487,0.6659798508365222,0.8149480819702148
jewel,OT-CFM coarse_thr0.5,truth,zg,8252,0.23342407474718638,0.22901986879294162,0.019230671895225968,0.040975232797970135,0.3348398364342318,1.1668701858270294
jewel,OT-CFM coarse_thr0.5,"truth, towers > 0.5 GeV",zg,8241,0.2335179215370458,0.2397629305088232,-0.026046599274225965,0.05533704752033011,0.39136410550218464,1.103511072982178
jewel,OT-CFM coarse_thr0.5,truth,rg,8252,0.23917770550872805,0.2506959551280523,-0.045945095577792194,0.10981819932338263,0.5986295326589841,0.9105618174171929
jewel,OT-CFM coarse_thr0.5,"truth, towers > 0.5 GeV",rg,8241,0.23901271759958936,0.23303346799413047,0.025658329925422985,0.06085864003840662,0.615703846056445,0.8743348036477784
jewel,OT-CFM seeded10_zero,truth,et,8436,26.6199951171875,27.113298416137695,-0.01819414645433426,0.05432541688922236,0.9361298543860247,0.3553464412689209
jewel,OT-CFM seeded10_zero,truth,mass,8436,4.852591514587402,4.21455717086792,0.1513882279396057,0.4972525423508939,0.6589881526790508,0.8248504996299744
jewel,OT-CFM seeded10_zero,truth,girth,8436,0.19720637798309326,0.18568547070026398,0.06204527989029884,0.24448415366733034,0.8975555327739486,0.44095882773399353
jewel,OT-CFM seeded10_zero,truth,ptd,8436,0.3670980632305145,0.429803729057312,-0.14589372277259827,0.5376948034048912,0.8983986707294577,0.4408947825431824
jewel,OT-CFM seeded10_zero,truth,core,8436,0.3935151696205139,0.43753740191459656,-0.10061364620923996,0.18929141760569926,0.965294342317846,0.2795373797416687
jewel,OT-CFM seeded10_zero,truth,zlead,8436,0.2901594042778015,0.3412574231624603,-0.1497345268726349,0.3435904967818231,0.9323241819238287,0.36223340034484863
jewel,OT-CFM seeded10_zero,truth,n1,8436,5.0610480308532715,5.871858596801758,-0.13808414340019226,0.38406315582672323,0.6652131541374503,0.8183134198188782
jewel,OT-CFM seeded10_zero,truth,zg,8254,0.20879812223704627,0.22836753326527415,-0.08569261465681217,0.17737994353054654,0.3241030899928967,1.1290916723098177
jewel,OT-CFM seeded10_zero,truth,rg,8254,0.2876688213842062,0.2503134117047181,0.14923455129745242,0.3848341467560493,0.5611757903298107,0.8828836999345777
jewel,OT-CFM seeded8_zero_thr0.5,truth,et,8436,21.38625717163086,27.113298416137695,-0.21122628450393677,0.5948466733288001,0.940406359917427,0.3428964614868164
jewel,OT-CFM seeded8_zero_thr0.5,"truth, towers > 0.5 GeV",et,8436,21.38625717163086,24.407045364379883,-0.12376705557107925,0.31274978901522205,0.9456749386582818,0.3270609676837921
jewel,OT-CFM seeded8_zero_thr0.5,truth,mass,8436,2.999715805053711,4.21455717086792,-0.28824886679649353,0.9203795383540638,0.6572051089854619,0.7986676096916199
jewel,OT-CFM seeded8_zero_thr0.5,"truth, towers > 0.5 GeV",mass,8436,2.999715805053711,3.305522918701172,-0.09251399338245392,0.23475763099691938,0.6472582619172396,0.8142797350883484
jewel,OT-CFM seeded8_zero_thr0.5,truth,girth,8436,0.18237532675266266,0.18568547070026398,-0.017826618626713753,0.09272173415505115,0.9456117479232761,0.3527161478996277
jewel,OT-CFM seeded8_zero_thr0.5,"truth, towers > 0.5 GeV",girth,8436,0.18237532675266266,0.17902955412864685,0.0186883807182312,0.060757598062429335,0.9430195325821129,0.33512234687805176
jewel,OT-CFM seeded8_zero_thr0.5,truth,ptd,8436,0.4670381546020508,0.429803729057312,0.08663123100996017,0.32056037905210616,0.865955623185912,0.5198549032211304
jewel,OT-CFM seeded8_zero_thr0.5,"truth, towers > 0.5 GeV",ptd,8436,0.4670381546020508,0.48103123903274536,-0.029089761897921562,0.11718160790388227,0.8689563686041201,0.50786954164505
jewel,OT-CFM seeded8_zero_thr0.5,truth,core,8436,0.4524001479148865,0.43753740191459656,0.03396908566355705,0.08676663589064836,0.9640048565929292,0.28957900404930115
jewel,OT-CFM seeded8_zero_thr0.5,"truth, towers > 0.5 GeV",core,8436,0.4524001479148865,0.4638945162296295,-0.024777978658676147,0.04370640416996318,0.9624555809576715,0.2716085612773895
jewel,OT-CFM seeded8_zero_thr0.5,truth,zlead,8436,0.37196409702301025,0.3412574231624603,0.08998096734285355,0.20684215896048688,0.9162943911884983,0.418960839509964
jewel,OT-CFM seeded8_zero_thr0.5,"truth, towers > 0.5 GeV",zlead,8436,0.37196409702301025,0.3825368285179138,-0.027638467028737068,0.06729764328596194,0.9143412990407499,0.41058409214019775
jewel,OT-CFM seeded8_zero_thr0.5,truth,n1,8436,5.066856384277344,5.871858596801758,-0.13709495961666107,0.3813126304488353,0.6657857144097244,0.8154200911521912
jewel,OT-CFM seeded8_zero_thr0.5,"truth, towers > 0.5 GeV",n1,8436,5.066856384277344,5.871858596801758,-0.13709495961666107,0.3813126304488353,0.6657857144097244,0.8154200911521912
jewel,OT-CFM seeded8_zero_thr0.5,truth,zg,8245,0.23339843186884507,0.22900348362354767,0.01919162178564119,0.04094353395624081,0.33456694972796347,1.167171085967927
jewel,OT-CFM seeded8_zero_thr0.5,"truth, towers > 0.5 GeV",zg,8234,0.2334923241840709,0.239757017635463,-0.026129343421001417,0.05549803235519599,0.39115519195779647,1.1036770468034356
jewel,OT-CFM seeded8_zero_thr0.5,truth,rg,8245,0.23887766967387133,0.25056187978887945,-0.046632034070198926,0.11018714954131421,0.5965614534532021,0.9120001305454954
jewel,OT-CFM seeded8_zero_thr0.5,"truth, towers > 0.5 GeV",rg,8234,0.23871214067783111,0.23290442714854376,0.024936037499979608,0.060132929852206946,0.6138114063837433,0.8758126556938681
jewel,OT-CFM seeded10_zero_thr0.7,truth,et,8436,19.577747344970703,27.113298416137695,-0.2779282331466675,0.7826899500178369,0.9403513836206588,0.3432740867137909
jewel,OT-CFM seeded10_zero_thr0.7,"truth, towers > 0.7 GeV",et,8436,19.577747344970703,23.329343795776367,-0.1608102023601532,0.38622834425651914,0.9503737575362442,0.3122870922088623
jewel,OT-CFM seeded10_zero_thr0.7,truth,mass,8436,2.4001777172088623,4.21455717086792,-0.4305029809474945,1.374597337184348,0.6504997599939645,0.7924439907073975
jewel,OT-CFM seeded10_zero_thr0.7,"truth, towers > 0.7 GeV",mass,8436,2.4001777172088623,2.95542573928833,-0.18787412345409393,0.4296433902044143,0.6514584233946377,0.7969083786010742
jewel,OT-CFM seeded10_zero_thr0.7,truth,girth,8436,0.17564213275909424,0.18568547070026398,-0.05408790335059166,0.23492377073306397,0.9022083003714823,0.5161262154579163
jewel,OT-CFM seeded10_zero_thr0.7,"truth, towers > 0.7 GeV",girth,8436,0.17564213275909424,0.17638975381851196,-0.004238460678607225,0.027114192218501657,0.9034153502022502,0.449813574552536
jewel,OT-CFM seeded10_zero_thr0.7,truth,ptd,8436,0.5126972794532776,0.429803729057312,0.19286373257637024,0.7299779370300031,0.7604007023380663,0.7387301325798035
jewel,OT-CFM seeded10_zero_thr0.7,"truth, towers > 0.7 GeV",ptd,8436,0.5126972794532776,0.5049396753311157,0.015363427810370922,0.09030771546587568,0.7955871843926008,0.665123701095581
jewel,OT-CFM seeded10_zero_thr0.7,truth,core,8436,0.4735317528247833,0.43753740191459656,0.08226577192544937,0.19996838446516021,0.9558071628782309,0.3677540719509125
jewel,OT-CFM seeded10_zero_thr0.7,"truth, towers > 0.7 GeV",core,8436,0.4735317528247833,0.4743492305278778,-0.0017233667895197868,0.020354760439539436,0.9566869376078114,0.29751431941986084
jewel,OT-CFM seeded10_zero_thr0.7,truth,zlead,8436,0.413074791431427,0.3412574231624603,0.2104492485523224,0.4894907923613348,0.8514810988322756,0.5923397541046143
jewel,OT-CFM seeded10_zero_thr0.7,"truth, towers > 0.7 GeV",zlead,8436,0.413074791431427,0.40284064412117004,0.025404952466487885,0.0743240770975352,0.866644043034827,0.5281452536582947
jewel,OT-CFM seeded10_zero_thr0.7,truth,n1,8436,5.0610480308532715,5.871858596801758,-0.13808414340019226,0.38406315582672323,0.6652131541374503,0.8183134198188782
jewel,OT-CFM seeded10_zero_thr0.7,"truth, towers > 0.7 GeV",n1,8436,5.0610480308532715,5.871858596801758,-0.13808414340019226,0.38406315582672323,0.6652131541374503,0.8183134198188782
jewel,OT-CFM seeded10_zero_thr0.7,truth,zg,8170,0.24141864631212023,0.22860338831347096,0.05605891536951512,0.11633649828304522,0.32917951461060496,1.1845750384313742
jewel,OT-CFM seeded10_zero_thr0.7,"truth, towers > 0.7 GeV",zg,8149,0.24169564310732528,0.2411205519538563,0.0023850772935317586,0.01670982874634255,0.3996023536758831,1.1043884702505404
jewel,OT-CFM seeded10_zero_thr0.7,truth,rg,8170,0.22051811195835913,0.24959310298119378,-0.11648956111189247,0.269992211481537,0.570915714413573,0.9401293585098692
jewel,OT-CFM seeded10_zero_thr0.7,"truth, towers > 0.7 GeV",rg,8149,0.22049421694158142,0.22653846411704412,-0.026680887058278376,0.05119524775418678,0.5993231856246176,0.8851797105616985
jewel,"cond. CFM, 1 sample",truth,et,8436,26.314929962158203,27.113298416137695,-0.029445640742778778,0.125046561560155,0.8686730189828886,0.5333603620529175
jewel,"cond. CFM, 1 sample",truth,mass,8436,3.7083640098571777,4.21455717086792,-0.12010589241981506,0.38362209301267614,0.4739993698780027,1.0720303058624268
jewel,"cond. CFM, 1 sample",truth,girth,8436,0.18623356521129608,0.18568547070026398,0.002951736096292734,0.049604334363652275,0.8906726477597066,0.4898746907711029
jewel,"cond. CFM, 1 sample",truth,ptd,8436,0.4442879557609558,0.429803729057312,0.033699631690979004,0.1285196821456012,0.7257881899943657,0.7902579307556152
jewel,"cond. CFM, 1 sample",truth,core,8436,0.4343753755092621,0.43753740191459656,-0.0072268713265657425,0.03048311689215928,0.9265054891972617,0.3906897008419037
jewel,"cond. CFM, 1 sample",truth,zlead,8436,0.35603371262550354,0.3412574231624603,0.043299540877342224,0.10208347098722176,0.773858153386481,0.7090181112289429
jewel,"cond. CFM, 1 sample",truth,n1,8436,5.70697021484375,5.871858596801758,-0.028081122785806656,0.08526628671452688,0.5430964374339211,1.0193912982940674
jewel,"cond. CFM, 1 sample",truth,zg,8189,0.23695880129318347,0.2286537052089356,0.03632172099139601,0.07533993322528458,0.2824543887667114,1.2086940314054198
jewel,"cond. CFM, 1 sample",truth,rg,8189,0.22987711395092067,0.24976835925677981,-0.07963877156037012,0.17650359949241326,0.48301722089762067,0.9486809281263859
jewel,"cond. CFM, mean of 16",truth,et,8436,26.328479766845703,27.113298416137695,-0.028945893049240112,0.1338085788866209,0.9159500226410963,0.4127822816371918
jewel,"cond. CFM, mean of 16",truth,mass,8436,3.806878089904785,4.21455717086792,-0.09673117846250534,0.314559976562865,0.5970657841760505,0.8414020538330078
jewel,"cond. CFM, mean of 16",truth,girth,8436,0.18568970263004303,0.18568547070026398,2.279084947076626e-05,0.009076765805845065,0.9539217007729953,0.30257517099380493
jewel,"cond. CFM, mean of 16",truth,ptd,8436,0.4167745113372803,0.429803729057312,-0.03031434305012226,0.11169222094804944,0.9197893106047055,0.4059992730617523
jewel,"cond. CFM, mean of 16",truth,core,8436,0.43574970960617065,0.43753740191459656,-0.004085804335772991,0.02007754263992762,0.9680898608559427,0.2511693835258484
jewel,"cond. CFM, mean of 16",truth,zlead,8436,0.335223525762558,0.3412574231624603,-0.017681365832686424,0.04055830324931983,0.9412459794446826,0.3419276177883148
jewel,"cond. CFM, mean of 16",truth,n1,8436,4.918919086456299,5.871858596801758,-0.16228924691677094,0.4512545614865578,0.639129017339631,0.8410326838493347
jewel,"cond. CFM, mean of 16",truth,zg,8251,0.2339376722048104,0.22909844320277722,0.02112292399014659,0.04550309920319066,0.34531334520894225,1.1611913849681943
jewel,"cond. CFM, mean of 16",truth,rg,8251,0.22095589517174075,0.2506201612884859,-0.11836344675638037,0.2627248168191841,0.5948888838566436,0.8269566283749228
