model,run,backbone,n_params,gpu_h_stage,gpu_h_total,updates_stage,updates_total,updates_per_s,rollout_share,coupling_share,rollout_nfe_per_update,peak_mem_gb,selected_step,selected_gpu_h,inference,nfe,ms_per_jet
paired control,closure_paired_s0,unet,21556897,2.0002020928346447,2.0002020928346447,89830,89830,12.475128321866327,0.0,0.0,0,2.92201566696167,89830.0,2.000202092834645,ODE midpoint 32,32.0,2.967392973601818
OT-CFM U-Net l2,closure_l2_s0,unet,21556897,2.0002063120736016,2.0002063120736016,84040,84040,11.671018286230385,0.0,0.0703378628573707,0,3.017937660217285,56060.0,1.333403153481583,ODE midpoint 32,32.0,2.9640315521508454
OT-CFM U-Net shape+E,closure_se1_s0,unet,21556897,2.000029943544004,2.000029943544004,81500,81500,11.319274974840296,0.0,0.09256656182944127,0,3.017937660217285,74720.0,1.833372540442894,ODE midpoint 32,32.0,2.964415370672941
OT-CFM U-Net shape+E pool 1024,closure_se1_pool1024_s0,unet,21556897,2.000700315980034,2.000700315980034,17190,17190,2.386664290429218,0.0,0.8041914958260329,0,3.019402503967285,17190.0,2.000700315980034,ODE midpoint 32,32.0,2.9648260597139595
OT-CFM UVCGAN l2,closure_uvcgan_l2_s0,uvcgan,32282803,2.000062476955354,2.000062476955354,122810,122810,17.05641162811055,0.0,0.10324960048427911,0,3.5235629081726074,102330.0,1.6666721840099328,ODE midpoint 32,32.0,1.6244234159588813
bridge pretrained eps 1,dsbm_pre_e1_s0,uvcgan,32775475,0.5000036894757715,0.5000036894757715,26905,26905,14.947111928207597,0.0,0.0,0,3.580437660217285,26905.0,0.5000036894757715,SDE 30 steps,30.0,1.526170663535595
bridge continued eps 1,dsbm_cont_e1_s0,uvcgan,32775475,1.500009907376435,2.0000135968522064,80620,107525,14.929531021307078,0.0,0.0,0,3.824843406677246,89615.0,1.6666796650944484,SDE 30 steps,30.0,1.525602823868394
alpha-DSBM eps 1,dsbm_ref_e1_s0,uvcgan,32775475,1.5001259577750332,2.0001296472508048,9023,35928,1.6707856269658392,0.8885223001123396,0.0,7680,3.8257436752319336,35928.0,2.0001296472508048,SDE 30 steps,30.0,1.5260508000850677
bridge pretrained eps 0.25,dsbm_pre_e025_s0,uvcgan,32775475,0.5000063047413197,0.5000063047413197,27047,27047,15.025921642013026,0.0,0.0,0,3.578850746154785,9008.0,0.16667294122278695,SDE 30 steps,30.0,1.525397304072976
bridge continued eps 0.25,dsbm_cont_e025_s0,uvcgan,32775475,1.5000068484453692,2.000013153186689,81203,108250,15.03752393681848,0.0,0.0,0,3.8297719955444336,81240.0,1.5000151805579662,SDE 30 steps,30.0,1.5266352050006389
alpha-DSBM eps 0.25,dsbm_ref_e025_s0,uvcgan,32775475,1.5001097670363055,2.000116071777625,8707,35754,1.6122894232529692,0.8918139263501298,0.0,7680,3.832137107849121,35754.0,2.0001160717776254,SDE 30 steps,30.0,1.5252080038189888
