stage,update,c_star,c_fwd,offdiag_fwd,c_bwd,offdiag_bwd,var_x1_hat,var_x0_hat,mean_x1_hat,mean_x0_hat
pretrain,1000,1.5615528128088303,1.3742516040802002,0.06739509105682373,1.3689789772033691,0.0772620141506195,3.7534360885620117,0.9232742786407471,0.10665960609912872,0.0533183291554451
pretrain,2000,1.5615528128088303,1.3745970726013184,0.06600969284772873,1.3693301677703857,0.07234705984592438,3.754270315170288,0.9235247373580933,0.04206646978855133,0.027923202142119408
pretrain,3000,1.5615528128088303,1.3747451305389404,0.07038433849811554,1.3694250583648682,0.07051214575767517,3.754652500152588,0.9236258864402771,0.030036086216568947,0.026277238503098488
pretrain,4000,1.5615528128088303,1.3761072158813477,0.07460657507181168,1.3707318305969238,0.06893264502286911,3.7606494426727295,0.9249958992004395,0.020672447979450226,0.02687421254813671
pretrain,5000,1.5615528128088303,1.376113772392273,0.07326481491327286,1.370719075202942,0.06315411627292633,3.7606348991394043,0.9249821901321411,0.021082378923892975,0.023689009249210358
pretrain,6000,1.5615528128088303,1.375800609588623,0.07029181718826294,1.3703701496124268,0.0689331516623497,3.7592153549194336,0.9246267676353455,0.022284450009465218,0.025141853839159012
pretrain,7000,1.5615528128088303,1.375272512435913,0.07448186725378036,1.3698986768722534,0.07097198069095612,3.7569475173950195,0.924163818359375,0.024908019229769707,0.02599986270070076
pretrain,8000,1.5615528128088303,1.376085638999939,0.0702829509973526,1.370727777481079,0.0696907490491867,3.7604074478149414,0.9250295758247375,0.028508372604846954,0.02650424651801586
pretrain,9000,1.5615528128088303,1.3758656978607178,0.07032310217618942,1.3705376386642456,0.07284561544656754,3.759458541870117,0.9248122572898865,0.023040544241666794,0.02501106634736061
pretrain,10000,1.5615528128088303,1.3756232261657715,0.07133614271879196,1.3702870607376099,0.07364540547132492,3.7583088874816895,0.9245110154151917,0.024475015699863434,0.022876175120472908
refine,1000,1.5615528128088303,1.5566800832748413,0.06553823500871658,1.5551848411560059,0.07734470069408417,4.501870155334473,1.1148954629898071,0.031766608357429504,0.03924556076526642
refine,2000,1.5615528128088303,1.672546625137329,0.07843275368213654,1.683051586151123,0.07899032533168793,4.819667816162109,1.2069506645202637,0.03377057984471321,0.039174165576696396
refine,3000,1.5615528128088303,1.7232352495193481,0.090841144323349,1.7127918004989624,0.08079466223716736,4.938843250274658,1.2134671211242676,0.03430550917983055,0.041468821465969086
refine,4000,1.5615528128088303,1.7396339178085327,0.10061956942081451,1.7125535011291504,0.08533991873264313,4.964653491973877,1.2026193141937256,0.0346963107585907,0.040310315787792206
refine,5000,1.5615528128088303,1.7380390167236328,0.10811267048120499,1.7005615234375,0.08405347168445587,4.93022346496582,1.1836121082305908,0.03388688713312149,0.03948155418038368
refine,6000,1.5615528128088303,1.7233595848083496,0.10967523604631424,1.6826492547988892,0.08212722092866898,4.843852519989014,1.158982276916504,0.04685633257031441,0.047259408980607986
refine,7000,1.5615528128088303,1.6967092752456665,0.10364872962236404,1.6569547653198242,0.07680001854896545,4.6974639892578125,1.1238818168640137,0.0743335708975792,0.06082869693636894
refine,8000,1.5615528128088303,1.6630525588989258,0.09688828140497208,1.6280670166015625,0.07365767657756805,4.509301662445068,1.0841926336288452,0.07119465619325638,0.05372963845729828
