model,version,observable,error_mean,error_sd,error_p16,error_p84
E1-U,vac,cone,-5.556009292602539,2.5274658203125,-7.901432037353516,-3.1687734127044678
E1-U,med,cone,-5.668110370635986,2.7589974403381348,-8.146858215332031,-3.0980961322784424
E1-U,vac,girth,0.0027644732035696507,0.010532950051128864,-0.00703769363462925,0.012487654574215412
E1-U,med,girth,-0.0014290384715422988,0.016588008031249046,-0.016814319416880608,0.013232248835265636
E1-U,vac,mass,-0.5475990772247314,0.7545532584190369,-1.269637107849121,0.15926940739154816
E1-U,med,mass,-0.9423475861549377,0.8390255570411682,-1.7080960273742676,-0.15717291831970215
E1-U,vac,ptd,-0.016191793605685234,0.03946998342871666,-0.0523994006216526,0.019587431102991104
E1-U,med,ptd,-0.01443149708211422,0.05220145359635353,-0.06215257570147514,0.03348143771290779
E1-U,vac,zlead,-0.002725576749071479,0.041924744844436646,-0.040603768080472946,0.03442632779479027
E1-U,med,zlead,0.004431069828569889,0.0557716004550457,-0.04455055668950081,0.054686546325683594
E1-U,vac,ring,1.1007566452026367,1.2863987684249878,-0.08839432150125504,2.2634286880493164
E1-U,med,ring,-3.251858711242676,3.9229884147644043,-6.461785793304443,0.10147804021835327
E1-P,vac,cone,-5.002755641937256,2.518317461013794,-7.398455619812012,-2.6227195262908936
E1-P,med,cone,-5.526775360107422,2.7428555488586426,-8.06623649597168,-2.939852714538574
E1-P,vac,girth,0.004210184793919325,0.010536447167396545,-0.005539401900023222,0.013933226466178894
E1-P,med,girth,-0.0003029765503015369,0.016576185822486877,-0.015614354982972145,0.014290123246610165
E1-P,vac,mass,-0.4169885814189911,0.7557973265647888,-1.149653673171997,0.2941989302635193
E1-P,med,mass,-0.8960903286933899,0.8403484225273132,-1.6810671091079712,-0.11053765565156937
E1-P,vac,ptd,-0.017964061349630356,0.03915722668170929,-0.053804684430360794,0.01729021780192852
E1-P,med,ptd,-0.01576678268611431,0.05189419165253639,-0.06267615407705307,0.03166556730866432
E1-P,vac,zlead,-0.004595751874148846,0.04143927991390228,-0.04135104641318321,0.032725654542446136
E1-P,med,zlead,0.00199674884788692,0.05551818385720253,-0.0461995005607605,0.050945136696100235
E1-P,vac,ring,1.2501447200775146,0.9165533781051636,0.5619759559631348,1.9841448068618774
E1-P,med,ring,-3.7637741565704346,3.9187917709350586,-6.970887660980225,-0.3695977032184601
E1-P+ctl,vac,cone,-4.964595794677734,2.5421407222747803,-7.3852667808532715,-2.5440053939819336
E1-P+ctl,med,cone,-5.5902252197265625,2.766862392425537,-8.159402847290039,-2.971768856048584
E1-P+ctl,vac,girth,0.004140045959502459,0.01055042166262865,-0.0055563380010426044,0.013813028112053871
E1-P+ctl,med,girth,-0.00034604224492795765,0.016639064997434616,-0.01565421186387539,0.014260661788284779
E1-P+ctl,vac,mass,-0.414691686630249,0.7594736218452454,-1.1470378637313843,0.3000898063182831
E1-P+ctl,med,mass,-0.910348653793335,0.8456680178642273,-1.700257420539856,-0.11507455259561539
E1-P+ctl,vac,ptd,-0.01774807646870613,0.03924451395869255,-0.053643304854631424,0.017763439565896988
E1-P+ctl,med,ptd,-0.015185480006039143,0.0520443320274353,-0.06210341304540634,0.03204226493835449
E1-P+ctl,vac,zlead,-0.004316013306379318,0.041624318808317184,-0.04130879044532776,0.032838791608810425
E1-P+ctl,med,zlead,0.002831868827342987,0.0557161383330822,-0.0451388843357563,0.051948659121990204
E1-P+ctl,vac,ring,1.2018862962722778,0.9029254913330078,0.5341204404830933,1.9022270441055298
E1-P+ctl,med,ring,-3.8989062309265137,3.9345855712890625,-7.199563503265381,-0.46402519941329956
E1-P+abs+bal,vac,cone,-5.188689708709717,2.543952465057373,-7.616615295410156,-2.765199661254883
E1-P+abs+bal,med,cone,-5.770230293273926,2.751253604888916,-8.35704517364502,-3.16733717918396
E1-P+abs+bal,vac,girth,0.001782490173354745,0.010515782050788403,-0.007858304306864738,0.011316179297864437
E1-P+abs+bal,med,girth,-0.0031569337006658316,0.01663169264793396,-0.018357278779149055,0.011392350308597088
E1-P+abs+bal,vac,mass,-0.5341216921806335,0.7537208199501038,-1.267249345779419,0.1752350926399231
E1-P+abs+bal,med,mass,-1.008662223815918,0.8369699120521545,-1.7850384712219238,-0.22367605566978455
E1-P+abs+bal,vac,ptd,-0.011833260767161846,0.0392751470208168,-0.047595396637916565,0.023696105927228928
E1-P+abs+bal,med,ptd,-0.006538907065987587,0.0516158752143383,-0.05275368690490723,0.039823006838560104
E1-P+abs+bal,vac,zlead,0.00021127061336301267,0.0417100191116333,-0.03652741387486458,0.03768175467848778
E1-P+abs+bal,med,zlead,0.00888075865805149,0.05585073307156563,-0.039177022874355316,0.05813770741224289
E1-P+abs+bal,vac,ring,1.0457994937896729,0.8976377248764038,0.38703086972236633,1.7282397747039795
E1-P+abs+bal,med,ring,-4.070364952087402,3.9419472217559814,-7.35955286026001,-0.6335170865058899
E1-P+abs+bal+ring,vac,cone,-5.233188152313232,2.5522570610046387,-7.667964935302734,-2.803006887435913
E1-P+abs+bal+ring,med,cone,-5.8709635734558105,2.7808828353881836,-8.484883308410645,-3.251552104949951
E1-P+abs+bal+ring,vac,girth,0.0015774714993312955,0.010533693246543407,-0.008053385652601719,0.011129574850201607
E1-P+abs+bal+ring,med,girth,-0.0037189992144703865,0.016748175024986267,-0.019064608961343765,0.010837453417479992
E1-P+abs+bal+ring,vac,mass,-0.5437924861907959,0.7563722729682922,-1.2728986740112305,0.16521823406219482
E1-P+abs+bal+ring,med,mass,-1.0325428247451782,0.8446800112724304,-1.8185057640075684,-0.23346857726573944
E1-P+abs+bal+ring,vac,ptd,-0.01071033626794815,0.03942975774407387,-0.046495914459228516,0.024794379249215126
E1-P+abs+bal+ring,med,ptd,-0.0038990287575870752,0.0522763766348362,-0.050541702657938004,0.042568907141685486
E1-P+abs+bal+ring,vac,zlead,0.0013404438504949212,0.04194202274084091,-0.03558312729001045,0.03889350965619087
E1-P+abs+bal+ring,med,zlead,0.01179517712444067,0.056953612715005875,-0.03687545657157898,0.06133808568120003
E1-P+abs+bal+ring,vac,ring,1.0396887063980103,0.8788282871246338,0.3915458023548126,1.7015962600708008
E1-P+abs+bal+ring,med,ring,-4.143711090087891,3.9638800621032715,-7.480251312255859,-0.6805479526519775
E1-P+flat,vac,cone,-4.631385803222656,2.633227825164795,-7.197580337524414,-2.1331639289855957
E1-P+flat,med,cone,-5.7857666015625,2.8323042392730713,-8.49302864074707,-3.0804877281188965
E1-P+flat,vac,girth,0.0044940621592104435,0.010871541686356068,-0.005302871577441692,0.014344610273838043
E1-P+flat,med,girth,-0.0022376838605850935,0.017169004306197166,-0.018101954832673073,0.012758112512528896
E1-P+flat,vac,mass,-0.3538764417171478,0.7798746228218079,-1.1097068786621094,0.3786925673484802
E1-P+flat,med,mass,-0.9654111266136169,0.8646963238716125,-1.7969609498977661,-0.132230743765831
E1-P+flat,vac,ptd,-0.017901170998811722,0.040544673800468445,-0.054394058883190155,0.01791144348680973
E1-P+flat,med,ptd,-0.009102161042392254,0.05416218191385269,-0.057187605649232864,0.039143726229667664
E1-P+flat,vac,zlead,-0.004281471483409405,0.04321408271789551,-0.042089976370334625,0.03363335505127907
E1-P+flat,med,zlead,0.01022512186318636,0.05888877436518669,-0.04021719843149185,0.06256577372550964
E1-P+flat,vac,ring,1.3763761520385742,0.938279390335083,0.6655002236366272,2.0936965942382812
E1-P+flat,med,ring,-4.046977519989014,3.9393677711486816,-7.459279537200928,-0.5386674404144287
rho per tower (signed),vac,cone,1.2620625495910645,4.566039085388184,-3.1865530014038086,5.701347351074219
rho per tower (signed),med,cone,1.262059211730957,4.566039085388184,-3.186556339263916,5.701347351074219
rho per tower (signed),vac,girth,0.047523535788059235,0.01848122477531433,0.028935225680470467,0.06618905812501907
rho per tower (signed),med,girth,0.04645443707704544,0.02181379124522209,0.024976404383778572,0.06815643608570099
rho per tower (signed),vac,mass,3.5992867946624756,1.267809271812439,2.3730902671813965,4.830960750579834
rho per tower (signed),med,mass,3.180786371231079,1.1892961263656616,2.028075933456421,4.335860729217529
rho per tower (signed),vac,ptd,-0.14148415625095367,0.05974312871694565,-0.19860048592090607,-0.08449675142765045
rho per tower (signed),med,ptd,-0.14898158609867096,0.06508663296699524,-0.21020536124706268,-0.08747291564941406
rho per tower (signed),vac,zlead,-0.12715162336826324,0.06564147025346756,-0.19059547781944275,-0.06523528695106506
rho per tower (signed),med,zlead,-0.1356203258037567,0.07286623865365982,-0.20412351191043854,-0.06802957504987717
rho per tower (signed),vac,ring,2.4641256321864695,12.193688268947076,-9.626781864239252,14.467427672051516
rho per tower (signed),med,ring,2.464108992410149,12.193693846894394,-9.626782045362866,14.467427615948644
