model,n,cone_truth_shift,cone_shift,cone_shift_sd,cone_recovered,cone_abs_error,girth_truth_shift,girth_shift,girth_shift_sd,girth_recovered,girth_abs_error,mass_truth_shift,mass_shift,mass_shift_sd,mass_recovered,mass_abs_error,ptd_truth_shift,ptd_shift,ptd_shift_sd,ptd_recovered,ptd_abs_error,zlead_truth_shift,zlead_shift,zlead_shift_sd,zlead_recovered,zlead_abs_error,ring_truth_shift,ring_shift,ring_shift_sd,ring_recovered,ring_abs_error,lost_vac,lost_med,hard_loss_vac,hard_loss_med,hard_loss_rel_vac,hard_loss_rel_med,vac_cone_offset,vac_cone_rms,vac_ring_hat,vac_ring_true,vac_ring_excess_sd,recoil_in_bhat,survivors,cone_shift_survivors,cone_truth_shift_survivors
E1-P,20000,-6.272192478179932,-6.796212673187256,0.0352490209043026,1.0835465743167667,-0.5240201950073242,0.027363769710063934,0.022850610315799713,0.00018048165657091886,0.8350680683954025,-0.004513159394264221,-0.005125144962221384,-0.48422694206237793,0.0035315314307808876,,-0.47910179710015655,-0.0415622815489769,-0.0393650084733963,0.00047376335714943707,0.9471330015174616,0.002197273075580597,-0.04627451300621033,-0.03968201205134392,0.000639112782664597,0.8575349468511607,0.006592500954866409,6.089213848114014,1.0752952098846436,0.0098411301150918,0.17659015378769957,-5.01391863822937,0.0019,0.15365,-6.678018569946289,-9.276320457458496,-0.24806185066699982,-0.40147948265075684,-5.002755641937256,2.518317461013794,1.6539816856384277,0.4038369059562683,0.006725497543811798,5.013918876647949,0.82845,-6.311925888061523,-5.715744495391846
vac prior: syn,20000,-6.272192478179932,-6.799112319946289,0.03532939776778221,1.0840088762580926,-0.5269198417663574,0.027363769710063934,0.022697752341628075,0.00017277094593737274,0.8294819238038034,-0.00466601736843586,-0.005125144962221384,-0.47872939705848694,0.0036092745140194893,,-0.47360425209626555,-0.0415622815489769,-0.04095468670129776,0.0004737212439067662,0.9853810997607735,0.0006075948476791382,-0.04627451300621033,-0.041202008724212646,0.0006346941227093339,0.8903823303053039,0.005072504281997681,6.089213848114014,0.8242745399475098,0.008433743380010128,0.13536633143584026,-5.264939308166504,0.00145,0.12125,-6.252479553222656,-8.975423812866211,-0.232254758477211,-0.38845667243003845,-4.348841190338135,2.5359809398651123,1.4428982734680176,0.4038369059562683,0.005808636546134949,5.264939308166504,0.86105,-6.368476867675781,-5.797471523284912
vac prior x vac data,20000,-6.272192478179932,-6.837932109832764,0.03426076099276543,1.0901980660862944,-0.565739631652832,0.027363769710063934,0.02076248824596405,0.00017186156765092164,0.7587583313978833,-0.006601281464099884,-0.005125144962221384,-0.5145602822303772,0.0035735517740249634,,-0.5094351372681558,-0.0415622815489769,-0.035463184118270874,0.0004739136202260852,0.8532540273680871,0.006099097430706024,-0.04627451300621033,-0.03488843888044357,0.0006420876597985625,0.7539450253266053,0.011386074125766754,6.089213848114014,0.6733240485191345,0.006946926936507225,0.11057651534568462,-5.415889799594879,0.0023,0.1651,-6.8114118576049805,-9.50094985961914,-0.2530168294906616,-0.41120147705078125,-5.108615398406982,2.6114659309387207,1.35752534866333,0.4038369059562683,0.006405226420611143,5.415889739990234,0.81695,-6.223863124847412,-5.694674968719482
vac prior x quench data,20000,-6.272192478179932,-6.553191184997559,0.03302238881587982,1.0448007148688727,-0.28099870681762695,0.027363769710063934,0.02449095994234085,0.00018266082042828202,0.8950141081377939,-0.0028728097677230835,-0.005125144962221384,-0.42659786343574524,0.0031660685781389475,,-0.42147271847352386,-0.0415622815489769,-0.04808896407485008,0.0004859297478105873,1.1570337883925395,-0.006526682525873184,-0.04627451300621033,-0.04685605317354202,0.0006338169914670289,1.0125671807124939,-0.0005815401673316956,6.089213848114014,1.8502687215805054,0.01489965058863163,0.30386003312292625,-4.238945126533508,0.0019,0.14355,-7.074448585510254,-9.555079460144043,-0.2627876400947571,-0.4135442078113556,-5.261995792388916,2.6141104698181152,2.3160641193389893,0.4038369059562683,0.010644419118762016,4.238945484161377,0.8386,-6.123357772827148,-5.756984233856201
broad prior: syn,20000,-6.272192478179932,-6.839613914489746,0.034999947994947433,1.0904662027327434,-0.5674214363098145,0.027363769710063934,0.023645883426070213,0.00017336764722131193,0.8641310636879704,-0.003717886283993721,-0.005125144962221384,-0.4922642707824707,0.0035374436993151903,,-0.4871391258202493,-0.0415622815489769,-0.04391470551490784,0.00047313899267464876,1.056599971855704,-0.0023524239659309387,-0.04627451300621033,-0.04331405088305473,0.0006262127426452935,0.9360239161726396,0.002960462123155594,6.089213848114014,1.2479504346847534,0.010503806173801422,0.2049444256373548,-4.84126341342926,0.0015,0.1299,-6.399555683135986,-9.025282859802246,-0.23771803081035614,-0.3906145691871643,-4.257712364196777,2.5765938758850098,2.910104990005493,0.4038369059562683,0.007230462972074747,4.841263294219971,0.8525,-6.4195556640625,-5.795645713806152
broad prior x vac data,20000,-6.272192478179932,-6.888381481170654,0.034642137587070465,1.0982414052397718,-0.6161890029907227,0.027363769710063934,0.021851662546396255,0.0001729582145344466,0.7985618494062819,-0.005512107163667679,-0.005125144962221384,-0.5148295164108276,0.0035137736704200506,,-0.5097043714486063,-0.0415622815489769,-0.03795021399855614,0.0004695708630606532,0.9130926547869056,0.003612067550420761,-0.04627451300621033,-0.037018656730651855,0.0006347042508423328,0.7999793909378089,0.009255856275558472,6.089213848114014,0.7753896713256836,0.008420005440711975,0.1273382230722348,-5.31382417678833,0.003,0.17395,-6.85164213180542,-9.551368713378906,-0.2545112669467926,-0.4133836030960083,-5.0863518714904785,2.616755485534668,1.8954824209213257,0.4038369059562683,0.008711742237210274,5.31382417678833,0.80795,-6.253464221954346,-5.680305480957031
broad prior x quench data,20000,-6.272192478179932,-6.668678283691406,0.03338140994310379,1.0632132714183744,-0.3964858055114746,0.027363769710063934,0.022862378507852554,0.0001738808787195012,0.83549813311885,-0.00450139120221138,-0.005125144962221384,-0.5030841827392578,0.003314224537461996,,-0.49795903777703643,-0.0415622815489769,-0.0429236926138401,0.000472717743832618,1.032755927108066,-0.001361411064863205,-0.04627451300621033,-0.042001862078905106,0.000632830080576241,0.907667295672419,0.0042726509273052216,6.089213848114014,1.0581897497177124,0.009095235727727413,0.17378101280602273,-5.031024098396301,0.0026,0.1595,-7.277754783630371,-9.733604431152344,-0.2703396677970886,-0.4212707281112671,-5.336241245269775,2.6199517250061035,3.032700777053833,0.4038369059562683,0.008484674617648125,5.03102445602417,0.82255,-6.182196140289307,-5.727909088134766
vac x quench + UE profile,20000,-6.272192478179932,-7.176874160766602,0.03462011739611626,1.1442369132857337,-0.9046816825866699,0.027363769710063934,0.017278503626585007,0.0001768762740539387,0.6314372547957185,-0.010085266083478928,-0.005125144962221384,-0.5806324481964111,0.003726750845089555,,-0.5755073032341897,-0.0415622815489769,-0.021832553669810295,0.0004948916612192988,0.5252972853302786,0.019729727879166603,-0.04627451300621033,-0.02219809591770172,0.000674548267852515,0.47970458197415494,0.024076417088508606,6.089213848114014,-1.4556243419647217,0.02803010120987892,-0.23904963403700563,-7.544838190078735,0.0132,0.29265,-7.318632125854492,-10.231486320495605,-0.2718580961227417,-0.44281908869743347,-6.3228440284729,2.948092460632324,-3.9239754676818848,0.4038369059562683,0.03471716120839119,7.5448384284973145,0.6891,-6.4530930519104,-5.5858001708984375
rho per tower (signed),20000,-6.272192478179932,-6.272196292877197,0.033019669353961945,1.0000006081919965,-3.814697265625e-06,0.027363769710063934,0.02629467099905014,0.00014259958697948605,0.9609301378303664,-0.001069098711013794,-0.005125144962221384,-0.4236253798007965,0.004490599501878023,,-0.4185002348385751,-0.0415622815489769,-0.04905971512198448,0.00036288017872720957,1.1803903273253329,-0.007497433573007584,-0.04627451300621033,-0.0547432117164135,0.0004990202141925693,1.1830100018354945,-0.00846869871020317,6.089213848114014,6.089197358802648,0.03242440170251598,0.9999972920459393,-1.6489311366107984e-05,0.00105,0.03075,0.10445691179802695,0.1254010956316157,0.003880159005341903,0.0054273640742578625,1.2620625495910645,4.566039085388184,2.8679625310316115,0.4038369059562683,0.08361391480029673,,0.95925,-6.126554489135742,-6.126551628112793
